machine_id,temperature,vibration,pressure,rpm,current,failure
1,74.96714153011233,4.364360476965945,26.60752634756389,1471.3153567082143,10.696572495333637,0
2,68.61735698828815,4.319878837424219,28.472502684731737,1493.468819251938,10.566647185071332,0
3,76.47688538100692,2.3065352410549775,27.013094694774285,1512.8589757175164,8.126960308389018,0
4,85.23029856408026,4.504864712447844,30.5520902347306,1689.372292329236,11.159168443527477,1
5,67.65846625276664,6.099243622732617,35.98589265730956,1350.5565383026512,7.019834648846764,0
6,67.6586304305082,3.0886518213848073,26.144789214293976,1330.730601697468,8.691631348479342,0
7,85.79212815507391,6.5727239765758885,35.00410248884207,1747.323948428595,6.001824374204384,1
8,77.67434729152909,5.731662231626507,26.091639638265562,1407.4710516237403,13.117253033925628,1
9,65.30525614065049,3.898650017043443,25.761863937515578,1247.3929292845867,9.536901012109409,0
10,75.42560043585965,4.787705543993229,34.09297309171607,1402.974011580026,14.333768069632622,1
11,65.36582307187538,7.397482711461549,34.60968189003808,1433.9894529511998,11.60589985303899,1
12,65.34270246429743,6.1003217202587985,34.25704968381327,1810.992545545153,10.89619642670205,1
13,72.41962271566034,5.013175482347222,23.421012958909294,1684.9652424753474,8.827544611438002,0
14,50.86719755342202,4.643475024558524,27.670245109639747,1729.5041233264485,7.90729992862516,0
15,52.75082167486967,5.114913605677489,34.114942960016606,1663.9947284693571,11.04594314779389,0
16,64.37712470759027,4.232354663086545,30.207709202819473,1689.2487343230628,9.856971981454036,0
17,59.87168879665576,1.8428757414214783,24.63153576901268,1362.3835746839363,7.321459369029398,0
18,73.14247332595274,8.063266865802095,32.29158969562721,1460.2795689293032,6.966283166983363,1
19,60.91975924478789,5.232987498799102,26.425963705042648,1302.0169373952901,8.082592541712833,0
20,55.87696298664709,5.597220897683806,38.97262424196106,1457.9023938925934,13.64193445053246,1
21,84.65648768921554,4.913138375184637,37.724207312091295,1636.8209981869481,14.426555836022608,1
22,67.74223699513465,3.897324798913118,33.020487131777834,1526.9166569624495,10.409978294617819,0
23,70.67528204687923,4.721113278576844,36.80503352384887,1762.296163792059,10.297885592482578,0
24,55.75251813786544,2.6009078567085333,30.323956750616905,1271.7168415545561,9.327359256340959,0
25,64.55617275474818,8.415629747079958,33.82718747187508,1600.0476701396478,8.131029303380995,1
26,71.10922589709867,3.148232002366406,37.388601476510374,1250.3394396261365,12.750358115214489,0
27,58.490064225776976,3.4520505742292307,31.227493408971565,1518.8352938347284,13.747152787794272,1
28,73.75698018345672,4.339611193420399,28.72406414242858,1648.0666845112958,8.213161828321429,0
29,63.99361310081195,6.932113587278566,21.476890209114423,1457.0994866351562,9.834323243150797,0
30,67.08306250206724,5.021763498893981,29.58433237139253,1610.225320817391,9.100267398579664,0
31,63.98293387770603,3.145796305954306,34.11711592281156,1308.0535330334133,9.159521850270046,0
32,88.52278184508938,6.88150754113601,34.72816713783815,1167.2620043607235,12.371816510859723,1
33,69.86502775262066,6.096500940178222,32.52182532859205,1611.4059244975606,7.3760769092677565,0
34,59.422890710440996,5.807652435824679,27.2935045251888,1848.8020468151465,10.932939381872613,1
35,78.22544912103189,6.0736013617562605,20.115892155262046,1300.7910119660216,11.456476214611731,0
36,57.791563500289776,8.591542850873676,27.523924509976325,1744.438836021359,9.715697652796361,1
37,72.08863595004756,8.277642342554168,28.478275644730243,1508.6846817632822,11.786135653973545,1
38,50.403298761202244,3.969926985495057,28.43535516404993,1232.8616956613848,10.2953036810749,0
39,56.71813951101569,7.435827489216728,33.092781784889624,1273.6989397295674,12.434259842312224,1
40,71.96861235869123,5.57475228463835,39.928382055074195,1503.15695467213,6.955589390148292,1
41,77.3846657999541,5.748643724206624,30.617646009205465,1419.1075424151793,9.302449477986261,0
42,71.7136828118997,2.4615937525350073,28.916341054217693,1237.4174046483522,9.85637371429793,0
43,68.8435171761176,4.744421351917706,28.703890934979537,1161.192143754919,4.655585231057302,0
44,66.98896304410711,3.7807646144951526,30.62192383453857,1330.6561344146987,7.828094532842931,0
45,55.214780096325725,6.242088222339964,25.858531198258007,1538.7618016662236,8.372801491282427,0
46,62.801557916052914,6.606620750604208,30.600992793730274,1498.7198494793724,11.8964119896467,0
47,65.39361229040213,1.888270473475533,32.254061681658996,1399.7524084999843,8.5863133073708,0
48,80.57122226218915,4.966947703993594,31.04843031787244,1540.3774388582965,8.363842025388045,0
49,73.43618289568461,6.6827922571913785,32.28770967002391,1708.0053439725375,11.634971561312383,0
50,52.36959844637266,4.719981556529833,32.168738046742675,1578.8253020868297,6.764178708419891,0
51,73.24083969394795,6.093595467503547,21.14051658876778,1475.738265722084,5.857511865112856,0
52,66.14917719583684,5.526748201440626,33.18435079197702,1685.6144013321377,9.276815399861308,0
53,63.23077999694041,5.5124903479289395,26.64492577168773,1308.029939556741,7.104586463843289,0
54,76.11676288840867,4.593027532897554,24.52080418498021,1455.0160920889298,7.1806414106807015,0
55,80.30999522495951,3.1751287937964356,24.47774086072502,1459.7824128799264,11.146867583375965,0
56,79.31280119116198,3.317704778862459,32.16770805236265,1252.609348311431,11.751947675825159,0
57,61.607824767773614,6.064028771682976,28.887125363875736,1416.0251675431284,11.57772843170425,0
58,66.90787624148786,5.029187383278325,21.590156080072944,1085.0080638209395,12.217553320614465,0
59,73.31263431403563,4.792231633089163,32.390189075961416,1882.4356095325907,12.482268640029604,1
60,79.75545127122359,4.364164936516471,22.801959346005862,1312.5172423127374,5.742819582346138,0
61,65.2082576215471,4.542216731778872,30.699106792591053,1817.2228262842623,10.900823919858933,1
62,68.14341023336183,6.570367691732209,31.19249462836527,1507.6169011438985,8.940783600860883,0
63,58.93665025993972,4.49713387719796,34.42788540847523,1612.9728264311918,8.505151508019129,0
64,58.037933759193294,2.9884029300476467,38.90842393233426,1402.2400403298136,11.120829264417411,1
65,78.12525822394198,6.11547766331026,23.17661837049729,1541.5859383923348,6.539409040208497,0
66,83.56240028570824,4.692685004202924,29.737630719684752,1630.0979279976873,6.4977827882553605,0
67,69.27989878419666,5.047093798299165,28.618323524778912,1632.9104828788363,11.267145488163434,0
68,80.03532897892023,7.411367459599266,32.16874842980481,1654.9546780148714,10.975572035021795,1
69,73.61636025047635,4.969159163974239,31.07834385466809,1426.3334579921648,10.27346531174302,0
70,63.54880245394876,5.433775509678088,28.2372687863169,1403.928065501729,8.240173190553726,0
71,73.61395605508415,3.2316147630525123,27.795489056945723,1181.1647349464793,11.487659269164249,0
72,85.38036566465969,4.67049582147356,24.41774572407976,1604.6438022353873,11.360605784120953,1
73,69.64173960890048,5.914289067812902,34.93930791203255,1716.4757422646885,10.170609030094909,0
74,85.64643655814007,2.6669393992381365,32.296020907997644,1823.1963359835859,7.645357917460457,1
75,43.80254895910255,5.301267639673564,34.58884098897569,1561.0345269161016,9.149503308540986,0
76,78.21902504375224,5.151186608967209,28.448019317622432,1346.7040454182861,11.675667355048885,0
77,70.87047068238171,5.061931183381159,26.71582265652785,1160.5807713421088,12.654382445603574,0
78,67.00992649534132,6.555738347987365,24.60842466685386,1708.33334661667,9.346926793247343,0
79,70.91760776535503,5.501657772272782,31.794587918703296,1140.744686644493,9.500654064383475,0
80,50.124310853991076,7.217107847534666,24.801033877358826,1431.8791844512466,9.676621783949878,1
81,67.80328112162488,3.5096157266089456,39.24331534483275,1455.138634411271,10.549786017821944,1
82,73.57112571511746,5.203886850827522,23.4617870945328,1486.108972429796,8.837865399879952,0
83,84.77894044741517,5.126700179584921,31.36830059606251,1507.160520007168,4.2116298848568325,0
84,64.81729781726352,3.39611825936738,37.834273536068935,1527.629511273515,12.385538003294194,0
85,61.91506397106812,6.434442503137019,32.995448796319046,1016.927347584294,13.589377894325098,1
86,64.98242956415463,8.487009958779227,30.878368562458895,1502.9311819740253,8.775200280788575,1
87,79.15402117702074,4.974490888274254,25.15758176519052,1054.0848851776245,7.8666932621624515,0
88,73.28751109659684,5.75753163241065,23.091154057161482,1646.443614618199,9.725798955219556,0
89,64.70239796232961,5.126777713722991,33.85025054458793,1388.9749688392776,9.624992232542454,0
90,75.13267433113356,3.929622995139236,37.53073620387473,1068.5926549553299,11.99103715432592,0
91,70.9707754934804,2.2688595832969756,27.80575004760914,1337.1590645229248,10.109278883290076,0
92,79.68644990532889,3.941339775356952,24.304692461918243,1385.9849321630693,8.414754339257634,0
93,62.979469061226474,2.912062428572403,17.709152847254906,1738.139923511001,7.363181098883902,0
94,66.72337853402232,7.556153117088677,25.09617578168731,1539.327548350049,11.731268369639347,1
95,66.07891846867842,4.827335459115141,29.4317157875048,1568.888988870116,11.199022482328498,0
96,55.364850518678814,4.481121006429244,37.99561620418367,1736.2443268441202,12.121119756183639,0
97,72.96120277064576,6.333730737181709,33.365668461164844,1480.771142415102,8.063626498557813,0
98,72.6105527217989,3.317373345716168,31.525427023533766,1650.8375922064806,13.676873799056658,1
99,70.05113456642461,3.8497039429931714,27.999401693494345,1636.7722227863983,6.512610985885527,0
100,67.65412866624852,5.102108403872932,27.08417141372022,1242.7061012861175,11.41920204280296,0
101,55.84629257949586,6.543153487135221,37.02823798753982,1794.596715525966,6.180834465606196,0
102,65.79354677234642,5.752527567753182,31.00369270379195,1215.939643985861,8.419337236603065,0
103,66.57285483473231,5.372487713773824,19.48699654039489,1683.4733298955696,13.122045860895918,1
104,61.97722730778381,5.117176602854024,26.632301760513787,1196.5853926188734,11.662728508951979,0
105,68.3871428833399,5.600353783290163,25.708919841141867,1620.2473576303346,8.907559169025635,0
106,74.04050856814538,5.302479357693882,27.268679954112677,1872.3829756300345,8.962325914356624,1
107,88.8618590121053,3.4550415878345966,32.81455330142543,1457.4042686899577,10.201244221670883,1
108,71.74577812831839,5.069118832449727,29.462775591028752,1448.7288714293707,11.028281981521445,0
109,72.57550390722764,3.3894670116233714,29.61567296498169,1622.0879998633698,12.503158765365393,0
110,69.25554084233833,5.121623814351236,36.567365806626185,1434.1207088074914,9.087531990783011,0
111,50.812287847009586,4.279028087767638,26.51769455106656,1863.6557407485643,6.776429873025597,1
112,69.73486124550783,8.809072434174292,39.32099762943675,1538.438449891739,10.313937254097521,1
113,70.60230209941027,4.940158424372432,26.64346204314457,1435.966098355855,9.08513832498321,0
114,94.63242112485287,2.893640650607617,30.445990983062856,1391.9428944208635,7.398732590503105,1
115,68.07639035218878,4.798729683984613,28.593982022986165,1313.4103059653958,10.595337830625589,0
116,73.01547342333612,5.779038118456832,30.617095667504806,1374.449002648502,9.573772491814422,0
117,69.65288230294756,7.510045919228785,32.22295997536565,1429.8653212682807,10.61302441293959,1
118,58.31321962380468,4.115821400091923,32.16917620044438,1402.472185300284,8.211111599625639,0
119,81.4282281451502,2.62635803896454,26.2344133468971,1368.3649451725792,10.973421060650997,0
120,77.51933032686775,6.225255517146472,24.385426612762146,1919.768246070488,7.365803606490044,1
121,77.91031947043047,2.929101941150523,42.515858954528554,1293.980984702102,8.344537220606833,1
122,60.906125452052606,4.345766837738773,27.580078301997233,1529.326517529235,9.514171537825444,0
123,84.02794310936099,4.613569271733509,33.49606219335993,1618.5042019521743,13.483636829919428,1
124,55.98148937207719,4.895549820049838,21.961793447384018,1626.0215991167465,11.569650737096987,0
125,75.8685709380027,6.033746685611503,28.601936400476617,1488.2785848435055,12.154385008535579,0
126,91.90455625809979,3.9745485765704185,29.364003080087784,1451.859485630538,12.834154066686288,1
127,60.09463674869312,4.5894061217498585,32.364075349639165,1590.3094982479013,17.205664271621746,1
128,64.33702270397228,4.978594470575917,16.387729295040305,1553.30432999564,10.083178135116867,0
129,70.99651365087641,5.224396936278182,30.830703065391653,1448.2082330464973,12.840801846259712,0
130,64.965243458838,5.146740762061884,24.251292723160535,1187.624285655114,12.025270508803882,0
131,54.493365689338674,5.65400866283387,31.62172855597462,1406.4152555333505,11.992065006615052,0
132,70.68562974806028,6.265759264462606,24.818354015809184,1270.6899672585084,13.548479236080363,1
133,59.37696286273895,5.588951173476452,25.722586520372094,1366.5680899867348,9.161373938031048,0
134,74.73592430635182,5.680378285263828,28.63186194803366,1506.644647703392,9.002629952127242,0
135,60.80575765766197,2.6266652498802836,24.738352651984023,1571.7472287993232,10.639531026963724,0
136,85.4993440501754,5.07534154874852,27.622327766323224,1856.0905502584812,9.634600456156226,1
137,62.16746707663763,5.719261322002413,24.033121157283425,1392.5187242192374,10.637001705996346,0
138,66.77938483794324,6.093411791855676,20.834147741506364,1654.92512705503,13.125497570106024,1
139,78.1351721736967,3.961473838649309,35.0897852621468,1561.1920048875672,9.043706554587443,0
140,57.69135683566045,4.011441087667032,23.519756535880358,1759.199534127958,9.39064207481254,0
141,72.2745993460413,4.138848987074603,29.10659556196008,1615.2457439191253,10.348622007053153,0
142,83.07142754282428,5.804620849837015,33.76445540746892,1298.3037145427368,9.54336314794966,0
143,53.92516765438772,6.5508215823863125,26.925279487419786,1155.3907941417538,6.171988343973025,0
144,71.84633858532304,4.388809839062597,25.87417050127231,1562.252339933501,8.839744714602121,0
145,72.59882794248423,6.361943470440574,31.131190443337108,1394.3098004199219,11.37474648447501,0
146,77.81822871777311,5.185219713746891,35.58966911363576,1303.9372508098804,12.875093501865294,0
147,57.63049289121918,4.813571334256346,24.153423674567655,1246.4844590933844,7.6907628649245465,0
148,56.795433869157236,4.682923655273046,29.249260839912804,1532.1950995174311,7.681435201538314,0
149,75.21941565616898,6.119917046903236,21.33752702516336,1801.541539862673,10.06046760543467,1
150,72.96984673233186,5.488366725180605,28.03399498158905,1418.2655308587916,5.8488098702443265,0
151,72.50492850345877,8.413738141471455,30.17102342269038,1618.0540622150645,9.110059594025746,1
152,73.46448209496975,3.721663035504014,25.726876791224672,1479.5467299564814,6.527915880897213,0
153,63.19975278421509,5.777152553044964,27.715040830873843,1242.1235821793214,12.73812259968493,0
154,72.32253697161003,4.206198485282731,22.958866158462747,1646.9622687020835,8.46133769129919,0
155,72.93072473298682,3.6960695195170343,30.385393056907468,1281.0615911945258,13.305668372678054,1
156,62.85648581973632,4.983699294447542,35.27847124441575,1504.3253261187128,12.227042706916677,0
157,88.65774511144757,5.206028719110554,24.514280651147683,1431.695916998939,8.707365404605167,1
158,74.73832920911788,9.377260332590138,26.886641167238086,1678.6154869131383,7.8560807263078445,1
159,58.08696502797351,4.723781276475197,32.51273123227091,1288.3698015058626,9.612908501664823,0
160,76.5655360863383,3.3047319057729747,36.060453596613684,1578.173981560392,9.790706751483594,0
161,60.253183297726785,5.409516076241578,22.534050938955343,1332.0405185302598,10.692293887904803,0
162,77.87084603742451,1.8880399436804476,29.156076312920252,1397.778957534243,8.446913420939643,0
163,81.58595579007404,4.862064826093601,31.415654111597625,772.9599544919796,11.492789747044405,0
164,61.7931768164829,5.024037923442741,29.48971804685576,1918.4197143235817,10.5306561099998,1
165,79.63376129244321,6.191900574417817,17.616039665614565,1610.1113865652464,9.319209686568271,0
166,74.12780926936499,6.46043337414177,32.50545004654386,1346.530502812367,8.575918689163954,0
167,78.2206015999449,4.244645571638424,37.59668175545322,1275.0688623334013,9.630230033802627,0
168,88.96792982653947,4.7740789780551,30.58330875584752,1400.870249424132,8.366197496344862,1
169,67.5461188399713,3.8508187540839938,24.844469733528683,1643.3759069638904,10.116877389767176,0
170,62.4626383564251,3.307906167788459,27.434363768178585,1121.583014883015,10.17087737043982,0
171,61.10485570374477,5.464842169070952,38.84956533827797,1471.6831161411324,10.52341456695268,1
172,61.841897150345616,3.089621677105101,34.549812704302795,1854.1283744925347,13.532484819343708,1
173,69.22898290585896,4.378059649142205,33.20013309192164,1273.2107328064392,9.735110560600855,0
174,73.41151974816644,3.507239060151144,31.78206291767188,1516.077007752731,12.009195734248966,0
175,72.7669079933002,5.824524779435389,26.694314439045137,1940.6619630515515,10.459174793951403,1
176,78.27183249036024,7.7021451488997315,28.997144096721158,1626.4303259381545,9.523511396203093,1
177,70.13001891877907,3.0476180257950034,29.61038632160742,1525.184764097091,9.761681460097533,0
178,84.53534077157317,2.2204722756536466,32.74787158032222,1601.3272909818006,9.8823471816639,0
179,67.35343166762044,4.8126696719748985,37.54459447133452,1419.8269329980594,10.559535415456432,0
180,97.20169166589619,5.0235466939366376,35.59169068396564,1759.926257060688,8.08135846956206,1
181,76.25667347765007,5.327988960135946,22.903078221019797,1420.1339954199575,7.0693192331100665,0
182,61.42842443583717,4.330519227148483,31.119974844505244,1108.1636782528046,11.30859478694855,0
183,59.29107501938888,4.699041051761852,33.683816725839485,1421.739379211908,11.796247665162518,0
184,74.82472415243186,5.5512656158109035,33.094301650723175,1306.6530940246594,11.491271665605606,0
185,67.7653721467415,6.560646338967258,26.8538311830629,1443.7611975605141,10.309944037112945,0
186,77.14000494092092,2.0674268445225756,44.57054607884181,1448.1831881838739,11.534449254906578,1
187,74.73237624573545,4.446590841452807,23.614577188344406,1739.4846399609814,11.426858052034284,0
188,69.27171087343127,5.3207131909115954,24.58405776666975,1639.0585453328772,11.57525871790991,0
189,61.532062819315954,3.623035843083896,31.16797540630788,1552.6530975150793,8.280918357315773,0
190,54.851527753141355,7.59675444765095,40.584015274819265,1499.410917733481,7.806096405690738,1
191,65.53485047932979,4.046885179656894,25.819025746479145,1288.2283982284011,9.222861506495459,0
192,78.56398794323472,4.938060969489076,28.67085817176504,1063.7649524668645,9.965231780914689,0
193,72.14093744130204,5.834033145263437,35.386468365078464,1522.6320022785567,9.516157745735422,0
194,57.542612212880115,4.113072816797159,29.91068922556133,1658.9282407147318,6.246619337324249,0
195,71.73180925851182,2.2301404282933746,28.32698072734852,1478.333223351082,13.443385224270283,1
196,73.85317379728836,4.3570182096252,32.8281645094336,1393.02913544266,9.45190802222853,0
197,61.16142563798867,6.544160833890561,31.362589951147967,1592.9004330428425,10.345408833153908,0
198,71.53725105945527,4.494657309822292,35.152193928183955,1483.3335598751305,12.489097981526118,0
199,70.58208718446,3.7303485478115324,36.45734444532682,1837.1488383947922,5.31005546095759,1
200,58.57029702169377,6.388508314254082,31.53501530002681,1746.5456684136568,8.976612256176576,0
201,73.57787360348283,4.503837655965421,31.458663626891546,1691.9016114046658,9.225765452840392,0
202,75.60784526368235,4.234758779524674,31.07055491143067,1651.5468228419807,9.327379909098712,0
203,80.83051243175277,5.224184134494965,32.44565278324644,1241.9665171097085,9.653026818572094,0
204,80.53802052034902,6.156125314428181,30.27585318935732,1632.59874041052,12.89426959688969,0
205,56.22330632042909,8.57257029759882,29.996957588388554,1575.265191529315,11.346917751454445,1
206,60.62174960084877,6.240854161486134,35.98313560413621,1621.2849456782326,11.916070537257658,0
207,75.1503526720866,6.739759949582517,37.580580901775214,1598.5218973626106,10.094240543621847,0
208,75.1378595091221,4.241050701518217,22.462235276832896,1590.5525175696132,7.201253907708997,0
209,75.15047686306048,3.4611978410457853,30.050105758702845,2040.1732939099188,5.840605929707986,1
210,108.52731490654722,5.093497024428684,26.556527832773828,1484.7628660096161,6.941184553536738,1
211,75.70890510693167,5.160754872889394,28.445142667569637,1687.2674761658661,10.719531408332038,0
212,81.35565640180599,3.3822308879531042,32.01258104867661,1405.8020379471993,10.06353942539527,0
213,79.54001763493203,4.737058205143981,33.34719185771234,1658.1283167775343,9.579672704887985,0
214,76.51391251305797,5.598976402578696,29.439367781943275,1687.8639780464912,9.262846186519727,0
215,66.84730755359655,5.54059009252712,20.433298326385987,1572.8852154270696,14.023443150885495,1
216,77.58969220493267,5.756431780076409,25.174772097119103,1833.8493884753,8.354192818047052,1
217,62.27174785462428,5.436447095206164,34.48249835100083,1323.1447927279164,11.855638912232118,0
218,67.63181393259991,4.2394870110949165,16.297867889825344,1402.5558116663556,10.003825872041988,0
219,65.14636452170896,4.229149060026735,35.93713575841,1542.4760172046979,9.878120976428006,0
220,70.81874139386322,3.201572903009186,32.606149953222705,1676.1613706968444,12.353275097233489,0
221,93.14658566673509,7.677162558777642,36.58088040765011,1535.8859042589866,12.92506076538289,1
222,51.32734807408252,5.0201755469289395,29.0071540655952,1757.1518073021132,9.520901086230324,0
223,76.86260190374513,4.662720416307722,19.692972879885474,1367.6620258067362,11.598405438484285,0
224,53.87284128810349,3.606811877821312,32.15181320753249,1271.884302102289,10.727782724300107,0
225,65.28068134210567,9.403486853491668,36.3732656201917,1561.625667307301,10.01487427761983,1
226,80.88950596967366,3.3900079516656567,34.623609027567106,1484.5639447772608,10.408509885314052,0
227,70.64280019095463,4.35672811159089,26.686542582559824,1608.572744071644,8.623982370310324,0
228,59.22255222070694,5.62375525442909,30.433805377313234,1494.5195418266992,9.38780121333783,0
229,62.84696290740032,5.9003194486164166,27.33581865610038,1431.9960418753085,8.838729440494587,0
230,76.79597748934675,6.436898082823526,25.90366767905314,1485.0124856552552,11.80275343285784,0
231,62.69633368282864,7.711412761653895,34.77694285589926,1505.769778958637,9.809597768917875,1
232,72.16458589581976,5.759236483191069,24.01233844367419,1439.003740030334,7.404571950769923,0
233,70.45571839903813,3.4159538000499987,25.530917847091935,1459.3735907353143,8.553125553673825,0
234,63.483996523941826,4.614582312317328,24.47987183263807,1419.281332602618,3.6014707095756435,0
235,91.43944089325325,5.461748558770827,22.548762383504766,1671.3330239738814,9.011014796235703,1
236,76.33919022318011,8.102339062258736,30.732071459213017,1538.80420090116,10.075290130194299,1
237,49.74857413342393,2.9032917823635547,35.80751524240988,1951.3504944337533,9.727728302266053,1
238,71.86454314769428,6.803864757837841,29.07561621877367,1532.1409102556925,13.960308703062784,1
239,63.38213535231612,5.269871554319625,22.47126099717917,1389.8285059342677,11.149812081830074,0
240,78.52433334796224,6.256745802844221,34.19972269871014,2034.135074972613,11.060903706178301,1
241,62.07479261567299,4.847007925046102,38.42850877017486,1582.7252755428672,6.713461930859444,1
242,68.85263558533102,3.7363510548105103,26.76878837926703,1698.0249573785634,9.270715891765734,0
243,75.04987278980457,6.126309169101998,27.60722866641141,1618.4205966404984,9.026674385352608,0
244,78.65755194170121,5.981646540658431,32.57830315041697,1624.6022058595497,8.427837602383985,0
245,57.997035929442234,6.458085448609583,38.109368738925255,1607.1308102704947,8.400238668973307,1
246,66.65498764159051,4.980043046932047,27.40082927137387,1279.583087044787,6.383754092116753,0
247,65.25054688839043,4.100266965020226,23.337751095008976,1573.5058095122824,7.448293590637343,0
248,63.46670767426288,2.6618195074642377,33.15709303136203,1235.0277392299522,11.748186805529897,0
249,87.65454240281096,6.2290599022091095,33.9953403657115,1465.127432717493,9.714170616013636,1
250,74.04981710960955,5.635834223665979,30.030657252176134,1354.8765086873425,8.987195163451332,0
251,57.391160456649544,3.551326050704061,27.209333701712747,1571.4940371697448,9.989177330694584,0
252,79.17861947054776,4.192139490055064,34.97189365496023,1566.825249467647,12.334781357402303,0
253,91.22156197012633,4.299861782072839,32.64018002273982,1596.2291781530373,10.008421041751571,1
254,80.32465260551147,2.7755233520263727,26.157822415482535,1557.4593145498175,11.080748261862077,0
255,54.80630034045987,3.7734764050922993,30.245473656528358,1378.6349316427202,8.306790315223486,0
256,65.15765927133748,3.2992544647904687,23.24146233987677,1447.799302129664,8.762740098506562,0
257,82.66911149186623,4.381281482168095,33.4294522821896,1684.079232250897,10.70795377012735,0
258,62.92330534381219,3.891953752505656,28.68883215308572,1713.57133545888,13.785307416674227,1
259,74.43819428146229,2.5594926186998768,27.821445838076315,1270.6433802746901,12.859549719029747,0
260,77.74634053429337,8.033885345854223,29.83562757423783,1193.8144734974708,11.165656138912277,1
261,60.730695284219166,6.878811096543846,30.20153849665124,1354.6221233590577,10.302867520321437,0
262,69.404746439382,3.8314708677200215,34.4746503078278,1709.0415164064502,12.802138711254342,0
263,37.58732659930927,5.4086320949804145,32.95545265662611,1742.9768060366068,11.589356646090248,0
264,59.756123586657104,5.626197634731943,29.217953606035987,1315.0576239197658,5.412675955258678,0
265,67.4743184860684,6.786628782160215,33.81834074859498,1561.4618707472678,7.892138304289556,0
266,57.52216818035151,3.772092460009882,32.00368626845807,1866.8862666280174,10.676280650715864,1
267,86.32411303931636,6.638160175973639,27.867001818569815,1583.0622954480668,6.426064868898056,1
268,55.69858622039367,4.178142043689597,29.37640920881757,1784.3006570466187,8.204821990486275,0
269,65.59955513303017,2.99620639374708,29.258885555784396,1699.7453140166197,8.600370112684052,0
270,71.30740577286092,6.086204838971746,32.52630671587101,1317.9602587544177,9.487668187508334,0
271,84.41273289066116,6.936137636183642,28.16488692639179,1462.0037153005844,9.425139583547585,0
272,55.6413784882056,8.881863460296028,28.047954067891833,1506.9508956583695,9.421759145666346,1
273,81.63163752154959,3.20041210236468,39.84378654716979,1520.826677604268,11.650615034480627,1
274,70.10233061019586,6.048379527621183,34.69867740873552,1683.2657906877143,9.469552269098932,0
275,60.18491348952049,4.3852981343097,26.196996677874303,1581.7369524550818,9.230739735857533,0
276,74.6210347426327,6.175038065786047,32.854704969710994,912.7598112443769,7.301655791712967,0
277,71.9905969557347,2.794265673153124,30.591750328275886,1237.4319453814549,12.04869240397165,0
278,63.99783122841205,3.1058453364521537,31.957755876300467,1062.5238170047915,8.657004972105028,0
279,70.69802084990019,3.8361877652502745,30.686706622825522,1535.0730481310668,7.825939343997449,0
280,66.14686403138239,5.118446068502127,35.94821322742618,1548.0975298935523,10.426181149737943,0
281,71.13517345251248,4.038378100192467,31.72810172325723,1556.6449917221437,8.466117475233874,0
282,76.62130674521046,5.98858151587013,29.689556508928565,1308.2143464570768,8.948094520411411,0
283,85.86016816145352,6.540341927386871,35.21095288491509,1634.8288010239978,10.516920348638138,1
284,57.62184501173151,5.899366311868034,31.16642520543936,1643.2524992937058,9.347034752440887,0
285,91.33033374656267,7.428181459491302,30.60739289664529,1248.9701865589684,14.623218750601268,1
286,50.47912200477498,5.623739944183015,31.57011301243057,1206.7923597102256,9.850342913361605,0
287,68.48214904964416,3.1746549344897494,29.53195488316817,1499.9736627546124,11.235676437758444,0
288,75.88317206484577,7.04506477030751,30.046134964977345,1858.3564547226717,6.11661190501411,1
289,72.80991867735032,4.092265646591004,27.066527056190637,1839.9485484397285,8.27870173617054,1
290,63.77300480179406,6.365627749528355,26.244163901880604,1612.6808720896106,7.826172610166575,0
291,67.91877749642725,7.360601324832659,25.007148067587803,1354.0006656839846,8.091240553394742,1
292,65.06999065341168,5.685032016095599,23.04008356601462,1677.368531897717,10.831075987674005,0
293,64.10635243055789,2.7557617802530254,25.601413193077217,1409.5151470381918,12.071130135554819,0
294,78.49602097021025,3.6226817502353126,29.12866482766537,1346.498592665238,10.689261009269021,0
295,73.57015485965047,6.984116700327704,30.515587912228185,1071.206633675601,9.546710752867382,0
296,63.070904047393455,4.7463159715357754,28.643517184261796,1520.4764396695307,8.738289922575161,0
297,78.9959987543325,5.119360302413249,18.22148254936321,1374.0265301725249,12.227199502373018,0
298,73.07299520876609,6.138236624245414,37.87293178881171,1519.286075905701,14.142510908309724,1
299,78.1286211883896,6.044484293120485,35.43240061445191,1040.1284607525877,10.270111409567381,0
300,76.29628841923612,5.418199718578191,32.228799256085644,1533.9653345167374,11.878726128143144,0
301,61.710049890779274,4.686997443169301,39.53745336276634,1013.7757672056744,10.686740699590949,1
302,64.3981895980303,4.530997331401464,25.113179412581445,1717.5880506537105,11.511009812931178,0
303,77.47293605123262,6.286848237937015,39.438125603130025,1604.378246827017,7.670906443779767,1
304,76.10370265433465,5.83035429660169,25.17392961624726,1444.2670457150825,9.023727439715753,0
305,69.79098406035853,4.614049999073315,31.193689626456784,1612.5439720164159,10.790938880091169,0
306,71.17327383308782,6.623168469489711,23.63081337432898,1304.3851474672895,12.424981888163959,0
307,82.77664895788425,4.806448827305324,30.073470477721834,1514.4751031229785,8.36373155672465,0
308,64.0842861116417,3.72250673849841,31.930832489991943,1658.954807692067,5.933401777919746,0
309,75.47097381170038,3.8615439516449825,29.226548344327227,881.1421501817221,9.003471147117502,0
310,67.97807347566106,3.531888745535351,33.569387220450686,1410.5551280644952,12.0202614286965,0
311,67.82318796772779,4.591384975094469,30.495072247436287,1495.4711739727252,6.832208817824301,0
312,80.9877685198719,6.85058641750429,27.387926358112452,1460.7412764508467,7.646160215736831,0
313,78.2541634898803,3.792357228454237,27.165933410988302,1791.420365245481,10.311837172102225,0
314,78.13509636000639,5.282713641527154,34.05456886307848,1275.219775015423,9.768057494477072,0
315,83.05478807154329,4.0149659815588805,26.73128985096516,1375.7681513109542,11.188932963106454,0
316,70.21003841632759,4.609536438092844,34.57701485242468,1116.8261947383103,7.542546479108841,0
317,76.81952971294965,2.7349381820221215,36.11355896415965,1802.057330254629,9.350042811662664,1
318,66.89733243406543,4.669192656265194,21.65643068826935,1450.74197147824,12.390370804806196,0
319,73.24166352488442,4.709441930292557,35.664631936505174,1412.3182223926585,7.614207612726432,0
320,68.69856945632316,5.810431916053543,40.3021134922235,1489.5034635378572,12.953824592620538,1
321,70.96995964992718,5.334921369883056,31.260018806009644,1627.2471656860648,7.865166028222623,0
322,75.95157025436913,3.202411812571932,32.99542092647411,1569.472680703225,11.698763154755222,0
323,61.81779316766527,6.626297366065314,35.18502662184579,2029.5768427114176,9.254082979573749,1
324,90.9238727568546,5.315454560332993,28.62258842410489,1590.787177680755,7.710183484722046,1
325,59.93982618500298,5.29759027576623,30.911401117689348,1406.9509141661838,9.006201905694804,0
326,57.85811387212268,4.986226469922292,23.429002351884453,1387.7286524952106,11.089858376357988,0
327,81.58110873500068,4.22336382916667,30.693175142652255,1421.4482095166381,9.986292010197019,0
328,77.91662693962935,5.326703509623089,32.490559978222706,1199.6326150740324,12.236938822886687,0
329,76.24119817052156,5.713382653892873,32.580815114632344,1507.9728414983172,12.871480121869762,0
330,76.2834550926428,2.379656462981668,35.3271236179879,1656.6936212417834,7.6339386693643,0
331,69.87753227153085,4.191858743980856,26.125989109322354,1377.3272798753528,7.487461710179311,0
332,61.02745628514168,4.617579544394616,27.33696621663252,1338.5239887431776,7.390412452758317,0
333,70.75804558193727,5.384255908541418,39.477536729956775,1803.1890292588469,8.201607807903962,1
334,63.22838288487888,6.789966508890689,29.24835813118145,1214.703368675767,12.208429041639489,0
335,79.7511973341775,3.8423887781048265,31.00016893656164,1086.4363247045399,11.12072390133347,0
336,68.52942618497862,4.253057229773237,29.664949791373896,1269.4196112705235,8.909944854155137,0
337,61.745028032074885,4.231198834030175,25.891595868474887,1191.9134565751408,9.977794818754331,0
338,66.78614158347007,3.7977086148431876,38.11764605445903,1577.2452128209163,12.808611010331877,1
339,74.12931454275625,4.4792202573316064,27.36149294039697,1427.8590999100852,13.816021701958238,1
340,64.36275447196026,6.156203329981957,24.36357238146535,1456.062590995232,10.518768666885604,0
341,61.77779604433569,3.4192467569534815,27.746298613486243,1730.5868353949547,4.681437631905203,0
342,72.43687211491913,5.641721592729355,19.991469991372334,1361.7330277674448,10.594574189519946,0
343,72.44966571108722,2.4471466549724967,26.743562675084092,1655.017882349128,11.869496259082695,0
344,64.9305682462887,4.157993005336691,25.15935701073837,1802.2645598406407,10.44926463171215,1
345,65.28961694381677,4.505766049673021,33.08714315463662,1408.8675003972678,11.453029837469568,0
346,72.32049937357637,7.512289509371097,26.632928802200638,1647.4045711112626,10.714130748920768,1
347,55.51915658502676,4.587796542870968,34.439019677894244,1451.636417494204,7.530709165036269,0
348,55.92536225623445,1.6981347898236225,36.992419965346606,1684.8196257681577,8.227523133273074,0
349,62.81555778747564,2.0016666397081253,33.905876681437995,1185.7021624847453,9.357695625739687,0
350,67.86552848288153,5.051044379520022,28.923058555699615,1170.8975509749307,12.130829556476703,0
351,73.10907565598005,5.920656283684863,30.705572483527966,1421.7464570184918,8.468231863358758,0
352,84.75356216949552,5.563183786440879,22.3750752992797,1322.2150381880458,10.911805266335294,0
353,78.5765962320202,5.251355158701485,29.3311031373938,1396.658178114023,10.607385187842393,0
354,68.40061470036574,6.7433893962585,25.697807659665834,1456.094683510572,13.172394530158261,1
355,69.80983792097311,4.190613168894303,33.47163190574649,1644.0027063672503,9.916640443741171,0
356,59.97470635362191,6.342365834040238,42.86376194622237,1418.467884286813,6.490483163447482,1
357,69.8148686400761,2.551977672460374,32.49910817986905,1335.2277378753827,11.293740929793556,0
358,67.11341361079862,3.6425782505929005,20.04429925522667,1429.6973246482203,14.276110423268008,1
359,73.22718560338089,2.2894379076022755,28.193849035428137,1346.1709440386765,11.424766689732913,0
360,61.727690564476774,4.587732048995312,30.612454626872275,1313.1988995874572,8.424676816379186,0
361,75.19346514241172,4.930608174100486,30.43678712630132,1177.3966372846062,7.836108241642071,0
362,85.32738913002578,5.17115223833978,26.345934371956233,1513.8956232442158,8.094062332985189,1
363,68.91239851543142,5.092825029330703,31.226458713184677,1386.2588586805894,14.006623760764093,1
364,74.01711722098942,3.608670003782408,23.787495815403062,1693.2557478469344,9.345345118957129,0
365,76.90143991711112,4.714638733380177,25.275456386574664,1210.5207815882118,8.674713212343946,0
366,65.98779528114164,2.753829997091377,33.228988208018556,1391.5832889904243,9.683126711745533,0
367,72.24092481810416,7.044843462698376,24.92168384560087,1862.5814441317498,9.366185902788596,1
368,70.12592400781794,4.544560890652998,32.69105802746129,1312.0780965804302,13.135300719575007,1
369,70.97676098548831,4.266670821434463,23.15268112671971,1452.6933495807752,7.971045017967394,0
370,62.26990216144534,7.383410492666124,38.82412941895868,1256.8312034349262,12.361286463320894,1
371,70.24510174258943,3.1366301996761563,26.128650387979725,1230.3144974438037,10.24418419290217,0
372,74.9799829124545,3.3116193289520464,28.881667140982778,1809.4621966175357,12.41405302685537,1
373,84.51143607795042,3.355669512697152,31.65306630545203,1534.2078985274295,13.165238087468103,1
374,79.59270826085206,4.898192927450777,27.17325023749453,1526.7357676475247,10.16959526782619,0
375,91.53182457511556,5.647447444456396,30.71702980535652,1160.7367529767555,9.369872780801668,1
376,62.326524371119504,6.109513202176751,32.87678362260063,1571.7482776216607,10.132357663730206,0
377,78.72320636720679,8.857992976242453,34.803066162517425,1731.4843891987653,9.810458655989736,1
378,71.83342005738352,1.6258513186988544,33.957487179864785,1729.895412165706,6.6860670885225435,0
379,91.89802933217672,5.913103383686625,29.14094768098663,1633.6666459212322,13.104960747570146,1
380,61.91701714644849,4.1643041411416535,29.266841129781987,1274.102884480919,10.49157003476238,0
381,61.602781578192236,4.12037727666684,41.745542790125164,1562.6246834385984,7.673801629897891,1
382,64.00607354555977,4.070341807619183,34.74944534124646,1633.5169920953215,5.864953359603183,0
383,48.76104275690193,3.63684549378804,25.39088171839893,1141.1112829822198,5.344801534139302,0
384,64.74244978319238,7.526787251905178,30.49994081882776,1275.7440817036431,11.540960873375006,1
385,62.40867338446302,6.263445990520854,28.32428430610904,1677.6314643486883,8.76204486318581,0
386,71.50393786476208,5.0347939678360625,29.32332883038445,1675.2091553343857,9.090198663789733,0
387,73.4175597577716,7.026523628730501,23.85252421145956,1190.2833932757217,10.976308529077647,1
388,88.76170839215887,2.7312065520516864,27.940383828070235,1659.0042918538345,8.967903687796444,1
389,79.5042383818605,3.003942303003611,39.05777886596957,1519.0606798307235,11.093048832107026,1
390,64.23096344337597,1.7330484017079684,32.89538150437752,1656.2017909214303,10.190528128753432,0
391,61.01585328651642,3.950878189815069,17.5441929592427,1373.0957353132117,9.831740833701527,0
392,74.91919171506505,5.242547790057129,36.083617462489734,1629.0366992961804,6.854499188617022,0
393,56.797667929793576,5.1542878668985015,35.4481476145458,1668.765754897125,8.36053728712228,0
394,88.31458765854353,5.2240128665898204,28.203573478467916,1429.7330129088577,11.205070731173732,1
395,81.79440120721287,2.8834147534008774,33.58631771891608,1503.5505092346573,8.635956370271897,0
396,65.30824347895295,6.2047321139210325,25.703003945914,1370.2956740990694,12.410739111568981,0
397,52.868654709091224,5.3594412773584965,27.648721418668213,1830.3277897371759,14.692802647986797,1
398,83.53872374165412,6.099581422198998,37.49273180334927,1475.945612134847,11.312770601682645,0
399,68.85460154747382,2.1608567336149225,28.641349800651458,1315.5951349645636,12.985663782730315,0
400,82.37816311973462,5.467236288196685,20.651341690225046,1356.8348172250498,11.441454476592137,0
401,54.05572341205633,3.2183521401237094,29.683483886093317,1525.3541202284225,8.931475954655625,0
402,64.00624977046228,4.404015121172957,29.607058035428217,1650.6662343556422,10.40030332961485,0
403,70.05243699718183,5.801547347954575,35.9918428468673,1232.8346309698957,14.026641892194885,1
404,70.46980593764742,5.13664040938387,30.0716821108788,1869.5320005884898,8.952892514745098,1
405,65.49934528520757,3.7226900303310217,27.892088442798535,1561.7350588111233,7.921345402243852,0
406,76.22849932347499,5.009409734276628,35.22528072615603,1593.2911945938824,7.731611153769461,0
407,59.32379570617405,2.702697027134535,30.603951162505552,1480.5620912353127,9.564941232332902,0
408,68.57620514978707,6.725401093847444,26.249886592171414,1503.8517934702252,7.993055822713876,0
409,71.20295631711899,4.692073970755623,35.77498780270809,1470.3433724145193,13.348038854874474,1
410,75.14438834058748,6.677824916382988,30.968308822583996,1703.559193807192,10.432713069182576,0
411,77.11614878088889,4.210202469355935,30.014629833397187,1498.4142825093259,11.943452619521006,0
412,58.75357908162131,4.214636017390125,30.88954195705827,1653.410043698542,9.402669218840604,0
413,54.65885829264378,3.8537198200432305,24.646658142917016,1413.2304953294856,7.7196056044877635,0
414,82.7767682189851,6.314260897539613,27.361731119108313,1539.1281056624632,7.381212109133445,0
415,73.32314011979592,3.935853264007286,30.017913009163916,1339.2159311521157,8.184016515643759,0
416,62.51513463443446,5.9668931486227645,29.0266815248766,1743.3056465099073,10.695050988053422,0
417,85.51151975522524,4.426321403496065,36.362141914082976,1333.2505518561768,11.039765863535896,1
418,71.15674634292859,2.0360550501625703,31.087029263635017,1435.0041111477346,11.20639214611737,0
419,81.79297184063826,4.144528898320301,34.274519613182015,1437.007917509051,7.022654632436286,0
420,70.67518481410109,3.231337678455728,30.046976772879248,1429.2097224652464,9.99918162820346,0
421,90.60747924881987,5.050854085523507,35.28144241873061,1644.4991538885874,7.947876338215215,1
422,87.55340842443204,3.214388396488265,31.98763878286577,1436.6684470526714,10.802931935169056,1
423,67.51035851520926,6.388962651071925,30.067102426942302,1778.7849061082145,10.958154110994904,0
424,79.71570950954356,4.863386209470459,29.933584555204902,1336.3049827739665,7.655653905947124,0
425,76.45375949585147,4.733606007861892,25.227806868545184,1533.8754939885414,11.936059214392696,0
426,83.68631557532349,5.983838206681374,32.534578600681556,1344.84280213748,14.677645883056488,1
427,60.35076539419896,6.445860401113793,29.798976327318105,1584.1945565062933,11.669671475169325,0
428,76.8605145999844,4.969851872345522,27.490040199093976,1496.810054604646,9.67433192089779,0
429,80.58424486849587,3.843199550676064,35.53230885406036,1468.9875910603043,9.366908593580515,0
430,52.41260513576886,2.339045575831806,23.748919870525995,1737.6949933007047,9.581872036654984,0
431,58.16741487334225,3.97092536444723,27.887520522837832,1369.1316257889794,8.47853230644598,0
432,49.607678222398995,4.0741816300280576,35.138593743897665,1617.3030315236,10.5047964133041,0
433,67.30593165555442,5.160586179488445,31.577614704601267,1346.2080174650416,7.7230748176913915,0
434,77.17542255795962,4.48227967829296,29.760705361736214,1522.5370400320749,6.220604426804199,0
435,85.02357052096028,6.031899458077142,31.255017715750732,1260.8849343553109,10.439203363627097,1
436,70.74094780419775,4.080525093093966,30.897070855244205,1367.4965707386518,10.042466131551642,0
437,86.28615545571292,4.914438249720587,22.416687268570392,1483.571390885427,8.857659967125612,1
438,56.198985417851084,6.7759811647953345,28.253690573260194,1862.9298334646155,7.434606754779267,1
439,52.96617560644845,5.51273782093245,38.08260827256875,1520.1607740919549,10.579488053828069,1
440,69.44452301103381,4.909943687467154,26.703379326114163,1830.9336631733413,8.019649922859099,1
441,73.84065448939307,4.097083337097234,28.40849492947833,1544.0646583381836,9.722111298269331,0
442,69.67305251905907,4.050152904927534,27.291896183454064,1422.5831511050121,13.529943708252889,1
443,49.325578999601234,3.7240801205720784,29.564923883409314,1807.8713045201387,11.302379539150769,1
444,69.10879960487212,4.188489701325651,27.08438584337851,1587.4035244146837,7.261734675236607,0
445,56.95530499495147,6.133498758116472,32.4337075107903,1371.4556812234573,7.450296857975395,0
446,76.69672548830039,4.667167593061597,30.986567061451332,1594.1142918800595,10.303638185487518,0
447,73.66598246096848,2.9753403959281535,33.86773807553509,1441.481050018478,7.249358635881958,0
448,60.60120213672645,7.652253939589675,24.7452941690552,1102.193160765741,5.996549037531427,1
449,64.86133082663306,5.479947786717744,28.298297585585484,1687.1946318531236,11.064744022593446,0
450,59.40786478111048,2.889584899230246,28.871386841939326,1718.9868111283859,10.641871508641735,0
451,69.37320902726829,4.337226609138765,32.278234550442974,1867.588405998455,10.901196662558265,1
452,79.55142320501238,5.166329574242627,26.033894013964826,1584.4287384390525,10.526070363635808,0
453,60.14273953664456,7.556888139946066,34.57826902129172,1450.2553151834934,9.86937857665521,1
454,75.04046515517844,3.337831312611696,35.932077952588045,1666.997885475717,8.675622904646678,0
455,64.69742381627559,6.46406107903392,25.055638261822082,1669.9640730637814,11.032269932175886,0
456,62.07127167737656,7.099229640458514,27.54563552553217,1827.6562366272844,13.059766976810302,1
457,68.92969640045442,4.057018542388144,27.34034245853954,1491.0744753867116,8.997541985113092,0
458,59.64757677580626,4.58372957170965,43.161931023387496,1466.884205486481,7.9585195795834025,1
459,64.46350694652818,3.4455361289393447,27.850499473960568,1356.8911160482944,7.729761161177522,0
460,58.021221074111516,4.694808288379543,38.388127210780674,1607.4924173450404,8.266539533332566,1
461,89.6472513291639,4.9451150384856035,23.66684002446695,1190.347666353833,10.405197048952148,1
462,70.35263551971728,5.989474997123556,25.051745169178183,1655.2174745725129,5.72074487289288,0
463,63.00274492007414,6.63527520653067,26.566977340758996,1617.567024373158,10.878340848864651,0
464,72.13979910734221,3.8778559030675295,25.771553442767388,1617.0140404916745,11.287826020592313,0
465,68.8767195030917,2.049012403661008,28.660506329207507,1527.645047300368,6.4038432801142395,0
466,67.79030400466777,4.9681328310856365,26.456108986392508,1806.595649506217,8.041639127444801,1
467,76.14166700043425,5.440306294952961,25.90329203632713,1674.3986930853725,10.159361959690827,0
468,77.57507710047305,5.374126531527563,35.79235998236664,1378.5845617248601,9.713060539391204,0
469,64.69498852389472,4.509990128736434,36.118968112565824,1382.1641900604707,11.039274936537181,0
470,64.2418175935532,5.187128149495901,34.74648249187658,1324.0652373170726,9.717726356967269,0
471,67.24948302848355,7.273167212528371,32.61999477792164,1610.2566665551176,12.52953905354993,1
472,46.980788352644154,5.572601253443764,30.463715328897763,1299.9722157520087,9.357661201912636,0
473,54.84808937801448,4.439947362495373,27.514846546670455,1716.6784287166704,8.033934026560493,0
474,83.66874267444524,4.249703274356007,25.234212476224542,1764.5946616691085,7.873116267476487,0
475,86.44967713501283,4.745221463483404,31.814978517163436,1324.1967462099099,11.470937018563378,1
476,67.50963960443622,7.45510994274596,24.13184803726601,1462.8902930814293,10.059242283913832,1
477,75.76556963055766,4.725048935710704,25.030395354123034,1503.3241962724828,11.267431801450389,0
478,73.11250154543536,4.970308483218938,35.764566281024045,1676.7966320939336,11.22624499845837,0
479,100.78880808455239,4.276529643595546,39.50324520861044,1821.8686751219755,5.960300294472319,1
480,81.19574911434577,6.648475036162948,31.966475690832404,1162.9015214262845,7.719834797953113,0
481,68.72082408519233,7.939755882117012,35.53228576147322,1436.3638564946634,7.958749918992359,1
482,60.44459559399574,5.675919574147082,28.770758412780083,1446.7966608879306,8.367871623016475,0
483,53.93553679742428,5.124159355678138,23.31162906956158,1219.8660290226903,9.159289346846949,0
484,72.03463635867223,5.055174249761352,33.06085809309292,1402.9779961391878,11.998299189234372,0
485,62.436492547156966,1.4235398168213815,32.84644661635032,1585.5537888701222,12.396964704767798,0
486,55.77746290402326,6.117726296427226,30.358342769401222,1444.2642194320886,9.414218339594006,0
487,63.534271157574736,5.201249623993765,28.788122709474443,1191.0757662785172,9.497438277350511,0
488,59.18451996385605,5.642513075991087,34.811052892905494,2074.8165396019826,8.589132551885427,1
489,86.87141635072564,3.932806708874443,25.07133483286263,1553.235573040836,10.178375394477088,1
490,78.81639756949451,4.423314681534363,26.13109710554671,1522.338826021335,10.405041765467873,0
491,69.92027358683383,4.38346259524524,24.95946746619786,1280.4147273865908,11.61295111000453,0
492,84.79944138890026,6.532434476109558,30.424864813179138,1552.141232394255,11.596877451965106,0
493,70.77368307647619,4.43186024509536,24.56053493945371,1467.1572431917011,5.395763897861897,0
494,61.38715798671736,8.123990483164697,26.578789097423783,1122.2953174569188,9.694910104725764,1
495,85.23124077269657,5.646293628522556,26.47122218886401,1285.9489119971167,12.768200061780208,1
496,75.38910043684659,3.0864760100064026,28.69695833833021,1658.985203534789,9.123770145390166,0
497,59.62753845673544,4.807180560122065,22.563127767980117,1888.8035300000884,12.278483636726577,1
498,68.09661321916391,4.0224873167653765,30.436024960186334,1573.433081008609,9.387096399977622,0
499,61.24381746615243,1.7084262952699634,36.23651825332339,1720.6166556586734,10.349846934883928,0
500,56.172002690356635,7.3992064101706845,30.67745686158381,1468.848938283358,7.726218615201702,1
501,79.26177547531641,6.054713813330006,37.70660572400661,1482.6907678638795,7.80150288486697,0
502,89.0941664047013,5.799810976848969,36.669990929384625,1718.1958055238931,11.45098314452603,1
503,56.01432426180859,5.248105490449556,33.88867523623927,1832.5554578358938,11.76363656040133,1
504,75.62969236690572,2.9269736469613434,30.37342921318443,1760.2193386931244,10.052857812400985,0
505,63.49357430878173,4.274574290666845,30.112501941227197,1286.7273849230362,7.544951514723218,0
506,65.12874616235304,6.262671162176019,33.8189988618163,1486.608221936951,10.087609113214429,0
507,64.07606075761132,3.423169955326246,28.041646952479837,1555.504936895259,12.514469921348555,0
508,61.36009230320184,1.2023460256237795,20.58739624266268,1448.0644072984942,13.48573294010352,1
509,70.48521627944827,4.659340988328611,32.460020270514796,1577.5715086831192,9.366584135348171,0
510,61.69049883588962,4.787363668958692,24.344656850325144,1664.1153623337896,6.68026429948442,0
511,72.70456825779839,5.2033451246220634,25.189293859048078,1700.5619503910282,11.680727199109558,0
512,69.49761890550863,6.092777965271805,30.00111973997894,1837.1740304443047,9.448073807089997,1
513,67.6105195313359,5.956408718346813,29.52437561223265,1434.1117790550331,11.88608128312208,0
514,60.92436337958402,5.3881547078658825,22.939621968421847,1227.1933670321373,10.56214445003524,0
515,64.23228669431667,6.793297082130064,30.8274578206657,1571.6469188028905,8.2331117884763,0
516,77.55391225825755,2.721545328780028,34.830698304305244,1876.7622062369605,10.116488721318762,1
517,75.00917187624381,5.7568727217160856,24.358292148671087,1404.6048280091882,12.616676734108655,0
518,60.22444755201449,5.939807545005413,36.362416654243795,1637.3693954127439,9.701692022065512,0
519,70.99332305429226,3.140656570879641,22.19914587435028,1639.1491584945286,7.930389673109245,0
520,77.5138712337179,2.745694086976416,40.58662072185477,1538.2884094689218,6.822711662806687,1
521,53.305947188786284,3.881086810286598,27.943697847582584,1501.3849442087428,8.455670626270697,0
522,75.43360192379934,4.0076878362270625,30.728084984134455,1315.3141588557214,9.179727476458035,0
523,63.37376241054153,6.130129195253646,20.53983213757165,1043.6675855158846,11.639998271834518,0
524,75.70598668593159,4.0781918244633575,29.689319667653457,1277.6298586671942,7.758301464376757,0
525,62.367408434574834,3.715477222578194,31.14241088859096,1421.9391701776601,13.107503771459271,1
526,51.95117899335481,4.0825493949581615,29.569189479502526,1719.4845374845413,7.325695578317617,0
527,53.72457562116837,6.677948501231318,27.18459461473813,1479.3743875297248,14.662972185113674,1
528,70.48084946661382,5.019565061565428,25.267177407360926,1396.1948562163702,13.451037113508942,1
529,72.59722501721483,4.731123461964632,35.652633097686554,1321.802911609314,10.282332498775984,0
530,60.956833748955916,4.834991751948423,30.15403567498975,1631.361165701896,6.704612930460815,0
531,76.38592458777374,6.938090501489784,37.70376188258386,1771.671433286121,9.889151876035156,0
532,53.3847993773104,3.8762424100951374,27.367588226025386,1712.687144373492,9.226318084026989,0
533,69.33920201352683,6.973262436410156,27.826026533138915,1621.2299399516937,7.451425553898153,0
534,57.889838002375434,5.315744448382255,34.077971222980814,1204.877450723412,10.582019254494885,0
535,63.48163892197841,4.759370927036978,21.88512518998218,1429.6651514312457,8.352713740288712,0
536,70.47398671316414,8.751350746901423,23.932683199235385,1889.460845777935,8.570188305900837,1
537,61.39586634716048,3.4165407653021056,35.48742485676582,1724.390098383045,9.592642730855289,0
538,66.15444455770175,4.469471360649491,24.140330353884025,1192.499356353055,8.850182342588592,0
539,80.0629280921444,3.151353141254,20.90474492348726,1488.8818953601458,14.156313234220057,1
540,64.23108130476851,6.428692955804254,39.342635940365454,1572.6196865322077,8.9285707340009,1
541,78.35692112065142,7.533783400477518,23.030911760628975,1347.568307394756,10.881762022788951,1
542,58.702931453423815,7.504884172106959,30.92059699164085,1038.1591957182302,10.291044984420724,1
543,75.29804177915283,6.835923129719007,30.345425963621356,1519.7648090032862,10.705500450517745,0
544,84.41568620657901,4.703569298306052,15.946858416909581,1342.448348475912,10.858176807221865,0
545,45.283554998727105,4.45213853376523,28.663414884160957,1343.2316521830633,11.762722973212245,0
546,62.03104744529523,2.4932453412589024,32.24206624739555,1429.0639280138485,10.532892151237284,0
547,75.7707212718054,8.053810302772689,31.771546907594303,1473.2648170690377,10.44979158977264,1
548,67.96954613957007,5.703467117222702,34.517603419017505,1498.1834411808627,10.116954136936279,0
549,73.71145873371309,4.262064642695775,28.06254342547283,1323.2020202155998,9.723164295320052,0
550,63.960148132841795,6.992085333480452,33.562522210460806,1455.9580940731846,8.176404236678646,0
551,70.865897874729,3.5408532248599984,26.55335465959964,1148.515325919449,9.878263245159598,0
552,68.44322764607921,5.609933051334011,22.947662917936125,1562.2078130736156,10.482534750531066,0
553,81.67782061659807,4.741056298563748,23.511358121593837,928.7449173317685,10.80432911314559,0
554,72.54420843301213,5.958015709820451,22.689447724022926,1442.1019839132762,10.360569545980473,0
555,73.37602662075201,4.904639691220818,35.04792983945597,1683.8372307353907,9.534089973102933,0
556,65.88123033877532,2.8236081633331636,22.427132454707216,1288.1318625450347,9.885840193608205,0
557,65.12393775927507,5.113364559005057,31.370194203246516,1643.28604073148,8.892707030898416,0
558,65.6744181218038,6.573296212813043,28.670379029637836,1731.1465424241785,10.626447982013127,0
559,73.94452142378297,4.9561753912190225,29.486757132746842,838.4200095005223,9.557743544171757,0
560,65.79015519179737,6.162672682383629,36.8180364759985,1469.7274192848515,10.36112187639494,0
561,72.89774856896413,3.4317057714889203,27.807863163923635,924.845314474345,12.001606086765104,0
562,90.75400798645438,4.960608810095222,33.05800780774842,1476.3583108858109,8.58128218071516,1
563,78.71124703431693,4.063234317367134,30.18781675690556,1498.5657578037346,11.193390761820968,0
564,66.73976467832159,6.120471260157064,29.23990547183651,1003.4912028178323,10.066420359770746,0
565,82.01213922163944,5.047237343392994,41.499845621932366,1884.967672415973,14.04238719916151,1
566,65.91924626978448,6.035110514504919,22.79329127142315,1557.203161526925,9.567399343072982,0
567,49.61875464822146,6.631565639236799,36.445659177187224,1330.195313583593,11.390329166302132,0
568,59.91913689082596,6.037427862682082,33.28203282744986,1793.0758854997036,10.030706903511954,0
569,51.29208078974145,5.409677651440466,27.60237502684108,1140.8773558715366,7.2233909833730126,0
570,66.48486515958692,3.502681612232892,38.14659258720806,1254.1657932963365,8.958621808961711,1
571,70.18418379189552,4.995820833999648,20.759449438057317,1040.1088952660202,11.760942210856786,0
572,86.76437312275283,4.2003643969762505,27.391166713504642,1860.2090393078668,9.134611078783454,1
573,73.26927373764163,4.48390406494366,23.95758897865462,1566.4692742944007,5.559487370320772,0
574,67.80899471191135,4.438198773874624,32.0604173243573,1631.880357969699,9.937193966150993,0
575,78.2940558118349,3.530111637826633,24.434679494064113,1560.200246783695,7.815327404097979,0
576,47.88864690992115,2.063992116299015,32.165319733706596,1614.753552228917,10.263635465193438,0
577,72.35614558108566,3.99778542750835,29.06781792089223,1515.615542779198,13.102294162796037,1
578,77.70865193886966,5.290069177886239,27.60323028671958,1554.1842685414883,11.538914621605807,0
579,55.214137542201584,2.9777344318587646,31.94323623016655,1521.5206872445901,13.073311657479955,1
580,81.43754043206928,5.023523354707437,28.65689188030968,1378.2816388861443,8.876975957111018,0
581,73.38496407494414,7.8504026364664465,24.556825784704806,1490.6750469570661,9.713667332728935,1
582,65.84712086099199,6.534584832878359,44.00686494817489,1554.7189146523356,7.911127606384441,1
583,76.32781866106285,7.465312263680794,27.564164084854276,1522.1098239104263,8.63191310991981,1
584,92.70692857804396,5.58669181539909,18.911954599239927,1204.4455784493366,8.14623033542764,1
585,71.81866255058495,6.751264734479669,25.789506551393057,1231.0026662783182,7.386554061576085,0
586,72.48220586300336,3.9140529042983188,23.663616558136347,1716.5682867832782,12.731713250662681,0
587,65.40639100459757,4.033489599467024,34.13072808020258,1438.6011908233197,5.8160794099471556,0
588,61.50155630535208,0.8912896907937906,31.60826329795793,1616.9450694071882,12.740277809609113,0
589,78.30335816544246,6.779218211063449,31.993564008951722,1281.5760180555208,12.492117849840461,0
590,61.43916174091133,7.310485969729829,28.14988767081378,1205.370824670694,10.999585350957997,1
591,70.71566237219392,4.170234131979095,28.603248764715392,1331.2806774936573,7.770985463811861,0
592,65.22342553234883,4.619072440404147,28.145344481961658,1455.4869858457173,6.835649777113586,0
593,74.78979825746391,3.8692068294635575,29.59403407932265,1366.9719401431175,8.903192637472872,0
594,73.33662105286949,5.573980327216237,34.176667176824175,1758.7867046211427,11.250240912679848,0
595,80.375399442579,6.687398817954861,31.68037706252673,1535.9046603074923,10.006127274881349,0
596,64.89983601145254,2.3858420391784385,32.50056414810433,1869.7877237123716,7.913001009810484,1
597,67.30125064706628,5.614157795963378,32.497794541246016,1580.8816308142834,12.29640956931298,0
598,60.21236284217693,4.584992342421282,34.42221218690869,1017.4898364160379,13.368766656363075,1
599,65.55706739923889,5.170091587950034,31.440750207701274,1711.208321291711,9.546801671970805,0
600,73.77300493044852,5.688491002511436,31.794240363394593,1198.089675506009,10.21867380719469,0
601,77.56988616645351,4.717696341840768,35.944031205965786,1546.1067334422678,6.982302632741008,0
602,60.77834675822375,4.8446197198913294,26.67477040998444,1345.0631884672312,9.171226567781929,0
603,78.6960592010566,4.6791872486680415,25.721287100242463,1928.5422068928374,11.020879956001988,1
604,83.55637858804951,6.455474302682422,24.07039200406572,1787.919585486027,10.709713080515556,0
605,74.13434903223701,5.628139940191245,30.91457281810128,1351.6358716596483,8.984664301580587,0
606,88.76795812558066,5.330875306606041,20.731338793904385,1474.5284663757777,9.451512983047106,1
607,62.26210800896427,3.093572418361576,32.31077048029839,1548.9196139298435,9.105578526910897,0
608,57.55345296688583,4.432130385180269,29.454034527497235,1672.682814312322,9.44307057256323,0
609,52.212797510957216,6.348003740508761,35.67319849910528,1505.8303824650025,10.846469605036253,0
610,84.96044311489183,5.056544859685884,26.640413447675048,1295.0210201238267,6.064925829261755,0
611,76.54365656354058,5.989297204383708,28.983408572912467,1356.4882721599895,9.851300970384155,0
612,69.44415329089544,7.64976770049145,35.611016666466845,1499.1036407246418,10.699951071251379,1
613,72.7996862631982,6.557909103813225,36.91567823389076,1746.8913957529383,8.859030628717846,0
614,58.74510952701623,5.139737506549613,26.5992381712409,1585.567572107209,9.041333912070238,0
615,94.45751979616827,4.23351624470641,30.9089061629358,1345.317014676997,9.099211118369102,1
616,71.29221181975228,1.1696756059161526,31.47209488842024,1629.674555541958,9.04190005292568,0
617,71.09394794604893,4.747422616290721,31.86826702810574,1422.603032224368,10.011767555700747,0
618,77.25766623898691,4.510981256274726,28.68712170342189,1678.0816010373683,10.258005516027568,0
619,74.81009231736714,5.585549291593064,36.40691699061817,2005.402083665721,5.798971367532401,1
620,72.23884024279131,4.769142159537969,20.551482581892273,1428.23472581129,11.305760742944576,0
621,62.09525544554688,4.5194224108448084,27.89434882599458,1660.3210319452742,9.420002231306082,0
622,74.71468357135996,2.330901604239169,32.239653663864736,1350.9213335924542,13.865926350937068,1
623,88.82024496475034,3.5900482562749003,32.28612405974672,1477.5472465617404,7.616702922202583,1
624,83.45420046154977,5.714976561200836,36.763795153073815,1505.9124573744202,8.265370982491337,0
625,85.93186626639397,7.573861446699041,35.99112696600643,1461.263267991124,9.594182042833477,1
626,64.88784323568815,4.853711924381565,28.572291873463882,1992.6027377550047,10.826450899372071,1
627,60.10395179741419,5.491716610361185,36.49935621765302,1438.6813850643234,6.098465345256997,0
628,68.74213079900352,6.4287172354292075,26.429791281112728,1617.3703077569735,8.341799895767787,0
629,70.55724912288694,3.783659095699625,34.65443691395919,1113.9826261353135,11.182640321147687,0
630,80.94191518470949,5.550221064928163,39.05261239210496,1586.399312673922,8.103752107134914,1
631,53.07535370285181,3.8892648405017622,36.074720534274846,1728.4109184704494,12.740052752752455,0
632,85.29550319460614,6.2972366577365175,30.528851917620617,1394.48053148419,9.092232802301856,1
633,68.4199210142101,5.227104571927599,28.341106141139388,997.9555717919175,8.201253597316207,0
634,65.7311893005258,5.44767772097216,22.35704351870357,1492.269646234535,11.220488515579039,0
635,59.87895624739832,3.8261021038721164,31.55269818957102,1503.4367700771056,13.215234773648893,1
636,53.451433281342304,6.060548539416177,24.423913860145404,1644.815010148861,10.832792517487793,0
637,78.23170583961914,8.127069381846525,26.034326681930317,1902.1806070826867,12.520858798446517,1
638,70.73317967188405,3.4881324568576906,24.046270996316643,1423.9892698799385,13.353270681273926,1
639,57.10039100258946,4.490361488528714,27.698038336716724,1328.742375267944,8.156282640144843,0
640,57.04921227936384,5.347411211252138,29.86015292756509,1266.6164397257114,11.876782668119173,0
641,66.64215300709871,6.179609317993725,31.368072905828527,1539.6157234063198,6.953058981392905,0
642,86.69021525289392,4.160680572065797,26.997466822930182,1595.8708517637003,10.84980506357277,1
643,67.40408648636395,0.7504545647858905,35.346418531975914,1390.8689211274832,9.857364218970362,0
644,54.96857046881894,7.038784241246038,28.95897371005017,1655.7365491451578,12.485900406084124,1
645,67.54256935914056,6.140759179376214,26.061387833672406,1593.076815363835,12.344503025969683,0
646,67.2727643025233,2.3855787042700025,31.131461336217182,1508.646337928978,11.139566701068805,0
647,43.03113357058429,4.088646812330666,39.817764167719076,1319.517055851175,10.596855798965636,1
648,69.45705133482188,7.352273644290989,31.67580283267559,1403.6271369030553,11.016737353443903,1
649,67.69065469791322,7.171694627686799,28.185721863131963,1014.048940463491,10.12354174275309,1
650,76.96206364813418,6.4079600340184175,22.36269321940648,1547.1574128396066,9.877608517784193,0
651,88.48956094945345,4.735831349060206,28.90293839513965,1505.268257749487,12.885156344504885,1
652,81.26565029547757,5.124481128218765,31.174640625440578,1537.6957982178974,13.125779639356352,1
653,67.3111130944517,4.80361129231081,28.06209554372215,1600.8638031129121,9.716681604595585,0
654,58.934740912583294,6.692359674903257,21.673076808795003,1577.1642972864447,10.47527280602149,0
655,95.7335980324986,3.686236390257335,25.74717305248283,1477.9233638707929,10.163310449545548,1
656,70.59218434014488,3.791300517673693,37.27269230443879,1509.7336086325504,6.77660311612561,0
657,70.13929291912946,6.515411880254024,37.170005018652304,1219.136716660766,9.327128844775988,0
658,69.75874912889996,4.933457816732657,25.56680415397701,1383.2558708621148,13.199408402096205,1
659,71.98084760767856,7.067701033180712,33.36378393599711,1510.0942107366923,8.500448249936378,1
660,68.55639588076058,3.9927316895291813,24.107136076149132,1352.8292848175279,14.229086924602603,1
661,64.26337993119763,4.917832459491763,37.021581409974765,1672.0301591745092,12.344252619178764,0
662,64.53141058759608,3.61638052273407,31.226179239471183,1368.2735838089939,10.802996301092417,0
663,69.67246729784002,5.0110440221353505,34.74820749308267,1543.2610822496633,11.121686571952841,0
664,64.56575228866235,2.7821795945018017,21.424533264087305,1523.3131313630672,8.16558660732995,0
665,62.871542173228356,4.268549868567556,33.38818550962444,1649.255518722082,9.469542495550595,0
666,71.06430227691897,2.845619202607823,29.96162968157748,1680.1582348056604,12.882798220643519,0
667,67.45022782579144,6.040884849786887,34.25964535395421,1638.8065221935879,8.770941321652932,0
668,85.0399298858269,6.074884009639478,34.57433899048925,1078.7987597233732,12.122263513897598,1
669,43.49030191606988,2.4046059042734824,30.328923447373747,1738.8296296026253,7.245919621125884,0
670,80.91506851922462,7.000828618250859,26.995851804520427,1805.4616448389197,7.603683175049978,1
671,82.4608519249763,8.74612268962978,33.89848091089747,1403.5751431357062,13.802769331172632,1
672,49.2660976759185,5.069009580104511,29.699227502974363,1547.32938253457,9.97632570751935,0
673,66.57312405919652,4.038328609663033,25.636075232361787,1321.8336639738436,8.923000226011318,0
674,66.28559134004209,9.236495886504569,25.399238842711572,1110.3242986535697,12.725481653997925,1
675,55.924883052821784,3.0215472525462337,22.61417791843809,1352.2569468915228,12.491643109927008,0
676,62.22183312409125,5.030159700303647,27.448544202184685,1391.972192107278,11.841509130514478,0
677,58.894241545341714,5.269433408947885,35.51346023037189,1429.029853729637,8.860204161175789,0
678,87.52270443423623,7.0177214306786215,30.889148998527173,1308.2171819988025,9.42616484812465,1
679,79.35678393147461,5.5396084626901825,27.351161470384795,1353.3149666365523,10.62325764744946,0
680,82.71555094994159,4.252049156317323,34.0242796909004,1497.7987356743186,11.388798684294475,0
681,77.21672064043236,3.573223444418066,25.837616891383057,1345.9546033779716,8.983032851962925,0
682,58.70948228782771,4.487267269630797,30.476751371663894,1608.7048665100056,10.341474221241393,0
683,64.75479733720226,3.489608958582284,29.101848136372425,1636.332130279488,10.534782601594813,0
684,74.89374561227918,5.0717379796770246,33.89565312794176,1976.077549232898,12.573539512750507,1
685,57.778721911080545,4.15370573020927,22.113858145402496,1725.1359864246924,11.508931657870239,0
686,77.12998430172388,2.758943310065374,25.749011270926722,1548.6206116656829,6.9863967103294184,0
687,67.59674601841866,6.882718682562356,21.80877170452733,1375.9471406664643,9.572739383029228,0
688,66.25179192450402,4.2534912148564405,28.70201639095365,1558.7494703347998,8.142433260033167,0
689,77.10959968203491,3.097794792537031,36.05713751816215,1565.3191919832711,11.136174841223347,0
690,74.4426331148604,4.747611298268688,27.472763951732365,1397.3373821988678,11.84630670101009,0
691,66.3903383418092,5.102557348951488,27.446580309021748,1656.7462793505756,10.203111971220489,0
692,81.59329803364248,2.3802999116314494,34.358622120920685,1220.380397063625,9.4637459387443,0
693,59.189366724001026,5.497471500688644,35.3427477922765,1451.1200328924979,10.138339586071966,0
694,76.15935606944264,3.4292636469646034,29.55714466365605,1611.1716918634813,10.417838546955508,0
695,75.93101257968384,7.566543213786181,33.42357427024946,1442.4831704815806,8.719800696566185,1
696,66.9045356068601,5.785940768115102,24.615227295610268,1458.6491193141458,7.56257779846127,0
697,73.26133022242118,4.400150014836025,36.88987166962707,1472.4428277615439,5.899721914889294,0
698,57.488864236146966,3.8822483445239744,40.74353146968526,1332.8797518624508,12.534364263477768,1
699,79.240270192069,4.842548438654564,32.60607895594362,1734.7801863148416,10.992732487269931,0
700,68.15097863557011,5.919186112374934,19.578341893285998,1296.392465615437,10.725022022688345,0
701,64.7727697948096,4.961758807122201,27.208848688011077,1563.631865481977,12.530397775905898,0
702,80.49009225836889,4.674261789294715,33.064126608346605,1582.7295796564747,7.489063980615166,0
703,62.95656309457241,5.087555436226843,27.892585014168187,1310.2756197582066,6.5287382482899625,0
704,55.91538703636441,4.094211603144568,36.36099277125049,1514.6208508761486,10.76846383303818,0
705,54.433708264760966,4.485191109735443,32.94078632217933,1318.0735654510595,10.58654275088686,0
706,76.0600995134564,1.8713113416424942,26.467622496171018,1778.2084950111891,6.5373863806544925,0
707,57.19570647503717,6.460589346278551,30.161324053856266,1272.2434126047574,10.719042124280945,0
708,87.54794181984364,5.448196670482643,25.53083389680455,1369.220581153607,9.199554095200865,1
709,49.18070592116278,3.839816233949855,29.08707560793779,1255.154998328884,8.385823880524837,0
710,86.96456368290038,7.848102472032858,27.22703379783724,1228.4602546264896,9.333152583435174,1
711,72.11017467202619,5.13052472058858,35.87380900116519,1818.2430581764588,5.11694285816306,1
712,69.03286888129608,3.445784642037205,40.580060284154975,1608.5549347825124,8.817251553216124,1
713,64.5508091319105,6.285106132205687,22.844058333821238,1528.0586851401088,8.59141086103159,0
714,73.9913611435207,5.597072324763894,20.383918568951238,1368.6846073306156,11.11420489387228,0
715,69.62365297575151,5.591869978226329,28.77413789074307,1681.5223622093536,9.683539726978228,0
716,81.03301882016521,4.361366593022614,22.407921505856585,1335.1555121265094,11.277737747357763,0
717,71.1422764866204,5.675743585667052,30.231058018354585,1658.7278588660206,4.9009213105266385,0
718,71.50301761461877,4.6073625646683585,33.74468056902963,1325.4977446788728,8.321803554857905,0
719,66.36387787786144,5.833912177468763,37.47070948633412,1371.0984596248657,11.111994103142887,0
720,69.43054376278933,2.142583318984042,31.006972793576406,1651.6564772235843,9.38227073885369,0
721,73.0780176889206,4.349189805531216,29.034223875752105,1672.7654688311534,11.690921065948734,0
722,52.89831607343375,7.583232646712292,20.10807541713458,1619.4945867793522,6.390794181221553,1
723,56.518145778942866,3.849398816899549,30.13092574592899,1290.065176848641,11.462221679378949,0
724,77.43264094022715,4.09424255376022,30.35643630274731,1410.6546268554343,8.72172156442992,0
725,71.70865438127942,4.3280579923250375,33.19478407106373,1531.3797482397026,8.527605831234652,0
726,68.1601666364732,3.1777907961670353,26.457559492354545,1330.1438076179816,11.982094093854904,0
727,70.18433933065393,1.6875788356576216,27.8247369988207,1774.1925520258587,12.323802259913013,0
728,73.47581705361671,4.654120402214581,22.609988723479077,1019.6106112098907,12.069399392174564,0
729,64.60240319690638,5.203789136122485,18.54353596557967,1344.2520969261695,14.077283850096531,1
730,62.216952745976876,4.921242397192022,24.457514546016085,1398.0866994260336,12.533607216886669,0
731,71.95845255097682,4.7826821570781695,22.148370928734916,931.2112670456464,8.409126832535403,0
732,60.21627222384968,5.064561306275581,31.683561477103055,1220.754173952762,10.2832762562713,0
733,74.08252755714472,6.534262207326146,27.409329716665713,1625.0579025084137,9.27960418303013,0
734,52.9741639576216,4.714330721106175,27.308814349626054,1506.0567273105928,14.058179719898131,1
735,80.29155637325644,4.138876134369095,25.07793476912394,1814.6272044085806,12.209739909397419,1
736,74.72597482413043,4.57831177266787,13.837172837437834,1809.0452891769637,9.622239726573088,1
737,72.56029734313876,5.869020139635164,37.54155374373775,1586.6092757207894,11.755819595506004,0
738,79.82690983945514,7.118040317814874,24.99864738611606,1562.6476498001423,7.53560306737379,1
739,86.65474444462576,4.057784391246233,27.937899650750467,1513.18622171578,10.500523475290946,1
740,80.1437006501813,5.148400680543325,22.725539173553447,968.983596424102,8.124155014793832,0
741,51.59125768668355,5.507536162903939,34.85965171720317,1221.0880973347848,6.622815598745186,0
742,57.204230332642986,3.5111329899067654,30.71714468518662,1520.1351006197867,11.569072475059667,0
743,63.75181422304321,5.030625750819377,25.868173573670656,1623.2051417495343,11.817182190375103,0
744,70.26091050210833,2.8014892139868572,28.03885194327988,1557.933962427628,10.914425272423973,0
745,75.17659020469122,2.346424544390902,38.39089961062435,1321.5070064568686,9.634065918866998,1
746,62.742561868465344,5.550119611838386,29.63515284059361,1687.481256493899,7.467282690307181,0
747,71.86766764477078,4.424187888003826,29.09133231192047,1796.4888057509274,7.677306258565505,0
748,62.44617067646678,5.303420611431829,25.293092569303674,1687.5979200582678,8.061440040522406,0
749,63.884821970080516,4.973157534487475,20.527094247638487,1697.919865918094,9.532653416550152,0
750,55.93338903151778,3.535399927004304,29.19980663210328,1388.1548404089579,12.15235746720983,0
751,60.76766753889096,4.932118547053495,31.627425561623088,1715.18682454016,12.120808422157305,0
752,56.48315394383666,3.1503480424777175,35.49792232163835,1529.1517278655315,6.702864800774246,0
753,60.241267470226674,7.086458537002101,18.757517327501724,1602.311105704401,8.613533326566106,1
754,80.5364179660784,2.9660444827100543,24.374518364884857,1573.0863685649417,8.559677960856323,0
755,60.50601111168057,4.706322093547128,27.09629454721775,1475.7025789119177,4.936833742997509,0
756,96.32382064837391,3.4365926179291275,29.98259575713399,1327.9995049755396,11.132241893899815,1
757,74.93317900880889,5.855631760041193,29.274831542357887,1483.5726672891908,9.507680351362957,0
758,71.84836123694873,4.5028529430777455,29.39155657156365,1697.3523234965646,9.773714926738048,0
759,61.41642219818787,4.221999920568185,32.04048029284972,1411.7048389374181,12.691742116751277,0
760,77.00309879408991,6.279802317577332,25.483534446104454,1678.6694525216292,10.176618026568715,0
761,64.24362173762226,5.044145887516328,34.67070721116848,1647.4141341235345,9.138539070067964,0
762,71.22009814645361,5.774966668903951,32.167262208497405,1440.212520596034,11.144155242009887,0
763,95.60084538268795,3.528011095223803,28.4008386793596,1777.7600207239152,12.117743693151123,1
764,69.03940100275351,2.8927745841087398,38.00453995944458,1428.8906657618588,10.59293513209845,1
765,81.49273326285676,5.1608119430602,37.78208017785883,1801.9093725225264,11.378379197396297,1
766,62.96823574874112,4.521730466757903,34.66447677596904,1586.8253963081945,9.708864700514232,0
767,69.65011509503039,5.939652008680916,14.907216147161037,1496.8268163092973,9.836284507280675,0
768,87.7080063563551,4.880137321006176,37.89472546358988,1322.4397239324692,10.226041420597657,1
769,63.730329422122324,5.307613008851945,33.973792612359674,1482.3479539729917,8.493758099134677,0
770,88.12448557996929,2.5649262050881347,40.032043188564685,1459.2480973011159,8.863876771260799,1
771,77.07751935455475,7.832655409421385,36.18732295866769,1248.3407229498189,12.755759283636948,1
772,64.37533224105732,4.753637022451953,37.891713387486426,1456.4769154564665,14.015912191724642,1
773,76.3240773905552,6.046380455508799,34.3932742509019,1339.2393639805828,13.18439582807636,1
774,79.7255444962673,3.7458624946705603,36.74346599322756,1617.1983537957562,7.353485286462905,0
775,76.21809962217196,5.4620148533260116,39.9706187036722,1761.2560951456405,7.160284930830055,1
776,54.297752801095434,3.045732854712882,31.082773691891028,1254.6168647409518,7.618581136109678,0
777,62.728628241751316,5.6781017573895065,22.13884727960935,1842.4615456733845,10.268774883758962,1
778,67.52481364448495,4.466038873421251,28.46269549992429,1474.289793122974,4.382550815284673,0
779,69.25566570899954,5.043785755903351,31.949727996917183,1304.9957230122973,8.822396866760998,0
780,76.20672097550678,6.046961045195147,30.37443792185779,1651.5509560416367,12.814198578322227,0
781,71.77701000933254,3.1511895331695796,23.76719016920287,1410.7091043489904,11.964877661457816,0
782,56.64655641289899,3.9732624040808044,21.844661874025107,1483.6526647937012,8.981810698852986,0
783,73.80197851005963,5.685986421630148,26.294186656825854,1419.1443511575842,9.133289117658725,0
784,76.10585745283824,8.147332211820121,34.03869777992075,1336.65241362702,11.134483413613808,1
785,75.5979044793104,4.792876498007777,37.90169885411485,1644.7994064803806,11.870537510488397,0
786,80.80780725554622,5.886704176885899,34.582838068888506,1442.7397194211626,8.93372546452048,0
787,78.33922154548904,4.83954279521228,35.28713643557068,1212.6696415641509,9.531267956561125,0
788,74.59180079228437,7.9133683921344495,29.59592213418221,1610.2120248431866,8.867980542959954,1
789,69.29834288541353,2.379167499552117,21.28958771147018,1258.883529795249,7.337301117249572,0
790,53.39039066484008,5.141931567004037,27.723897095586473,1269.3479654649482,9.560512503956371,0
791,74.29618219132585,2.5616839496569086,28.706177940638106,1738.5212409954631,9.408144919582472,0
792,72.07687687163111,1.240142644194925,27.51473756582159,1260.7320201579575,7.478711768022689,0
793,72.71578837195374,5.446193079676725,30.27347432687313,1036.7110286145019,11.29216187527546,0
794,57.232514241796906,5.209246694221188,32.20709879946475,1624.572296992299,10.96664135725178,0
795,59.189434595917376,4.572744593386698,34.26507594121749,1439.227314103774,11.391439401690153,0
796,80.53152853332904,4.84070886494037,28.60940067816833,1456.4689757723768,8.463859289071264,0
797,69.60444846143345,9.647449151106887,20.481202971777034,1437.09992132996,6.032848643770706,1
798,76.81500697372624,4.612737292952849,27.585611403544327,1546.3339878037455,10.934662259291299,0
799,70.28318376130461,5.765186541875112,30.21855198495992,1349.4561516193864,8.671774570740574,0
800,70.29756139495746,4.025952770579178,36.11403961066704,1795.222974913153,8.218663733508597,0
801,79.38283805975998,5.442848862560905,27.160960789079475,1204.7539039381204,7.485893850713115,0
802,64.83955271782627,4.642649487416573,32.56271814199701,1588.9749833354247,9.449354943825693,0
803,70.96120776940984,4.384222275905405,31.45043949817716,1628.4242007753169,13.154654594100947,1
804,65.37724711294958,7.728347798300487,30.219502665616943,1348.0696478333243,8.98910095728897,1
805,65.65503772567685,6.765777444776509,34.65266659662296,1295.2531109444362,7.820393911666132,0
806,66.90827876531361,5.205119971098846,26.695794016237095,1703.4348428340313,11.303866802060057,0
807,72.22133771633713,1.5436820960840496,27.12406775178242,1301.827849196657,10.345624559542568,0
808,65.21251378336522,4.458486165121146,29.94049588452886,1378.6672118498866,5.761397264623585,0
809,82.55756125573521,9.054541346607625,26.7992674745315,1677.4617924919494,11.324692639506573,1
810,61.05392697780496,4.6540075000404375,32.540061455273,1506.9482467078049,14.256935537003201,1
811,68.13128355838641,6.654826358080487,26.434038478169334,1140.571266474179,4.798928145141953,0
812,65.60268941725825,7.162913602928901,31.131521038725673,1849.4118289107028,7.528587951955752,1
813,84.46977884353733,5.328445873783963,29.499136156066218,1393.9978482440067,4.302945822696787,0
814,71.96554776511574,3.7372675521977716,31.07462982388353,1419.4485420187166,9.84939115851833,0
815,80.31844539468635,1.3470315023256676,27.701293024684805,1551.156850465273,11.980772473222705,0
816,55.14439626963028,6.026244812913432,28.304558527365863,1625.0153594008145,10.211001499592559,0
817,72.67050265869258,3.777865995764678,30.48004633998525,1892.2208582582934,12.783991396225339,1
818,78.89630795623437,5.264225677831538,31.010372530806563,1167.9863701188608,11.661100580660268,0
819,70.82283989275425,3.125269490615954,29.97899042304422,1665.1904417851893,13.404294647004354,1
820,80.65480375065351,4.602143689294697,38.52681178256542,1648.6019388100153,12.32042153621419,1
821,64.82711549899628,5.05057858235158,25.04631540629358,1472.5670178251767,9.194113862780991,0
822,84.0934744018558,5.402890371566447,29.678981025236432,1657.4547389632444,10.13345291246968,0
823,92.9889812361925,3.327766718971379,22.131854889415077,1686.8548035273093,8.262646169038053,1
824,66.37161439560342,6.7953664231420285,31.86040739333693,1223.6074430025992,9.538687662263902,0
825,65.54497478599228,4.104657822902043,24.423767318115928,1849.953301176166,10.12366334403624,1
826,84.533844771177,2.488295809320132,28.60844872061712,1188.2475493723716,9.830185352929291,0
827,85.79572145730712,4.8364648700548045,28.139678373343372,1272.9367437522453,12.68450705260722,1
828,64.77139972846732,5.05156296353969,31.404455633005856,1447.6424652751807,9.33966387498634,0
829,65.79813182904142,5.2408841497576395,27.2360454122741,1884.9881026374114,8.135827172885286,1
830,67.18215391139493,7.0431986055276194,27.02347151153009,1438.3486740493227,8.260777930193626,1
831,56.555494889657226,4.645326744896211,37.17928232042949,1493.613221989838,11.310200543245061,0
832,60.81348053515802,4.820570563446843,31.42283395237263,1786.4157207809126,7.193723183822001,0
833,59.95859233247932,3.34522342815036,27.19474573988866,1439.9363714869055,9.597627659698166,0
834,62.32202434895871,6.2308302543318455,28.745831640943845,1264.3126574138648,12.655000490910842,0
835,69.65315112613219,5.276463596117155,38.226774761353724,1416.5530329523372,10.58519689148166,1
836,72.3421473253652,4.369958409058756,28.824175608744515,1774.1583667611555,9.850789221762492,0
837,85.50500492814076,2.1429879598018045,26.55361688423806,1514.1729994110274,9.92817919272314,1
838,60.016459592612094,7.166618292582632,26.575019249368037,1886.131651811252,7.940870815545654,1
839,79.84322398476584,3.1584800533159143,27.254367595052113,1647.586985252431,8.285730579130918,0
840,67.86011155774491,4.113082985945441,27.027511387866387,1371.0382127213034,9.609636654170846,0
841,69.50536290347567,5.537516766614004,23.601760758253786,1510.2152608930157,10.542546060218587,0
842,76.74819492166604,3.20516310707497,24.378999515265107,1329.356376371624,11.896300023604221,0
843,58.772779784377015,2.7597353326202847,25.85339812819315,1366.313393870246,10.18512123434287,0
844,73.82409746184051,1.8140786259490027,32.95785509226549,2395.8168502051512,12.705548351508495,1
845,71.66452208213056,6.081495429358454,28.09381356363563,1703.7249020067622,13.21039603041905,1
846,74.92451264008149,4.182220632910517,28.964191554529798,1672.2195978013347,11.590534424964407,0
847,72.89168643907819,9.390905138709995,36.350440126274485,1375.3639369383873,12.44996281611177,1
848,94.55300139910895,3.50846740155369,36.47503574969209,1813.9168132562158,8.018572957223812,1
849,63.62260015748684,3.617823464856618,28.589375284311323,1719.8831203585873,7.7016021306238756,0
850,64.69003044998182,4.151910544571898,26.845682446582956,1876.3242578715542,11.035946752580331,1
851,63.76859473575236,5.364701982707734,25.677848431632313,1866.6228296796899,7.317580376265905,1
852,64.44522880839746,4.294694991822033,33.463878848541185,1204.1821423804956,9.419256311968134,0
853,63.62612872693482,5.918498321003768,28.97646383238856,1278.0321021460186,11.542383810659478,0
854,81.89016531107552,3.5321174150170185,28.067525548386048,1299.2424369072728,12.826745849370415,0
855,84.20504247989855,2.9276124223046285,25.931677124312237,1311.2118713335126,9.491568699423869,0
856,64.29253706250523,2.302677890886339,26.151667954943058,1564.690472852078,8.700111409384618,0
857,61.67644426895771,1.6646387480942049,31.60029095746622,1386.6393095808364,10.640923243023165,0
858,74.71415556386404,4.222896470787415,23.42280867056369,1914.5197081525037,7.852913112952221,1
859,64.47776955719029,4.548529531410167,34.97434346893969,1880.9359764163275,9.653442703413146,1
860,76.32931817755511,4.052844458775225,27.330776780925408,1498.707681184192,9.983999903447437,0
861,72.029230208513,6.865108695780743,29.251820278741036,1891.065243229958,9.94403201465841,1
862,54.84255885002768,6.842045314412203,23.315110209297227,1797.6269254480403,10.177006947635764,0
863,85.47505201330061,4.4977955188332475,29.938170308788177,1409.8586881645483,8.330970288855717,1
864,87.95877673095522,2.3091183302120557,28.3583952865472,1098.1569311948876,8.546014014763166,1
865,63.87211309515614,4.1499423379174205,29.749597005717668,1456.406323007854,8.505767477934759,0
866,66.12298440064016,4.100267909124408,37.358544491809454,1371.0755737843053,6.759811321609886,0
867,72.85865390724905,4.014297556582913,30.8884902289512,1541.301125029166,10.683660643692212,0
868,73.34456789987026,3.9534216441526326,26.02670407927098,1517.8456573749497,11.78931490338401,0
869,76.5854427267283,4.019805656412789,26.44340044726716,1512.6035317798458,11.592620165707071,0
870,90.1020453876635,4.42018757615336,32.975655929568845,1604.736948275833,9.47500627907849,1
871,68.2305277250595,4.046688351776665,36.49346645496712,1257.4956105832644,8.377989521072225,0
872,62.01702755461546,5.312483762938388,31.40959010375525,1582.2720555139415,11.488629284725379,0
873,56.20680771985473,5.540553073857292,33.443563722773845,1412.0767693965988,11.277846044749104,0
874,62.69069960058081,3.634032369226265,33.04868861668353,1539.9964399727373,10.434841284872592,0
875,69.66873027126204,6.90659798901055,37.0953220667876,1691.481969046438,13.488622504846546,1
876,87.94557863517788,3.5299065472390785,20.252049136369834,1255.120045355794,9.947148957265874,1
877,64.82388700963828,2.5732990792769943,33.33609469652264,1443.7412694660861,9.486220032150223,0
878,72.23787951638899,5.571167107047578,34.91868021951782,1476.2931531942272,9.2003653378508,0
879,69.83577103927247,3.77388779837849,23.306381469322133,1397.1462056858718,6.8782445870383855,0
880,81.88393273448084,5.481937206136082,25.57165907996792,1679.9658992265915,11.322679928284584,0
881,95.26932425873622,1.3944970983492047,25.746086256859233,1355.9223282399057,9.789029265684446,1
882,64.6913122707968,7.088683912224601,26.356049018113083,1388.9199201115323,11.01986248271359,1
883,65.10560557481777,6.008440112060603,27.59141474532237,1358.016173409587,13.68375600418248,1
884,80.44160877069072,2.7492851762554977,31.213014065274706,1718.4110822877603,9.218496460190766,0
885,76.81891489626311,2.7818343142305713,34.32837325583685,1401.5111775175567,5.323982566416897,0
886,88.46707325736034,7.508398856146291,35.40658478884268,1592.0090781767112,10.962140739021544,1
887,75.83928185325964,3.893930144753062,25.81088469416109,1895.1410202460147,10.33371877978535,1
888,66.40707909212941,3.7487227269010646,25.776485006485085,1485.036315929883,8.53509224805736,0
889,75.9065483069231,1.6009218587760756,36.57910920008111,1722.4121360066315,10.794532671242996,0
890,81.08703580582907,4.473832691597669,33.23371967709322,1834.2708168186255,11.572192640208751,1
891,78.20482181197364,4.658420577746371,30.41432420934498,1705.4383120080827,8.106780179576905,0
892,75.07274031107298,6.073239645154228,32.366683377774834,1496.639736804452,9.397336277193235,0
893,80.66674689589154,2.901382357723287,29.850981090742795,1628.4215517997227,12.953507459697857,0
894,81.69295590445672,2.7195698116390856,32.62292341523808,1242.524281372931,8.55675561754127,0
895,83.82158991037527,5.676443952164715,28.319666517471298,1343.9913683700097,10.13333951082757,0
896,76.48709887589642,6.5100951068405974,31.344024672196156,1379.0649636736161,4.751177667912231,0
897,68.32881919683146,2.6432714733231752,22.447269748152518,1948.1224240348565,7.03630899783741,1
898,71.46713686433323,6.6222711294496115,26.561078525872844,1337.4830971489466,10.315034994665599,0
899,82.06508966508358,5.056312762230232,26.61494411604828,1334.5046497476342,12.455975619171202,0
900,61.83064329012764,6.637708008611968,28.12804983396543,1291.2158039502033,7.275940635997998,0
901,73.68673308872901,4.894669457723575,25.36743372610126,1611.9623523861521,10.149128124120994,0
902,66.0666118767264,1.2165831237680744,27.332281870884593,1528.5242785337766,9.248564181892567,0
903,70.28744822934817,4.772048926525942,22.427929688009396,1717.351795405313,11.906176109984987,0
904,82.78451862607298,6.590215728006905,32.7435023819745,1634.251933215471,7.56439338935483,0
905,71.91099068019903,3.6593809713744285,29.587432405443028,1223.9220306551865,10.860155296734971,0
906,70.46436548156149,4.418052546638822,21.473961961119915,1338.5444459979258,8.692618626007485,0
907,56.40143859020081,4.735799744673533,25.825850447266635,1773.0657496551644,10.44607604965295,0
908,77.46253566027221,0.6507291801972777,31.683007137810833,1459.340351084639,10.137862104616945,0
909,76.45484181141076,7.507021363156214,27.284890268071052,1737.5183636036027,9.496441851714764,1
910,91.6325472330546,3.647936480154238,26.515292699309516,1470.0638104169366,10.955623692538769,1
911,66.92221765046999,5.758603148709199,29.627036614959618,1306.4687143422957,10.087305468605923,0
912,72.1915032766394,4.869948295777687,31.71798767589108,1439.3478444666587,9.73438739584661,0
913,72.49383683710755,6.88642858453904,22.818237714804198,1306.3900408900608,9.287166931954514,0
914,85.77453279763475,5.609084183642121,32.7506424060894,1386.8894475195152,10.155196779490673,1
915,69.04704467613048,4.647613592718538,25.998533591963117,1540.1851413130491,10.444087096292144,0
916,72.7902152577034,3.65972736122108,29.910360158751008,1602.321018073804,8.021715839838757,0
917,76.0789650971654,6.196776052073208,29.822899296542452,1181.9617353491403,9.301057524165246,0
918,71.86609123156359,2.189838044068075,27.36466940880113,1496.5263984981805,7.889628110737655,0
919,65.53566385449471,5.968835630413839,24.88170126934643,1382.6768528880496,9.920309154438428,0
920,71.94089992898307,3.351432872667691,28.571567259538682,1370.3170382082376,8.815335590291944,0
921,80.73631749859771,6.87842549293496,38.12665154537598,1526.5369238266153,11.541566295962511,1
922,59.7348470058894,5.241949313994042,23.191624847681844,1389.9096254621577,11.34545395551338,0
923,71.32969674146877,5.966185651775163,38.46156509552438,1776.427598969335,8.15450287287126,1
924,62.99879185060827,5.122983220737079,28.70139414461734,1737.6123752502122,9.99538530920305,0
925,81.95046628924842,2.371434357288505,30.176857085443196,1736.365658788408,11.277033158496728,0
926,54.76813095216225,3.708906254906992,24.566445943076364,1401.0179609019397,9.649383359671942,0
927,64.41078152728412,6.008584006417074,26.143652916612595,1307.5002330161356,8.54356495038891,0
928,73.7721187506452,5.249983726039766,27.485451749809904,1516.4059858776232,7.815192943910409,0
929,85.65524029234341,6.771484857958508,24.77152514561044,1469.9303267427465,11.708535123156725,1
930,69.34249738927012,5.604911844555757,28.95541021314564,1378.235367515327,11.805426296569939,0
931,64.44800473306802,3.54994716394601,27.964920540966144,1264.8531106666078,9.584104802251902,0
932,88.8115706944059,3.805903793419049,39.253905712178664,1491.6964061463857,11.532275169053355,1
933,55.51986099583756,5.154376085784856,24.170129071597692,1419.1861099495054,4.069578940229318,0
934,48.01194043379918,1.5289339009998422,30.513452583742936,1637.669407407604,12.655109301418472,0
935,74.40014450053333,7.510162828434478,31.239231409509124,1633.021210304296,9.686110389445643,1
936,64.97945775647389,5.662620104566336,24.648397256740814,1720.1599610845433,10.283553121598977,0
937,59.787671828692865,6.8405518955733084,33.434137477264194,1248.1408896239923,9.358964552668061,0
938,77.08356447299353,2.6290940887862466,28.00836493559186,1580.2116615387265,12.791414963735011,0
939,72.43800713771199,6.866847740532883,17.53805174208466,1354.5068587532655,7.878536752088932,0
940,64.35921369263272,8.347248366541622,33.29924806052283,1255.9171578377832,12.948920653213671,1
941,57.19695601329106,3.0186824669340235,24.41529557948818,1414.279552610258,10.792541841890221,0
942,78.72457328280144,6.15710269235565,24.761125269304504,1713.7409960269235,11.245328431836317,0
943,76.50201177958661,5.00166491703094,33.43951041446199,1425.536329285903,9.341590873342168,0
944,69.00824136220618,2.683349227627634,28.26419258790775,1813.0909319918223,7.383561604207259,1
945,88.46636996047665,5.739325957777805,34.5888607527575,1609.7757031040667,11.861021531072202,1
946,59.29915233673847,6.2504048072560225,36.05083047682659,1421.1819042038846,10.622816702378662,0
947,54.74474829075261,4.098310170996729,26.77535769838851,1732.0096857812816,12.723246916617635,0
948,63.080919301187556,6.748874780382835,33.966312479775155,1589.0793544228573,9.612447359568604,0
949,69.54413983644503,2.4998548898162034,26.22269599303559,1313.488122310659,9.16153724220217,0
950,72.43339449322691,2.7578657803255338,41.16557958566088,1871.760527116103,12.776176473280604,1
951,67.5876394214367,5.2048960933831285,26.535214977343923,1551.8957646172953,13.823788328994889,1
952,73.52055396514297,5.038077916958407,35.13043720480002,1503.7592383970984,10.01869435273146,0
953,57.48460575809556,3.9251397673638424,34.21895012940788,1328.8934660188768,8.494485006285787,0
954,84.4376460407326,6.214391653957829,31.58043911054467,1735.9076535215477,11.621061525579098,0
955,69.17848821607431,5.796341471323924,26.647284192916583,1603.4550854722613,9.491958867658651,0
956,81.17295831588127,6.287208606401024,29.243012540292955,1625.8476360590482,11.198525650801596,0
957,73.42725346377703,4.815295346971599,19.23205943527724,1398.4937312948464,9.481448051242493,0
958,74.56753219153784,5.903870401967511,31.12210019191125,1666.8201143820138,13.128028036423625,1
959,75.69767280232205,4.331524545455008,31.748076655141926,1682.3627187141603,8.6010209898986,0
960,74.47708560017315,8.080728035129894,30.667497095306857,1366.2443522437754,10.96105932504392,1
961,76.42722759867544,3.7811813448170213,15.133469143537212,1216.601972063802,9.022596059535752,0
962,83.29152530132431,8.157946144187468,23.671817774550945,1616.2746118677849,9.436986877158462,1
963,71.9652116970147,5.052331920634113,26.259545085756688,1185.330610078852,9.175888690478846,0
964,77.09003757588512,2.936733665646886,31.458294665945232,1530.4031555675558,11.47721613218683,0
965,69.10264305712774,7.052119025732901,31.446694528214923,1410.5509790425385,11.836726229867741,1
966,84.40117215449473,5.1888520825924385,29.148881040144104,1743.7330421577842,11.115477657864743,0
967,63.2360769794073,6.2766861475703575,33.17622768301978,1421.4312218465586,9.784033066509458,0
968,88.00940432910815,6.83578387781389,24.8687881234855,1721.454594400761,10.280360062003185,1
969,69.59842049355656,5.506933331217538,33.051175028469984,1397.1581111273947,11.79544313691885,0
970,55.69224897881952,4.111638732780778,32.37371052419945,1699.9982010119222,11.85862317441521,0
971,71.2810441491079,6.463570066503875,31.887773664189552,1912.0683087673665,4.61944873729293,1
972,63.18948342525119,5.001133261181893,29.08979784457172,1286.390572326752,9.455555656454608,0
973,78.40643548988724,6.028786727912628,39.15371912415631,1558.4071443461817,9.55148241712103,1
974,63.47376020697609,1.7694041393128082,32.46597844244939,2049.7564831820127,11.338505128252324,1
975,65.5381656678522,5.670472575514777,25.158320683732207,1513.3177653805844,9.86645836457851,0
976,51.10459269054469,4.042121262282455,31.241527378679923,1512.3576540459296,11.438366761898575,0
977,65.47693680750923,7.479964455767796,33.762416885371096,1657.699789470204,7.842678457938895,1
978,45.76120673371044,5.934631021833643,27.05945700537845,1508.2161728189508,10.52010903092156,0
979,54.16097176514277,5.359786618773945,35.4463612346555,1158.5548010858895,11.800411306900989,0
980,77.60414656144297,5.729464990025332,31.910168528580055,1726.4574749677877,7.051234261363703,0
981,77.85800158650832,3.5023387206849224,18.287608311673264,1099.4103172269615,15.027286936417806,1
982,74.25457561784965,7.434885035792081,31.49835988668963,1416.6416697723316,12.38177186573304,1
983,60.33023856870787,7.987055627625357,27.969854227936423,1741.4851498313296,10.002706604931284,1
984,69.5228864385802,5.589370265822325,32.68589907270868,1428.6915142714429,8.343183785522463,0
985,69.96397460909432,7.385605352860458,34.72107420125907,1361.2607015071192,9.649829699452589,1
986,58.416353108074574,4.146277701991199,30.97581023570909,1675.852781033312,10.16760471922268,0
987,85.0339830176715,3.804329650662529,38.32626116972348,1329.7770426331226,10.881325113624095,1
988,78.77362290575671,5.061387123093384,29.106465577182522,1255.5548560816092,13.001321698920062,1
989,67.79035826170336,5.652411557551848,33.12408911526938,1554.9027974986566,9.047803061114308,0
990,70.26885838994531,4.409019978135319,34.02471286818674,1463.4153403174819,11.125419675145123,0
991,72.08382807947552,5.806652285552726,29.513270155536336,1251.2653771622315,7.415141674799774,0
992,49.58265131575709,5.459584223110121,33.89387153988891,1627.390507998974,9.172798571349466,0
993,67.52822617479403,3.5025398370634173,27.026635064189158,1592.8975211154468,10.753433695738718,0
994,63.180157520022014,5.778189526177582,27.887157904893908,1428.0489966788737,11.382524982017609,0
995,59.983799901050844,6.2952923637822815,23.437556548318437,1441.7335987750107,8.493535046670761,0
996,67.18899707114045,5.257203976385586,31.207045581850235,1594.0785484018313,9.118416607976172,0
997,87.97686526849523,6.7289721548925385,31.62625837927172,1738.0722839504133,12.92111327116709,1
998,76.4084286126701,3.173894309754572,35.89631579289615,1443.441357978135,12.32381723925609,0
999,64.28821010217203,5.701925633197778,33.95570002177942,1630.9376986016289,10.416914434104733,0
1000,75.72582781356158,3.2445789404048377,28.576022216762833,1613.0400434169198,5.526709693558569,0
1001,83.99355436586002,3.3288779626503686,24.109101563328615,1675.8614585417952,15.022265095380018,1
1002,79.24633682912769,4.053603749393315,32.16425201259987,1507.861839748693,9.96013687668551,0
1003,70.59630369920174,3.5869097246386326,35.553765862073206,1317.5348971867284,9.374865883957346,0
1004,63.53063222294426,4.178006271888293,33.77592486901972,1407.500169360006,8.95528014829177,0
1005,76.9822331361359,4.6787745339332165,35.422387624286436,1568.5706931563295,10.752734074398218,0
1006,73.9348538542175,6.255731729497077,28.940552344008786,1863.6928756763186,10.77316517834186,1
1007,78.95193220027733,4.518261441941446,27.66690515912177,1403.1960753607443,11.901255746253025,0
1008,76.35171801681969,2.621561439845611,26.315493238841004,1660.9574887054798,8.147875671301973,0
1009,80.49552715319335,6.7101017697427405,29.72051766693202,1434.388709864648,9.375010243717478,0
1010,64.64764788439432,3.7443647995774407,29.607046020155902,1522.0937511772272,14.061091446448405,1
1011,83.17394065634326,4.911919359343057,31.033388142695582,1803.0793498527185,10.449181266499984,1
1012,71.975996046924,5.6698047604110675,29.35351271482246,1652.8585162840866,9.654951253346507,0
1013,90.75260872625265,5.299415627604175,29.331861351366143,1251.7401454518085,8.116764468832596,1
1014,63.10812181910432,6.641269321282213,26.11652973513928,1385.504995237682,11.011868611641503,0
1015,87.3596380316525,5.718504715089138,34.708095067757455,1751.2442688882718,12.062036434084888,1
1016,71.97910783462648,3.7080356304543383,30.382590311218557,1528.3756085256991,11.749175291619615,0
1017,63.48581996385552,8.267843260987494,29.12778032857359,1270.2319760768273,9.482398272782167,1
1018,65.16114165945679,5.29150019500735,26.26285373375398,1336.2095110052558,10.722504566727073,0
1019,66.7965269180568,4.778989660067741,23.34043444804457,1640.6987045422343,13.343318873297223,1
1020,74.24165946401916,6.445888134583356,36.53982096274672,1698.882056243526,12.141764584342937,0
1021,75.228354880355,5.374176418895108,32.77319354065904,1503.5710602964348,8.431674515613361,0
1022,64.26299996061421,5.59884228940899,21.880410787150165,1995.0627601872204,4.907989870757061,1
1023,69.75645407739017,8.738275997901031,33.815711503548286,1664.8304726911276,10.59354501416847,1
1024,91.42270358611864,4.58731785761743,34.61240585116555,1451.3037860734198,11.597136253496865,1
1025,87.27543170100711,4.5233586589739065,30.621880611504647,1336.8587903801313,7.8215510162534745,1
1026,74.36323669674032,5.174867768018696,37.990554478758796,1305.0231390721917,9.982420955754444,0
1027,70.380034781682,6.607273903371558,31.083598210614415,1567.0842640960739,9.472601868253843,0
1028,71.20031326718261,2.7401989547144012,22.915882360254052,1402.2445910173187,10.208572644464398,0
1029,76.13517972730416,2.051666162785242,31.825845005241604,1834.7487507966848,8.910607425760576,1
1030,59.77207434801595,4.119327094069779,31.224486508563647,1793.262360583572,12.581021995255988,0
1031,67.42623462576655,2.549115561411069,26.983515756109227,1626.6133094994454,10.295937761265526,0
1032,53.314159261224106,4.362752978711542,32.86779418438712,1264.2007654086208,8.2419662276705,0
1033,73.9922312260528,5.753749544193935,21.66167366904569,1365.556225489519,11.83492430718744,0
1034,76.4719593970274,3.6638767046716048,34.95283413721395,1751.13550514822,7.47162480801659,0
1035,65.16813537700627,2.8597601348279866,25.609391481972736,1387.3867600409797,12.568988755070265,0
1036,85.73986763290033,5.104005742573022,25.075269374414837,1724.4283467839048,11.982118848445127,1
1037,57.74234336997659,6.293815226922756,29.430876138462615,1594.920784606952,12.779550590641572,0
1038,55.3562511979018,2.457539842225081,32.16486464021818,1510.3435769626374,9.68350725511677,0
1039,72.24451818559972,6.230348597458976,30.819620317967146,1359.4334374129119,9.007772040433247,0
1040,80.47098302612154,6.225959305607489,26.28670417113811,1481.1512312950497,10.168043521866187,0
1041,86.83927691457869,6.431127653234942,27.469553544040558,1537.9295909749796,9.831126427288938,1
1042,65.4111573713106,6.827720322307529,24.334788263112692,1706.5077796602243,8.694527428872975,0
1043,80.78680833431295,8.303020886989424,28.87660049185065,1322.852879873249,8.892753371748714,1
1044,69.61491530499293,4.465861927071417,35.37510607255455,1447.436631494777,9.267254305467072,0
1045,68.2737270005918,5.164357370116787,29.97868531178062,1508.964626386457,7.659992627120275,0
1046,78.83659937486672,4.375342350127962,34.297071273797265,1632.535671537233,11.35592657919867,0
1047,76.52322878413419,5.002965267133717,37.27700668863096,1318.3071324954446,9.895405724857987,0
1048,54.236078430157505,7.299310033454468,27.059907404815164,1236.686041422557,9.383243061532706,1
1049,84.76540349725896,2.982478274103997,29.06713373472318,1634.7930303420098,7.779291678116645,0
1050,83.80091354147451,3.708425491751637,40.855964305312476,1196.4101770106595,7.67925404466507,1
1051,63.74437298490471,7.065771404756842,37.221717059899724,1756.9959429524338,13.871828101444825,1
1052,73.95803533437409,6.530054760353135,21.637977370938238,1468.8147805034184,8.74548507427686,0
1053,74.94030186282738,4.455302529774383,31.935741580304533,1190.4937835451108,11.221056788418654,0
1054,72.60673765823907,6.28160300168108,30.00279996169848,1403.9159561193012,10.325268939800354,0
1055,64.4969484615458,5.51182376373805,34.13226555429381,1575.8247266138474,4.449623077783795,0
1056,63.283766320619485,7.250411913501482,26.275106162574723,1393.4597824890045,13.584901646277185,1
1057,69.74445929008554,5.111764390740159,25.80195813979664,1504.0059497648695,11.368167957552233,0
1058,81.72729019259364,6.5384481708088735,26.619646423531954,1648.0156731410573,8.464659691390382,0
1059,75.43600154594432,8.96301786573893,27.140357269007836,1459.561932922476,9.94326699114081,1
1060,66.29385667913894,5.8971487325712,34.07662083404507,1312.5884647067733,7.701633265192669,0
1061,77.71698710648344,5.0739922486922655,24.0939941342556,1440.2032005256317,13.652440956922268,1
1062,41.51457379369924,6.083670477831469,26.886930500203405,1782.968027291852,8.184684583517072,0
1063,81.48765700372104,4.452078712694172,21.054938047492794,1837.0128690666368,8.953832006610682,1
1064,52.60286221221901,8.581951558287098,35.03558911706187,1096.014765211545,8.540877843704818,1
1065,66.37559058596868,5.270106556543972,36.355150497155705,1718.2055818382953,10.160758800418341,0
1066,58.803301053738565,4.59060001966173,28.36463284568107,1550.0295432070714,12.740633000278628,0
1067,57.053185242790946,3.7464664924699456,28.510253175933887,1684.7965358240301,13.578748898190316,1
1068,81.6082678737852,6.645830287409657,32.266109511414484,1389.902347946474,9.202007711555407,0
1069,65.32298798688109,6.300781119241608,37.37241003689128,1146.3472980997028,10.756517964635846,0
1070,73.46503881730716,4.25396844287886,32.043053737819584,1616.8977577294922,10.163810825208147,0
1071,69.53079421120816,5.8646770176836345,26.512290287624428,1311.8045477434566,8.036781471111883,0
1072,74.77040827223121,2.7371660476807156,21.905887140067797,1222.3415137030295,14.845111149191888,1
1073,70.76821891060256,5.2774558626097345,24.424368686682563,1236.3197235053067,12.72551912459251,0
1074,57.1700777581143,5.679134528115042,30.366097251562326,1620.182756483067,10.37823169942207,0
1075,79.9626681944714,7.560994714338834,26.72336238399603,1527.8904932058394,13.163752186997975,1
1076,65.06243416838687,3.843771795906966,30.974838529953793,1656.4932043749347,12.42421342543561,0
1077,54.434181013402494,3.0824710567965132,27.23537991881883,1633.815050899273,10.163722682163511,0
1078,65.71884839034088,3.6568580586124373,24.709267843527943,1415.813287083247,10.651927210655986,0
1079,85.00759790634311,2.99514724952762,24.114841842734645,1485.9052852245088,13.024252284753308,1
1080,78.50221742113493,7.004986036638474,37.81177254686615,1397.712494243492,8.10769283774064,1
1081,66.5134786559214,7.322958942536054,34.444938745918215,1457.934445426902,13.347381394642678,1
1082,66.50742295681572,5.480324866923244,38.652589759139794,1306.5490524037868,9.549774878629767,1
1083,66.78364948782617,6.831942418527722,32.699754503775516,1578.096858774867,13.049353485695134,1
1084,90.76747983560841,5.200937570870353,27.850042956925805,1715.0241497963514,9.98954680507436,1
1085,73.81935452231554,4.857332528448851,36.61670461244969,1336.6773940358028,10.675212444945943,0
1086,74.3004164719107,4.500443571419358,29.83465999319116,1756.2539290802686,9.931383286855082,0
1087,80.30283454031843,4.534413512933652,31.104208851451762,1522.7042992955883,8.936312754377544,0
1088,72.38789159026514,2.678297665536453,29.785878104622405,1548.2157952811626,9.459890203711376,0
1089,67.40957854179297,5.396382145411009,15.265478903579927,1160.1140960784965,12.758222806337134,0
1090,68.03650150915021,4.939499134678934,38.023675061474265,1138.5475380868531,5.371672034655063,1
1091,69.28398740585936,6.118041086116814,32.455019729788766,1528.8232725559365,7.522068110390325,0
1092,69.62777763490159,5.140285244657915,31.64911530434255,1657.9464249264015,8.549056581283796,0
1093,77.2762954363698,4.755944447646362,29.691119688647195,1365.7239112710095,7.843310415127958,0
1094,70.519458858073,3.693210454988554,30.817139101930653,1834.0187801166178,13.019959220830978,1
1095,77.3264007721558,5.108229855232642,27.01360532076876,1646.987194850863,12.51535395570641,0
1096,69.19283419891417,6.107355846224243,33.082896761536354,1318.331749658403,11.184063618789231,0
1097,70.7863519031609,3.2849915133742087,23.464508278004338,1506.1697334107014,8.724391865044929,0
1098,50.01799315467892,5.1312106305211085,30.930342162352733,1995.3858267446824,12.670103733588274,1
1099,79.16327674702481,5.349564427294226,32.807867352855524,1251.487199440059,6.823740148008912,0
1100,73.46488475897992,3.9229028245726036,29.006654330885485,1605.653987783021,14.283965280295872,1
1101,79.98010109859652,4.118215542638,31.854338962355122,1435.4510894553316,8.630740405644898,0
1102,41.03744621806311,5.345916273149322,25.043328038828747,1641.3792581837024,9.475929556317123,0
1103,90.88374704780728,3.2998684725610654,25.17086614552018,1753.4547292636764,9.141312299010572,1
1104,68.60410371844826,5.524885572874089,31.183585605131967,1422.7525822577265,7.853785171802646,0
1105,81.08182816737516,3.6569684395112,33.392748273105255,1723.7824543414347,13.850226247873838,1
1106,59.60094072874469,6.594280539549825,20.625671722491447,1944.2406788543922,11.577789261568974,1
1107,76.12773905062569,8.50674161808245,32.61010317555383,1513.254947468847,12.430941084159574,1
1108,59.46584436826344,3.7088647974472706,27.283992498118316,1656.977737498837,7.552661455878458,0
1109,63.76231039304195,5.801311793562012,29.03596956346294,1381.911845959345,10.361875654008,0
1110,89.14031353866787,3.909887142676971,23.302410382174813,1503.8518618062426,11.042057378662808,1
1111,68.09317599236654,6.5614312606966845,25.74191379906646,1464.6649814583516,10.541513047099686,0
1112,72.17432873179723,3.1021123863721773,34.830626627651554,1659.3871851317192,7.679253097864001,0
1113,78.70067730688754,5.7208801376415686,30.164316869901064,1740.935187151385,12.151000042261273,0
1114,74.95681887972604,3.690516549665971,28.086107991452206,1478.069030176508,10.24310016557031,0
1115,71.50418905143576,4.689523116352447,29.417558236844826,1806.7245691465846,8.090071928713995,1
1116,73.64961002466225,3.4534620872790396,32.446059123321504,1806.0094883123259,6.2894989208946726,1
1117,94.03415585238275,6.233525706343631,32.20247248081669,1669.3707486359801,11.21333302697976,1
1118,69.42381202966415,3.7445294683406196,29.624864998015994,1396.7946936556543,14.900911468263,1
1119,72.01099046714967,5.827946388997741,35.464795554483345,1377.6342366520194,7.9694914533074375,0
1120,80.50654396007612,4.4838529576065005,34.85231318453333,1337.5237290619923,10.340894100825931,0
1121,81.05525932957984,4.828291442301706,32.06686014565198,1689.8332140476323,12.220994558183154,0
1122,81.8703030556038,5.221633861100193,30.27305891455035,1257.6463585021272,7.460695467797398,0
1123,76.38730222029184,3.857262992511727,33.286605475597696,1635.3675308222014,9.04008646182995,0
1124,58.569950872695166,5.31555067031133,31.571337109005917,1283.7781304351774,8.279682441477195,0
1125,86.33431532301096,7.295501846531616,35.304000359029736,1664.7092239683948,11.969353389649092,1
1126,58.53654606981312,3.8328578212509283,34.49780688369154,1503.4439165461122,12.651045138708119,0
1127,73.02635465239034,6.7577152149107675,24.908730492911356,1766.7277123719655,10.31807252946347,0
1128,62.45724149980642,7.247146450231677,24.570184146291467,1728.2909156642543,8.316531862011798,1
1129,69.35861653407008,3.7757675164579343,26.493752277979617,1787.0130824004223,9.114418124144304,0
1130,73.2876241030348,2.8174180923641723,34.880693450334604,1792.1637436578226,8.739002971506494,0
1131,73.21357215450273,5.452941350257647,22.11845501614377,1528.7261667976395,8.045462276753987,0
1132,74.21920754235285,4.17888871584969,31.973786945539967,1268.241386715079,9.795923598363071,0
1133,86.13711269058646,7.802904828744504,31.812715455464808,1289.4953890005243,11.149652968923725,1
1134,74.5353430151398,5.052211310749748,35.813240293430965,1082.6302941368126,10.980514888857039,0
1135,67.55843364709351,3.7967008879472313,30.90169345331944,1283.2668333143813,9.983535270860978,0
1136,79.64087168288357,3.279260733482433,23.283953047080495,1513.76473154093,10.114107673650727,0
1137,81.89470488924641,6.634857438636246,25.203225196759384,1388.0691638349676,9.836898409820442,0
1138,57.72392184863008,4.14322403887372,24.090022390510875,1463.9728791180298,7.405576921667453,0
1139,75.97400069849859,5.065743199190642,27.310280168334298,1598.5430838922803,10.320269793965744,0
1140,77.01172742310898,6.4337041176687215,29.085492162880364,1439.1869483868484,8.8327488290907,0
1141,67.02436496640009,4.273612472103755,24.172792368894715,1275.6342399174832,7.305313561681125,0
1142,83.75706813311619,4.931106756889759,37.353309953261444,1489.3532664873135,10.741411134231168,0
1143,68.49944412967473,4.97514738526622,23.373593140237794,1320.301902645431,8.77653992716291,0
1144,71.25576453471542,6.024986767274138,36.7305171193124,1445.8427006041875,10.455507842517672,0
1145,68.26928175716131,5.886116503265489,35.9258151571967,1768.5553928846007,11.695275630138855,0
1146,70.15579047581467,4.669829403117757,34.491512748445174,1445.898939180765,8.099522557709536,0
1147,59.037249131047986,5.095473592244777,26.53116696251625,1854.191510669549,10.184242564145944,1
1148,55.59949117405706,4.442331482714767,31.712254395884507,1786.327197387594,6.379154236539277,0
1149,85.94505063224972,2.783581389620833,23.61314433224691,1384.1389382841915,13.065066181218553,1
1150,61.53038651681672,5.386401286097194,34.554535175168745,1277.7752467168448,7.281867006222436,0
1151,60.08607650543693,7.838287641249602,29.630076092318657,1489.4891676159614,8.970360675205251,1
1152,48.466098863962856,3.674421288963406,27.953398927066573,1730.665552679378,12.676759807527915,0
1153,63.610382523104974,3.8404554355959455,23.88127576671865,1401.9618187542624,9.530954147838028,0
1154,56.76910206592502,3.693908342534388,17.612469406854917,1681.6180596524277,7.6052046273994,0
1155,86.4201516013637,6.0868876680846835,24.807295714821223,1741.6879978272177,11.42614646457307,1
1156,80.09817089342634,5.67272818129466,35.56399097806453,1345.1948699274787,11.38106492430237,0
1157,63.118496548222765,4.762193461375315,27.98583285762598,1364.7897823422827,8.733627321269534,0
1158,92.52435805344308,3.6229714075415527,29.153355714424762,1642.5324064254014,8.950146958439202,1
1159,79.81765486991594,5.1385651874598866,33.27777179144226,1530.369509928314,9.129182058763828,0
1160,66.75168616491378,2.6530668089962934,39.028344390581324,1362.7876946912643,9.585952078627937,1
1161,45.005942851264265,5.21513985028624,36.62502327472819,1429.5639103760825,6.214057846156386,0
1162,92.90942572590743,6.307286579131901,25.13832498091906,1485.8960894545162,9.637152277763802,1
1163,56.10427533236404,3.1232012950494834,20.28714714281297,1187.0291150089079,13.567828396366297,1
1164,53.546012530431085,2.7012225847555045,41.79807129550052,1653.128621296539,8.208060065526592,1
1165,80.2257043200964,7.369156837542289,41.344958058297266,1404.2615622121618,8.833012813060472,1
1166,94.39752406339272,4.082360540743123,30.942267982146415,943.2567552403802,7.632764673607208,1
1167,83.84272818510519,6.703921768915733,23.647558772090893,1495.2258063381094,11.224323852790707,0
1168,75.6390912005236,4.769003502203253,34.816132669469695,1351.6857482212986,12.406394716284753,0
1169,75.94754341665286,4.757067774588009,29.46008156993695,1837.7644384605353,12.36063567835525,1
1170,78.53415558780307,5.657619049244968,29.435094384466947,1382.9109958160063,7.50397882221268,0
1171,77.58928589786765,3.674001714880339,34.47229421552564,1280.4713272842778,10.99958346099392,0
1172,72.81191423969376,5.198745715243469,31.671873734366493,1601.5865339924032,12.867500068428471,0
1173,71.04201103951875,4.427765877763861,24.070925444925273,1367.9105263984834,11.019326215420246,0
1174,69.37406872100478,3.019259834892453,28.37629032459013,1344.1087597495534,10.956819366687553,0
1175,62.46035411133324,5.506223112089598,33.30576464330673,1601.900276564881,9.056714842729683,0
1176,67.19324923133226,4.605038289683126,32.551261112025095,1291.9065384220867,10.440219647587327,0
1177,53.07043185804615,4.764462757332939,31.31008287179238,1208.5452683601093,12.47263635941281,0
1178,69.0166037320525,3.184758584878763,34.66711477237932,1845.1996004188675,10.656417936857528,1
1179,60.11408892849083,7.387100551644206,28.191415060913677,1615.899747520129,7.5034504879405475,1
1180,58.964106827842286,6.315071279579174,30.89334887609536,1447.158143001127,9.087916651428056,0
1181,71.79894151153478,6.446233826257968,13.122104499111998,1499.3045580596129,12.418559077777987,0
1182,83.920022863446,4.541832946337477,27.75174903078593,1601.1728716232312,10.649486640702191,0
1183,79.18316606002313,2.4062256657448695,33.819514542878224,1694.6674899226841,10.238124156486153,0
1184,54.29499396376823,7.929376073734266,28.04802766441429,1348.8049417369975,8.8919689335066,1
1185,60.10371863429663,4.908353737991198,27.66886304141444,1573.2293051931365,12.37719836106887,0
1186,79.40771187988216,3.8768003059699194,24.792735241125907,1398.6591647579523,13.324825195644515,1
1187,60.175126064616904,5.6252023617246705,35.01682946364573,1462.203751097475,12.526378246036066,0
1188,67.75366850002976,6.750681182004946,32.742316367702855,1532.1385734929809,12.885183242890745,0
1189,75.50052099024552,4.9654241658718,34.127072989115426,1498.6642853894655,9.282587518467666,0
1190,60.31655545136365,6.917862751909062,21.368930190210552,1647.1133796605143,8.999661805252192,0
1191,71.0537550614596,6.624499907775302,29.19774978367183,1597.4173118231188,9.687309653001629,0
1192,56.65974505081795,3.3854282188969123,28.59944496124997,1198.3661581255644,10.077146483952507,0
1193,63.98632356048786,3.9893148415107853,28.597141467007237,1228.4353585869117,12.862039560250512,0
1194,73.19781934142537,6.436305744919651,26.91986228141022,1426.0566630481414,12.331773478936833,0
1195,54.070062664683306,0.9310811542843433,28.269478641099923,1865.725052488365,11.076938774508989,1
1196,74.40474737960399,4.775816460252517,34.24822391353326,1329.6816334996795,7.137626468306226,0
1197,69.80362201073319,2.8537531975629924,20.43574323326085,1458.3554580774494,6.62395631080625,0
1198,75.52489954417148,4.285169297849713,38.88647384015227,1392.7307946086955,10.480925489603406,1
1199,72.23914134064661,4.551769866456194,32.41920562513231,1389.191123182384,11.760526411201432,0
1200,83.64140429973844,4.462633433138738,29.788340521698935,1535.647948781011,9.840865902027724,0
1201,71.25224502647907,4.171608121831087,34.534170731864634,1780.1554552391303,13.82980900995681,1
1202,65.70594458874747,3.354284525556779,22.740826274157826,1591.193679976118,7.835117912439129,0
1203,71.22297503032284,8.437866900228029,26.67649547424493,1339.2938077145816,7.583296101008802,1
1204,75.43298029036387,7.801193006242026,29.39462283804723,2050.6459021606415,8.671438051051359,1
1205,70.48860070325705,3.2569012696155752,36.82780185216089,1515.7146441922253,8.595405573617528,0
1206,70.40591691203882,7.373175126955351,29.76751709436721,1384.5558087235772,11.052571737363959,1
1207,62.980083121932445,4.400801764290721,32.25027335592573,1782.419274935518,9.156576296312995,0
1208,63.37099082449052,5.1937812099975655,27.05210502031936,1406.1858764112362,6.904319077442677,0
1209,55.97394728200307,4.905089060154626,32.43421034483745,1832.5827309974886,11.783156913390233,1
1210,87.4957674318694,4.010377038119051,38.38619796487228,1325.8714418066666,6.480096147855741,1
1211,57.56136764608715,6.47577851540922,34.97763345837057,1786.0060777842739,7.857563553978581,0
1212,63.07094802204092,5.1888297958649865,29.592720061110604,1540.209532856339,6.754586858512262,0
1213,62.81592734430802,4.285172865171138,33.377454236327345,1758.2104465404868,10.414242554141747,0
1214,78.94924376944441,3.0431158342992912,32.88758477303606,1880.3531417403087,10.372095424302424,1
1215,67.05050321707972,3.6596074794213194,32.532938358486376,1273.4785418957492,13.832908642032706,1
1216,82.47742072673734,2.5379298265968546,35.55976680430204,1755.1543641516646,11.827653312291101,0
1217,63.26509375756132,5.018335322622754,35.52238851918733,1218.219219114919,12.883292366684401,0
1218,72.78994162223802,3.2050016115734064,29.364207015625578,1290.5631289503544,10.577219302596987,0
1219,61.64652946740243,4.601659231222188,33.209395307388846,1339.3181080415127,8.046136357818874,0
1220,91.45149127773388,7.055152780415556,28.08452539420103,1600.7273272355721,10.256215203986992,1
1221,58.12401580970487,6.798949359382378,25.384638018422113,1506.603175386972,11.184842014774613,0
1222,73.09820710227028,4.951584658846073,28.652531221480068,1466.5727831674328,11.40761476450315,0
1223,76.33776880932099,4.869372910785275,29.618609241302085,1529.2470558044722,9.055175711783315,0
1224,74.13799097451498,7.819811824131512,21.69209505411004,1618.2579178586946,10.977572947564799,1
1225,68.14712341122292,5.781134180538067,34.3016627970836,1633.6496247882706,8.133944058317471,0
1226,68.70179300266574,4.508290310185216,16.16337288698801,1718.8333671230262,7.913444811778566,0
1227,70.4381147197911,2.860972824319322,43.57408469743161,1864.006962553488,7.76843057722903,1
1228,68.52997998371511,5.5908098272471145,37.5093956689816,1495.7275255117047,10.049251977113594,0
1229,79.6387911679491,6.243985658874294,28.694956379138432,1395.7822075738168,7.644327289847393,0
1230,92.10523001591352,4.052522713229534,30.047131802818868,1622.7072258370376,9.150511220257984,1
1231,64.42508214992166,5.436804132707048,31.514859367936417,1271.149036747076,11.805833102827917,0
1232,56.301970204209226,4.454640057627456,27.054198060055292,1364.2591735776778,7.94174064384339,0
1233,69.11717951648745,4.723951401201496,30.963095737934683,1699.876189278558,8.991375932991366,0
1234,95.79709337654319,1.268266913656503,29.280000111491695,1475.174325036459,10.14326255355234,1
1235,61.963254320302696,4.667327894425797,29.52863641384517,1258.3615083283921,10.493773803064533,0
1236,86.39116805444067,6.454053953612082,30.907305317403193,1202.039386926965,9.001418818388878,1
1237,86.77700814076441,4.052896166650163,23.43236100823003,1509.7433358787614,11.573720137470314,1
1238,64.46411758292005,5.0787895523229745,30.19784862066824,1728.379307393602,11.180904601569448,0
1239,75.68983079185276,3.8660739399621193,30.817238733087386,1725.7091555062373,12.279713208723406,0
1240,86.28396623128538,5.540662514439159,30.64424810677957,1522.1761005785675,9.83679615130588,1
1241,66.20872259012513,4.67521520369574,28.92084622281923,1901.7818838192256,8.974362381087314,1
1242,67.96419639897638,3.59113768897699,35.689288879846856,1479.0359268119075,8.634735955975756,0
1243,64.18319086051356,6.998827201497692,28.231737225592244,1472.2864753205179,10.614055035858726,0
1244,59.852432693071336,6.3933980202983225,31.13662953411595,986.5128180522,9.245688434377454,0
1245,63.50722454933993,4.092639854107738,36.48648766962773,1410.527410167757,8.86166044463842,0
1246,57.760597332377436,5.746682464126666,29.603119299898438,1670.4030069816988,9.103425471509356,0
1247,70.34083468259226,5.806118004230571,31.072316337337757,1812.7922673719409,8.632619029751496,1
1248,62.30026768941358,5.963451852516764,29.518076818425513,1333.953073266543,10.398042225525463,0
1249,72.33785911790747,2.458616156007383,36.186848967817994,1592.4504658586097,7.174833634911878,0
1250,54.44104353796373,6.509909811548942,28.711377192068525,1709.3758064646577,10.606032584949926,0
1251,73.30880232214457,4.145451555611403,36.41677288644103,1502.24163063918,11.353097520805902,0
1252,78.33528961608924,4.463258099838099,29.482060526764677,1043.343908494554,8.838241723645405,0
1253,50.062643574285445,8.9568226283903,25.702701382759916,1549.4579999148505,13.844073879213095,1
1254,73.74056569847572,5.452810071081518,33.396865852870604,1652.2861248121785,10.035242621953707,0
1255,82.27668992473292,4.420516286829237,28.47666083122172,1310.5154209963082,6.877314033800223,0
1256,57.90358981308795,1.6920584408661412,33.102504495495815,1449.1690938251227,9.43751418732666,0
1257,86.72572386837703,7.084646200919533,16.35297807538133,1268.9007915742473,10.125312289871593,1
1258,74.19019009366045,2.982185493787096,30.02602630947473,985.9704902839295,10.897935111140427,0
1259,62.949881442415915,3.494841644750745,27.701973506212596,1705.4008823575314,9.485138951778307,0
1260,69.44230922342294,4.502971551368226,24.68370656734361,1499.2502932396296,7.9768594485912185,0
1261,75.58326912521723,7.124617687550439,27.233794990801,1819.5349993409966,7.8100387637754345,1
1262,70.76005391412411,6.159859979998639,27.131484278536742,1671.4644383812354,8.692801429636658,0
1263,75.38755992446369,4.76324373523961,29.760071025747095,1429.1580476669103,8.884449274962474,0
1264,60.79326406920634,5.462438095458231,23.16336769357522,1483.3638679791184,7.730051670201485,0
1265,71.69360824036077,4.099421460693342,31.581368901298568,1613.2354781540346,8.534373677792601,0
1266,55.8628550309502,5.209480534348026,36.83107392602894,1693.3766833511486,11.31891704887871,0
1267,68.88773938651299,5.110005117167205,31.40464248473913,1564.5341261484023,13.296825215388974,1
1268,60.960923585352106,6.4531548435220305,34.04494304614504,1721.118629057897,11.510923427741925,0
1269,62.64470057410233,6.450767183658424,35.472812273068975,1440.6662526651057,12.611722172373625,0
1270,82.36093175210438,5.740966073308467,36.182447560920885,1300.5712906428628,11.948236936467396,0
1271,80.9131012059427,4.456478663680847,39.35069346410653,1487.0381492877739,11.66626065679669,1
1272,76.09138120907177,6.11273344158519,27.50399000862035,1541.0369781472368,9.324407473885344,0
1273,59.07687235327421,4.86204730069543,26.407580074194417,1259.6929210521425,10.281821756773894,0
1274,66.83591550305198,3.3771284469303007,33.91732824162367,1232.6555831706755,9.158761315087958,0
1275,82.13097699979184,4.395068312133592,33.541331098286996,1589.4772592946856,9.561785675332747,0
1276,71.41716913639905,5.126790475676486,33.878376498078445,1418.7286297259152,10.136334200773172,0
1277,93.19329539981695,6.365323675497118,39.44641227125126,1466.8318188675996,11.427132303158054,1
1278,73.93317839394372,4.72470774176427,30.05684954399247,1428.0614668598353,10.846646763030247,0
1279,71.92049116490031,3.186201933140591,32.130782798230925,1804.1201803526424,9.676341473971288,1
1280,66.908835357975,5.085112524945229,25.098058742582626,1752.352232079,10.111077481783333,0
1281,71.33540904782282,5.170184060084829,40.67660561987979,1252.5292619921663,10.866927348387053,1
1282,68.47530163619456,5.27875644335413,28.317275393954446,1393.4413573839106,11.33478887611567,0
1283,77.0810867668859,6.379807273931645,28.45892035919585,1670.0008535939187,6.9620096734855945,0
1284,79.56702316794585,6.528384860134848,28.266250544958787,1620.3872474206485,7.845222072202127,0
1285,62.140105394920504,4.1086836914275,26.775520706778313,1491.7084075340429,12.214621067878685,0
1286,56.68767046442222,4.075784812926585,26.352814755761752,1272.479959007153,9.878260860137884,0
1287,51.637946268967035,3.4397019335667904,27.381478585552372,1363.4919907692909,9.151846813266042,0
1288,75.07991326912544,6.048223505420714,23.171020359745278,1396.646486490742,9.473001054147922,0
1289,58.966333938261265,7.173230162506574,26.07341039868381,1555.39886622382,9.472589388846892,1
1290,48.471094070475175,4.527377108136615,39.7448155572381,1840.7454309394475,11.115875563048748,1
1291,73.88578604530964,4.63785415291251,33.67827571820684,1362.6239530423745,7.7839672120384655,0
1292,94.9299951743279,7.200173835348464,34.62952088363859,1294.792950488952,10.049555492993523,1
1293,69.93929088460106,5.758336779822511,35.88604393708457,1478.2827046344114,10.492235458900808,0
1294,78.38490774451643,5.654353557201583,39.170672821811955,1706.3477961028118,10.792535833131007,1
1295,70.81829358547564,3.2136252410394097,21.14288724278078,1210.6234066478594,10.445727992420586,0
1296,69.01110346808858,6.018092103919129,23.850584423567298,1790.7268301749896,11.031812460628057,0
1297,79.19076482987768,3.6062954892353627,25.981381695526572,1465.593727576866,8.854607697883374,0
1298,67.09725455811349,3.2989697210975626,27.65135101755201,1353.1359995373252,8.11639453535009,0
1299,72.67392314071903,4.479842634849931,28.497153047073756,1179.962142647568,14.914008886501026,1
1300,73.21697806196013,4.121310914826965,27.765112235969795,1641.3041546841255,9.397470630851528,0
1301,63.31909546356951,4.667600458422441,31.09654456566027,1465.765760951693,9.631091058690863,0
1302,79.92042349536523,2.838527548212622,30.17647695372608,1534.1410965509015,11.355680195435768,0
1303,68.25040243304592,6.438224459701509,26.385826024108752,1319.8376517977272,13.192178584388483,1
1304,62.442548405071555,6.691529441774644,19.12225611506215,1436.1807931497954,8.910943766130607,0
1305,75.36509843570404,2.0789862887887787,25.03565647310651,1402.6837507290525,8.00236946362095,0
1306,61.015320182089624,6.4676867084998255,27.253806733437123,1479.8813789243584,7.51569329841678,0
1307,70.28181157369129,3.7842070552675606,28.764602815961403,1366.089534724838,13.18621244300585,1
1308,69.90881003355797,6.285463305474179,24.351662703447317,1193.1638078625556,7.923786027077932,0
1309,80.85895565831578,4.897330261000376,27.5459676675179,2045.6999490593214,9.944888126968866,1
1310,74.74698232879953,5.0431633461214975,24.34506305757207,1227.3191505324971,8.045430335914062,0
1311,69.74973041254856,4.722353525868172,29.370903242258336,1536.2918013885078,7.103288164083392,0
1312,78.17766299200287,6.818193806350229,24.634543358186924,1145.5944343151916,9.415249293812629,0
1313,83.90207549017313,3.1406179812124577,25.755476718147676,1100.590512676405,8.12442666731768,0
1314,75.57810306351863,5.911760508102513,23.456579345054305,1519.5652983704535,8.616743149153374,0
1315,70.10352619843381,6.651995247334326,29.23249652215108,1534.8735175536606,14.012210194834807,1
1316,56.8816376764984,6.074510120810616,25.667761150238007,1752.2997981604767,10.849792208344805,0
1317,59.348863369246274,8.487048371485127,34.533921333377144,1579.9093682031412,11.862939039107978,1
1318,66.94775295645333,4.206579855912952,32.029251333464494,1470.0378562508417,11.649319125698506,0
1319,63.90487797840717,6.435957233890297,29.650740659081784,1310.079951186999,9.79827815384195,0
1320,68.13028697014553,4.840864046987869,26.012572513281057,1799.8024136467097,9.120563281244753,0
1321,70.56649924897107,6.850109114529005,31.902601526581513,1685.7702492100448,10.497869223722233,0
1322,75.2969275435673,4.988466506417946,33.45350444674318,1250.734104450315,10.33690153986499,0
1323,69.29501221940909,4.418186327206295,30.713442061008152,1507.592745642127,8.862389165669384,0
1324,74.86501643826202,6.959108305807444,38.01850927733465,1528.8104463052994,10.25969566093372,1
1325,70.6447441481012,4.262657091471605,32.29818659037408,1430.869268678866,8.587340586607416,0
1326,50.24533433646128,2.880911361649166,34.56803608784017,1654.370097161359,9.65708413871832,0
1327,60.606646061812455,4.224729675239257,30.667827077679892,1666.3466276696354,9.329433050965326,0
1328,68.55912444278384,5.928549419882799,33.37832226628488,1461.902860438979,7.462254814788442,0
1329,57.90305257158892,7.088058127380637,26.01609383665412,1443.8261508404682,5.29768357377566,1
1330,75.99928729996205,5.166694062944768,27.70800818393603,1799.7916925335062,8.121873500120602,0
1331,85.30750832343698,6.977295600851038,31.746817767411898,1686.5677784724473,13.608209329172603,1
1332,82.18761851697317,2.96273761778361,31.710497407786907,1514.4720779816769,9.380636435926544,0
1333,67.86557129069791,4.335104802773145,32.53805911471624,1174.1581921839893,11.551936321792809,0
1334,84.90726136849952,4.567137324268848,35.50196446139365,1568.8000212610073,5.751109713813284,0
1335,71.48667457202112,4.828160858791221,22.87514414092294,1639.6166929835335,7.983427864071345,0
1336,66.62914028881961,5.126141582375295,25.127737261948518,949.0956743203254,7.291020765275299,0
1337,63.8659733645906,6.036366436088289,31.147863205371266,1550.373889663605,9.59539997982577,0
1338,66.97530313511872,4.332789742744264,26.3781818409827,1416.6616026408528,14.843910961070486,1
1339,66.11823181458772,5.208543030429689,46.88884120644681,1455.8291439740897,10.920477886455835,1
1340,71.70416222375488,4.932315664513922,32.57859809585068,1318.523809447336,13.391225066556173,1
1341,71.60573981049865,3.6111651441632753,29.608345755349212,1470.3621419192716,9.491126544628672,0
1342,70.03046020153414,4.829499966377847,27.422653634580705,1778.3983152362662,12.729738747710144,0
1343,74.3693816974635,4.7845107051543225,27.599188584034778,1410.720300236897,14.146513413365781,1
1344,81.90646274786342,4.752379152495431,30.15070330657589,1693.1147117586368,9.781261867179083,0
1345,79.49554135441323,5.047639184872176,30.55990966310629,1338.733756224078,8.92147057754527,0
1346,55.151020315500965,5.113510310920079,27.716504276532437,1651.7512385312077,7.3643781260196945,0
1347,44.46078865098045,4.3515572313390045,28.63423876740049,1500.3311711243903,9.381879482846061,0
1348,79.34319911239274,6.909072100956897,36.72142287617298,1570.4049657578562,10.163793350401582,0
1349,56.33121301584579,3.245779056195475,36.92252481325517,1501.4306512194976,14.061907234698298,1
1350,67.75234598107316,3.9185448372951557,31.260169899674384,1628.3250464882417,7.410052051807828,0
1351,58.298869739406406,9.169945436335334,23.29370136381631,986.4829764132484,10.119323787393956,1
1352,51.9801956241998,3.443012967516155,32.69251578319522,1216.034937308486,6.371383757220766,0
1353,75.41462728204787,2.969367987935362,37.77141220805513,1583.416099601729,9.146474342322865,0
1354,77.59155160302647,6.1017151175018265,36.84890550981189,1091.292329220753,10.622790714824038,0
1355,64.2348959927328,1.8843202193391893,33.67212926404834,1393.883928870558,11.025166305377116,0
1356,44.0895770785509,4.647089135041342,37.11211477642911,1489.13183179267,11.178046159283843,0
1357,64.53755551747517,8.218737387614732,30.26692136239511,1334.3719724774207,10.79480806577369,1
1358,73.91804005402547,2.6825961167698993,33.140514849168525,1361.6877194612453,11.160843880192482,0
1359,55.21088431225871,2.02705327139193,26.596122168374098,1554.3164400307185,10.091478258005326,0
1360,71.83359919779156,2.751228197063453,31.461327280778562,1701.8589911559618,7.904267388022056,0
1361,69.84690150827005,6.347539352520478,36.647671219852626,1308.3101237490384,6.296686072639888,0
1362,75.79291499601088,6.687165079978719,27.052882942565546,1384.9883607625259,8.906624356525565,0
1363,71.19580368414154,4.2311168045322365,25.69278285267857,1353.747805334591,9.73076913387354,0
1364,60.26931059118444,6.024818606001603,30.487444695118484,1015.7240496245443,12.507863594350962,0
1365,81.96571501664491,7.085382991267984,28.86668898138,1528.3423580635017,9.798796649687626,1
1366,68.4147042697303,7.681019621644738,33.2457386053521,1686.9435491656984,9.606861931566614,1
1367,69.72695460490068,4.630497078230228,27.733702370264787,1703.3286414631764,10.771054253683559,0
1368,60.667320409268044,1.5477924234950198,38.59219807801357,1325.8467247118522,9.459976025097596,1
1369,65.5671774880849,3.7686816163854697,23.55161951019472,1249.6603902959714,11.621083997893876,0
1370,61.15197285973099,4.359793707597113,36.268673931098675,1504.321109518337,13.958667236767756,1
1371,68.27053940076577,4.611591805132414,26.175753858459483,1665.8547373132935,14.381571028421401,1
1372,87.11708480142343,4.71821089848692,21.020086327079884,1530.9700896620768,10.194081254488978,1
1373,56.28098857068643,6.678341896896004,31.18937578174434,1557.8609271747523,10.673784729390896,0
1374,53.86438602123259,6.911642640031372,28.726960069930584,1728.3661855472467,13.157712240746967,1
1375,84.71170327493608,4.742489519112825,24.451953160484848,1352.1726881538593,9.700075954207458,0
1376,67.90676322848134,6.647727314077728,21.59311554142368,1456.005982665394,11.358384283848359,0
1377,63.309272613400836,5.536492049946634,29.958196063642717,1826.9211023522403,7.72967974062835,1
1378,80.39904687396077,5.096758959293858,34.87918445811909,1460.6377753804745,9.378321703450004,0
1379,63.94384460263136,6.359816235664946,32.92476746543222,1246.5326068066856,12.312229233290614,0
1380,88.26009713546937,5.1083780723568735,30.283533244196327,1366.1287807499411,8.563608732424754,1
1381,76.7792587133927,8.086716765646644,32.39423786608867,1312.3640297557515,9.743897642540645,1
1382,65.12088591854297,2.842383249808161,29.863929338110715,1571.432517140254,6.851580708795761,0
1383,91.57308213265503,4.227243651361974,22.851378784848144,1320.8105992822443,14.011536589019274,1
1384,63.94285076996662,4.810221654569075,22.89553007388278,1554.2068505722489,12.526056139633805,0
1385,77.42095372009307,5.659179035686986,28.984157355076604,1352.78695629187,10.376199132305496,0
1386,72.99292580406492,6.901940730654633,29.196733568169627,1075.3242923203543,11.015025744164657,0
1387,83.01741289398798,4.963402149145765,34.25491339253382,1561.3239573963845,10.791796213886737,0
1388,85.61511196726853,2.866655525740689,33.786521118873736,1529.6927363093778,12.768623506061571,1
1389,70.32004149065767,6.263770844682506,33.025665078794745,1603.5515631417682,8.962399915257254,0
1390,62.46582129653817,6.1324381492129465,28.598586434614095,1365.4025561669487,11.464535239856463,0
1391,74.59972142939117,2.087212010930891,23.096739149449302,1344.0911049281247,12.154832997704347,0
1392,63.22284630247894,4.994293799493801,32.06035568533012,1580.2933716963091,12.430651940952913,0
1393,90.13387247526623,2.614787253979553,32.62584656631084,1803.8039145061962,5.481258232336605,1
1394,71.36535331082737,4.003023353746906,18.05734268761157,1502.2336019012655,8.801451043469712,0
1395,66.34678448687892,3.6457866095558003,25.828309067086686,1584.9170192094289,7.961658757396192,0
1396,71.84680305864909,6.213897047362979,26.54472811303052,1435.6824631148586,10.299176571141372,0
1397,56.52873710470303,5.175245261258276,30.59175100561718,1191.273895625263,5.967939560971455,0
1398,60.28385961489349,3.0716134988659585,25.98319783617153,1693.4858838308116,5.908754218108794,0
1399,82.00413907944426,6.320098944436014,29.809327155876797,1681.6828478172324,14.34018998375252,1
1400,63.43105721028604,2.8492912641073787,28.94732529823504,1642.1548050350389,11.23537877652668,0
1401,59.5308901731806,5.495170685706415,29.20425264231136,1463.6109123315164,10.242018486397622,0
1402,75.36652752527286,3.7789839960626663,26.41802853149627,1619.411219947708,10.727345295677964,0
1403,81.85704154662997,4.45148437620422,26.80507472966661,1678.7523594775662,10.29268184749836,0
1404,77.18953310665067,5.756406122057576,24.59866470109654,1824.0317369913414,11.994701313103052,1
1405,79.96047685805816,5.7821740985892935,31.90033720286916,1697.7052209294884,8.735111615872043,0
1406,62.43204911430539,7.005453610333941,32.85551314295684,1512.7642450067278,10.373229652147138,1
1407,55.78189333258156,4.876619450492821,26.146910249373306,1238.3493489151256,10.45484253587543,0
1408,85.01333651955487,5.459676294445011,37.60320048008522,1531.1316595343483,7.9062840830833245,1
1409,66.77320161157864,4.343394016393513,28.426992762789755,1551.3154791698616,12.553966118126105,0
1410,67.49166983544953,5.2729848239341965,37.650928118982804,1641.8059550636608,9.108646520197182,0
1411,83.28194141849058,5.659229072012767,26.78936413084198,1770.7783718646851,12.034843339617801,0
1412,75.5623000940066,4.852535228818436,19.86711111700282,1480.9698975886442,10.22982545274296,0
1413,74.55887772081607,2.294374273861256,32.01098912456175,1920.1974379626222,13.267169664818116,1
1414,91.65002344901083,5.497206344496343,31.242725525594935,1148.1425959918845,7.917241822956951,1
1415,63.564817696198574,5.546842216033186,30.171968976537915,1583.868374492325,7.8304823969791,0
1416,79.27840128081237,3.9797397854780736,26.788837607780053,1340.2959215631945,8.188608817991383,0
1417,70.57013124897084,3.0734194458912287,29.827138872570906,1118.5556000622394,10.266591101028748,0
1418,72.68592278863257,7.213818725755948,27.443702710652364,1459.6451247401683,13.08293679155641,1
1419,85.28468426412532,5.7371682663416035,28.488252168341248,1208.5654603158087,13.1861872363305,1
1420,75.07835756289624,4.656378453617435,34.20816127882537,1467.7144203934367,5.38006279912312,0
1421,75.38296079049633,3.294450675278769,30.921086147650467,1506.9538496188914,10.499414322445077,0
1422,80.72507337309803,3.767277757367981,33.04975693665989,1723.70828186719,3.5740927789699546,0
1423,66.35047270457115,6.953885595179347,28.84065746687105,1198.4829730472125,11.59006358757007,0
1424,61.607903326609936,5.206492911302069,28.289913270976125,1681.6890331291545,12.236338829790414,0
1425,59.55190805978967,4.17411939949894,24.23258734555678,1519.6160900559587,9.919511450615628,0
1426,50.33643410623998,5.764533846836985,28.149816937159017,1705.7698307219189,10.16796315498951,0
1427,90.56207129940321,3.7784027188305145,13.394427222054304,1413.6497649937744,10.14727778588048,1
1428,58.96791634278317,7.251264545420567,27.048890168471825,1233.551082647311,8.431116162517506,1
1429,67.78746376414227,7.029200802345088,29.590629114045804,1256.5001347568268,10.86341157064296,1
1430,67.2318670011108,4.300138893195835,32.81836827135078,1241.6385092665769,9.537183996693486,0
1431,73.07406697809101,4.056994629453709,28.656610612375218,1595.562830584131,11.860583418579237,0
1432,78.15737212539297,1.0728002019615803,31.738367711224996,1795.38440444294,9.77274613096154,0
1433,78.60473488359746,2.777628842672948,19.101056693048772,1387.009694668956,8.277953787023483,0
1434,64.16922561431062,2.9907953375633656,29.71581573896525,1625.8270596515567,6.928270658268979,0
1435,68.32878286213588,5.202785511481078,21.60248603543298,1195.311588372876,6.271870349888576,0
1436,72.825799504883,4.510649443337961,23.958482421703337,1536.0642498354598,12.62501868790887,0
1437,67.51308873816453,2.9819967688771376,29.064172260680696,1633.7125232674252,9.084421294281961,0
1438,86.07345576019992,4.578253936303164,36.38131993936777,1210.3750449446263,10.677148380163297,1
1439,74.90974951638252,5.758005721471022,31.856033817350294,1459.223306204029,13.566459783489037,1
1440,77.34877786049817,5.791759024873381,30.091154985685584,1643.183428097113,8.874391337404218,0
1441,76.62881268667412,2.1504945787116783,29.90234805266449,913.2458705541046,8.745045031237693,0
1442,81.73473857485325,4.807604779274254,26.431855533977664,1767.0906123403486,9.735676495289352,0
1443,71.81021558703706,2.9249888345425843,27.280082933136583,1570.7358751782097,10.058865400839986,0
1444,57.03168052044153,6.352593045710411,32.136880227353984,1643.3455295434685,13.775102700511693,1
1445,73.99687951752642,6.176219624530248,23.073197407777528,1417.4561441610472,13.131641188188226,1
1446,63.48643106208171,3.6529591605133125,32.965270251415106,1155.455503686929,11.241750831813494,0
1447,64.71383318250243,3.8509321963994,28.057464664405735,1606.8125912633902,12.898827537993736,0
1448,75.86364018755093,4.308099424252539,34.12778537434782,1483.4819349166976,9.643561974864287,0
1449,82.38283071433636,1.6208099079029914,34.805467286160415,1506.4230910864642,10.598329134376957,0
1450,70.21271576736062,5.503952260160865,21.6345799374713,1717.5213970397908,9.39697271092261,0
1451,73.08833012598964,4.590733180489804,27.09209618386391,1652.4127747725197,7.419263234840721,0
1452,87.02214944635239,6.455262623851789,25.722361560296882,1884.2474834179225,12.40774948358719,1
1453,72.40753179488568,3.3523861730561713,20.936360174634284,1530.7708457746999,11.063397467979721,0
1454,96.01683114180395,4.071315577625103,24.837333618952947,1361.7575124417765,10.036146946847328,1
1455,75.65509645631545,2.740212112941327,42.2062792263267,1462.3166306182547,9.995064301375649,1
1456,52.39237240844182,3.4935641547586203,33.0475494810622,1583.1326745077213,6.987570258186983,0
1457,77.53341621104532,3.2270270058976713,39.58643984302877,1703.1713037985955,8.04504933369457,1
1458,73.81158384882778,6.4939605182696685,34.14549220009168,1206.5932097122563,10.67230634022805,0
1459,82.89752754082745,3.9526072268729115,26.290784194957624,1501.707523035834,8.941774665450989,0
1460,76.73181351269959,5.18626352711692,28.091144016629784,1821.9083314076738,9.56457391756502,1
1461,68.61544016016227,4.428854894207293,32.94218090120154,1451.958225799496,9.790687870441797,0
1462,57.757017637106344,3.0958021009807806,32.18753101736518,1686.202370973821,8.635062461965779,0
1463,67.90976742713974,4.747549365242536,27.113289921458332,1598.623505443201,8.064163359951898,0
1464,61.494795457907,5.898654997795392,22.450034147103963,1691.172121304996,6.775284738149253,0
1465,64.19476550195277,3.1883609111849713,46.438805936943695,1338.0478916800134,9.706963441976919,1
1466,75.88578404420609,6.213669186097068,29.29425163828597,1338.919665986884,11.237217095220567,0
1467,86.69904504351406,3.725418617783456,28.3713055340869,1504.0543784244576,6.7127317155601,1
1468,73.9467152982298,4.275524110890739,30.56667231952651,1193.5556425519376,9.951904349800348,0
1469,58.04116937964815,5.796024684515071,28.786357053444856,1446.0518786776684,10.56228650538312,0
1470,74.4460266822014,4.004845764170768,30.613644538527417,1550.5753315031334,8.020839192541711,0
1471,81.96631486645651,5.056362289003799,36.4347364305821,1856.9271213899544,12.844283623096176,1
1472,63.90217095680618,4.5279637568178615,29.37725760156788,1580.5436378539644,9.228569261923184,0
1473,68.65982833327082,5.194052010055728,24.186447803361194,1625.0456941746204,9.797480623086978,0
1474,70.14688194729197,1.4288913417147544,29.191781027606947,1732.8951694100012,9.677460998804042,0
1475,62.151016869177596,2.2554772771878757,27.677991092950446,1307.0684822209887,6.4584511548178885,0
1476,76.4828043384386,5.9239505090702576,37.119494686234255,1466.9834675258028,12.017504143368088,0
1477,68.79051851392218,6.555772108473575,35.85559532368785,1985.0825183607785,8.088962463161526,1
1478,74.19532443907028,3.634269944702718,30.537625002153995,1484.1755555230982,9.526958969188527,0
1479,61.125078221978995,4.633957471743298,23.606320725903718,1723.2861497564413,11.19532200255599,0
1480,65.62541699676589,5.442078879353453,23.870538682800273,1692.7475754346215,12.921806852289068,0
1481,77.22381357827771,6.039826402488057,30.07561630792277,1204.3772571224622,7.840135436206321,0
1482,66.27166847908234,1.9584840924937268,31.681614846606404,1562.0958554011866,9.107032828811146,0
1483,87.26963851233405,3.6709396295324344,28.126885903369725,1529.3494944410452,12.764837260014307,1
1484,66.00363814385398,4.501130930225187,27.59915207896383,1565.991757568087,10.927427758550895,0
1485,72.24684725751887,6.054710295854074,27.036003834106765,1349.177504041788,11.342342718103216,0
1486,79.3259083187309,8.747645725582242,29.88303019878027,1276.6160976175681,7.897736528447664,1
1487,55.816342670669684,4.657991409785423,18.086188239634673,1404.7979999958297,9.241580940146884,0
1488,52.39191188019224,2.8895338068440166,24.49336685615145,1480.4410005831594,9.66432913523914,0
1489,54.74343685429905,5.603402115801947,26.864745772763246,1736.9968895200632,8.284210485314052,0
1490,82.62584103427182,6.981493684311065,36.0375159747596,1863.4621639451213,6.650860748652185,1
1491,64.48141854107553,5.162021181469251,25.930931790355352,1779.3195692446357,8.979002882472809,0
1492,95.58199285668252,3.640027182268561,30.902340709156032,1672.037042156369,12.708576399168859,1
1493,64.35752401342612,6.436990912220029,31.13271375465498,1299.131947540082,10.118346931120993,0
1494,71.84551303197037,5.995318427747653,36.48958252830381,1418.220765002101,12.748581827146753,0
1495,85.42109952567876,3.460878733706563,36.31288703482075,1541.9852104825995,10.35804182845904,1
1496,90.06092888159122,5.572138426301513,29.71248515602542,1373.512192384765,8.470584540824074,1
1497,90.61503576636397,6.495898351488309,27.622576294052784,1615.44113050559,12.555238026463444,1
1498,82.08366230593143,6.7728350638383406,26.68083448587155,1644.0972216508576,10.424652281335797,0
1499,80.24062525811462,4.900326537035816,28.794683887671095,1607.2580125130937,11.923677664854795,0
1500,75.92526949201184,4.462880830731022,27.829833228382,1705.0269209115163,7.863343657758858,0
1501,77.78361076166638,6.840910733121894,32.76813704679116,1319.081757257385,12.077512579229007,0
1502,64.48814283671467,3.1847592455286726,32.10154908742602,1686.5657408184395,12.137778551088397,0
1503,61.81801116577693,5.657868936381508,32.959005955725075,1360.8709099759608,10.57953428871307,0
1504,69.96625542589048,2.944960058953356,36.29641855718084,1311.812809471423,8.386155828380435,0
1505,68.29815377475072,6.598064408389404,39.31434560700089,1606.4232268372764,9.907982342574776,1
1506,65.46771950672725,4.612931726583258,30.623316967037784,1743.1747124397962,11.222582294476489,0
1507,76.96387447456715,6.902874853471204,35.49731885697827,1597.602697275202,10.469140039873068,0
1508,79.5530520857051,5.73711913453329,28.241699080828923,1504.160804754509,11.202165476215528,0
1509,70.88406886291847,3.165169654907105,35.92503491791508,1562.0307652203014,12.02449181530581,0
1510,84.77530081055262,7.136941598115865,35.30754578587922,1527.285383613456,8.703106693256156,1
1511,58.58310885866495,7.326867899641594,35.04207984971496,1274.8098207729213,7.689848758079721,1
1512,68.06340540720282,6.323429738898824,30.470349205957618,1251.475971011017,9.924922397255516,0
1513,62.831776793971954,3.8576182024456704,26.658209180045557,1484.2348241053091,9.340513682260264,0
1514,51.3346338292694,4.540979068463887,23.02735781067262,1515.9713671538607,11.571692826312301,0
1515,69.17319314157301,5.218140826108639,29.799813962394502,1502.266475673547,7.851003220682384,0
1516,68.78252491616716,3.94443440100285,37.665062711245916,1635.2203227299826,12.04076374835536,0
1517,85.13449743242131,7.538519858694807,28.450775493179634,1456.904656767132,12.707224219093533,1
1518,76.30811684554777,5.216489707589055,33.92563292730027,1612.5958363809711,10.000609928524579,0
1519,59.758131756707954,0.9449779293389646,34.219757002594655,1471.0826465347104,10.12147225116261,0
1520,88.54092566334188,5.50903371913433,28.581568895364136,1864.6717924072932,8.464906997539694,1
1521,82.21033695525352,4.47776390477403,36.5817241875976,1516.1427453452893,8.914678202051867,0
1522,75.82097703468615,4.887610165822328,15.456696277597482,1968.1445223051355,9.183326638708632,1
1523,67.73515901150168,4.44707095132145,23.886248606309124,1570.402318218173,12.885880135675862,0
1524,60.405607632765204,6.210569624910031,25.4218385182077,1457.264565882357,9.856258428378451,0
1525,66.27793223928947,6.679531667830072,25.90142488566305,1320.110404748065,7.3556540867199836,0
1526,80.88748619704185,5.424579743387981,31.681314755929478,1211.4222851884613,10.510708684224007,0
1527,88.84586305934609,4.491033219292762,31.45018901526951,1301.7115431207687,11.652580249244552,1
1528,85.43243528272188,4.9379941927862445,31.96995286087504,1324.0787381672021,9.94917726135681,1
1529,65.11150578213726,5.029399424866442,32.980407470662435,1578.9640040824354,12.938426879453978,0
1530,58.80382566710989,3.796354940202745,25.24947715427175,1394.7669257879625,11.555017334531795,0
1531,71.40886246911204,5.868392972856852,23.909119665963406,1537.3854105108994,7.9017425402242925,0
1532,52.31560634437149,5.6900634857906995,31.981598410039314,1756.3956724753373,8.897134375207196,0
1533,73.23167714184781,7.31066185966501,26.848839631767806,1482.4383296730293,10.452452562849217,1
1534,68.52397413701331,6.883024670432713,22.147624773160146,1915.8313396933609,6.667621523946785,1
1535,65.33963498131757,3.971487623614805,34.85672142270741,1264.8378039321603,10.67271347494123,0
1536,54.05296932733204,6.230447561763447,36.97550953251149,1469.8832903250145,6.476835145490703,0
1537,75.13600106569717,3.5735699253582927,37.785804448493295,1392.1374152778042,12.046866911129019,0
1538,64.6729916033809,6.043898151411275,30.935038607373603,1687.3013212114015,11.814547369583417,0
1539,58.30083164289712,4.225078701859839,33.12966047986451,1052.0416739267757,11.009562721830141,0
1540,41.2773778671835,3.4651201649366232,36.849341116809555,1211.3769421644379,8.648243271295378,0
1541,69.72485094949364,5.420068014046107,26.79292104988283,1478.5306355098076,10.340405649227078,0
1542,87.72251596669744,0.9881493077687891,35.55338842027046,1810.2755442018986,8.973245024970701,1
1543,86.6125921454787,2.373536638392158,31.376981170716043,1545.1683668074616,7.938369445099868,1
1544,65.42903743413729,4.733762174338575,34.56855826171295,1229.6905091471533,9.322513976457179,0
1545,63.97787939638219,5.123662649952264,30.930465104379678,1260.566681461954,11.39653107298419,0
1546,74.68774256075024,4.446021844762717,36.48128354874001,1834.5979405689905,10.087628385663521,1
1547,60.016145608117085,2.630845551923602,31.117618812707683,1375.773040240752,12.901419848268846,0
1548,73.01791899819466,3.773162236792242,22.58010470266291,1311.4073255100473,11.53156107896055,0
1549,77.6608027838469,5.586813990856091,37.25963316157361,1795.4745121261722,11.317381627811237,0
1550,82.26933223884308,5.8726726559425435,25.26234629513944,1702.219401117398,6.782146901108792,0
1551,68.99845923520047,4.975665323606088,36.26529105121957,1754.8119286533592,9.429682939689442,0
1552,67.96326249823034,6.735250671555484,29.54878559279839,1309.9916239468366,7.871255179131601,0
1553,61.22017413243439,5.5960955351888515,35.88005492598853,1194.9788717971278,9.633994240752191,0
1554,61.7311964596014,3.8788165190626818,35.673843074333824,1526.633297872541,8.613447752153686,0
1555,67.73521108098473,4.579246919882574,32.15071487157686,1567.0252266147327,9.244790093884122,0
1556,73.67365506816178,2.895700764188218,32.542676588135656,1572.9203607409663,12.122325464747702,0
1557,79.13584626233249,4.837791514412875,32.11314308596283,1795.6367871278003,10.950499858011668,0
1558,61.96821049319655,6.6681509288320076,19.930876218594612,1153.2465819983504,12.01422885796327,0
1559,84.92688568959522,6.027935127066452,30.59165109449101,1671.9390102595532,6.798633781968029,0
1560,67.2887639895743,7.103013988878683,24.419679119640527,1280.6749911705365,10.115949393231327,1
1561,69.78632705651565,4.54567213430151,30.855935718728315,1671.1470641721683,11.933409962793203,0
1562,62.527883208521764,7.0191496917713865,24.285287268083923,1405.0086590957244,13.012591829774312,1
1563,45.75759739727059,4.710043660328045,24.075240293869626,1337.2056408218978,6.903823220615013,0
1564,78.8404539636105,7.207377623854841,38.02467250876951,1378.0194586101595,9.29703272767766,1
1565,77.36843897092433,4.967214878836814,35.347236940620945,1210.8779598446874,12.068453348009525,0
1566,67.18672442881787,6.060847060706415,29.979287075279228,1508.0857879666935,9.61544337437711,0
1567,70.66990717224871,7.2126685464647835,30.92384325124512,1345.4653218679086,8.179164651660553,1
1568,75.159392177041,4.709858557128191,28.760419871284956,1657.2596461800556,6.900001643007984,0
1569,54.374541431134574,5.327583481316261,32.849381879897614,1628.0112162065834,8.102596930673666,0
1570,64.70947322653706,6.933295137809454,26.619728167255975,1837.6314105805582,6.6221966628725415,1
1571,77.94264679621827,4.800495254104905,34.96870131433979,1573.2654967082153,10.116920913668052,0
1572,57.45710576830751,3.0186615762407585,28.734565794929445,1604.1355534160148,11.79262037155732,0
1573,72.9355793216663,8.214510581877365,27.900765020843856,1780.0199623655628,7.478050482182792,1
1574,56.43418195376595,4.295353303494295,30.108565092424215,1374.4674607946608,10.515459482422106,0
1575,74.66429982433526,5.238134076406315,27.044265850371946,1202.3483574353936,11.690542058891733,0
1576,69.64358517702516,6.734010004176691,31.643411747482414,1540.0188118256788,9.994583346303301,0
1577,53.848681840944906,4.087259144403197,27.313187053433,1215.4733061571192,6.778611410165509,0
1578,81.64739354457171,3.4881981301668046,32.34261801409418,1990.787734585078,10.772423109325006,1
1579,62.65408423201951,5.38060594516225,36.08003269455738,1791.0996584157888,9.89070611047106,0
1580,61.89747562985619,2.3103854031314155,26.403391565959133,1932.795266660316,9.686990702798289,1
1581,72.00569197230944,4.56814088469812,29.347122713524143,1512.489395332626,8.906325508479071,0
1582,81.48637349428715,5.367557996473109,32.30665356517711,1610.1147187403196,10.173574852548082,0
1583,59.841781810216034,4.595072154762254,27.820713225092966,1408.1049136094712,11.01963581689392,0
1584,70.61679849847971,2.6848235852213795,32.32160280413333,1676.5849611173503,14.781296268671698,1
1585,74.28816500330574,7.391266934306018,32.7769943032587,1256.8913575897886,10.22466413677441,1
1586,76.93105607263143,5.155307230923763,35.41630888147152,991.3813621050442,13.022282320025347,1
1587,71.76441555277225,7.146728176642611,26.97004976957544,1341.8578761022866,10.715510166853754,1
1588,66.32972160916678,4.609945624729333,25.286123798847626,1208.9053048765368,9.800943344704493,0
1589,61.724097793512804,3.679982027463854,28.46211305218128,1795.5853472319072,10.297095055422584,0
1590,70.86143883046375,5.403771380382739,25.1612383022645,1863.1354910160633,7.556527260614981,1
1591,59.27860988014393,4.676319310507671,32.822491020237486,1219.4141855173777,10.611720541504075,0
1592,40.78649516505393,3.233357813012963,24.191243499117945,1758.3431215042478,6.015869870357255,0
1593,74.36559804157667,7.204676388181244,41.66508209126344,1690.276996700154,8.274667284222936,1
1594,79.03934841086195,4.0665946656590055,36.47963930786875,1186.0446630562246,10.219686186267621,0
1595,46.37067564458162,2.2396004228066473,30.06287884800157,1421.9464938136764,12.387964546357688,0
1596,59.90269295290062,6.992249080935999,34.33697246498988,1383.967255575096,12.861248793996788,0
1597,76.19154261005198,4.243552976281065,21.815990678446042,1649.5990797254399,9.52690684071813,0
1598,90.574954697117,4.088264161076563,42.616866656997786,1254.2441298189972,10.31143463906088,1
1599,70.20793707675408,2.3519186194550388,27.048926938997553,1480.2254748681034,11.968724939164055,0
1600,62.71997058770866,7.611412229895486,29.397512930503204,1362.8130992100764,7.341012855614162,1
1601,68.1710355889516,3.0657791191854686,20.720333564057817,1594.6682366770287,10.809495010631007,0
1602,83.74876419148185,5.0876742210584744,32.43143652370448,1456.6415936624142,8.344214265268382,0
1603,63.54035820875465,6.368930483810661,24.468279214614455,1392.950859211921,9.656349910646563,0
1604,62.00807993349746,5.6325753995046455,30.508278807830145,1457.3406848735845,9.08195349901137,0
1605,65.17256477817968,4.910518532011713,27.27862783537731,1907.2085665680224,10.870716254096294,1
1606,60.466713917412875,2.4475012125688758,24.611280325348282,1416.6200727761222,11.10060734801818,0
1607,71.22670315994796,3.785412746349074,25.978192491186913,1291.7989563432425,11.782157354794794,0
1608,86.2467845846956,5.281700507063783,31.128940170427605,1616.686713831193,10.696397656928896,1
1609,73.23079273116029,3.8192388950195055,23.59254513565588,1471.2950661154086,10.343307539937793,0
1610,67.47646497873713,5.305039189998151,26.255941644882114,1216.9532138267055,13.708047600877205,1
1611,67.08188731084456,6.022615113222713,33.316366906322386,1946.2992670404933,6.951281859605645,1
1612,54.36809191303343,6.443754328700153,43.01239937437157,1429.5042108826703,13.39121972025848,1
1613,78.83109777147159,3.160730963280975,32.38794409776502,1424.4261092077297,9.420356182263205,0
1614,69.22162802987198,8.29496908246843,25.413691789113564,1531.9670703816196,11.141783172736611,1
1615,68.19520086409375,6.151219016831195,28.164429149638444,1846.0233538417679,9.348680638812798,1
1616,101.93107567844861,4.997428769496404,30.157945030762892,1164.0509346962008,8.594916740896748,1
1617,72.98752908365687,6.634304874614961,28.252875246821464,1555.197169884108,10.969154385588457,0
1618,62.48208949904816,8.54811165799996,34.515290833684666,1917.4544323587254,12.084256617228887,1
1619,65.73642403794457,2.8419198484146957,31.08736741507112,1525.7457361479296,10.946015909934811,0
1620,81.48445709196756,4.662106036262969,34.53926192454935,1252.933204139304,8.915768426634235,0
1621,71.13270410537764,1.4323525101900074,28.427781048511854,1376.3206294078695,17.222700125631338,1
1622,55.61722021682633,5.288977298972037,36.62750109860628,1541.376505951358,12.397147341732504,0
1623,79.19228934575203,5.548091362887711,29.167572078592272,1766.1607831279723,11.866684608414506,0
1624,63.31855914461006,4.941256826835861,25.144050654310043,1432.1328311167879,9.294071538515592,0
1625,88.73297776217545,4.018199643502535,40.88660190521111,1665.3303594864863,8.749668423421921,1
1626,80.80048065714648,1.9257282257175121,20.875111265194416,1212.9262345906222,9.440321848314122,0
1627,65.52678104341248,5.560300525117653,26.306306373475362,1211.256326080989,12.162813088784967,0
1628,82.81016361735112,7.183151725872987,26.864860740848027,1403.4398622630101,8.018791325848344,1
1629,70.67855510527403,4.113472316399852,42.541531365282815,1787.6057443746524,7.863592337091366,1
1630,78.52773675122219,5.6600898935347175,39.03429442073256,1513.774927902754,11.079095066722036,1
1631,74.84732817294474,2.6477835298699244,37.46964071821099,1557.962239113324,10.63839288928424,0
1632,61.536433450091266,5.685819595538771,28.346706688118342,1555.6159191147053,8.459372924218208,0
1633,63.56450167682538,4.4099265533830145,42.13089001920888,1721.8415965173463,7.8175928431695505,1
1634,80.29960817581161,3.8563730740956284,31.841760019204855,1377.9558614924292,12.875793986736864,0
1635,66.65224667893459,3.8594545381758043,34.88631685151561,1637.6570216976465,10.714008850599123,0
1636,65.96351536758003,4.409582626950485,30.898476905531034,1333.823467228974,7.272928272543934,0
1637,60.44877420650647,5.573649973538803,29.752667143383743,1896.6545311841521,7.412748927835413,1
1638,74.23599065593461,3.0317551982067235,28.741106630368105,1339.921779140662,9.27697605509906,0
1639,90.62524919243145,4.404327002648221,28.95180003290419,1323.5221393842758,11.465683613995266,1
1640,59.32467085745727,4.937792333001278,33.04245824339039,1609.93396269761,11.19001760421656,0
1641,70.24219456672758,3.351441163202211,31.83599899387694,1515.9576862864647,12.263357074002435,0
1642,84.12220555415429,7.694997802512526,29.84264314898158,1565.370481252187,7.019300385078405,1
1643,69.20358608754285,3.7197567799079874,37.54761996349427,1545.4627590984637,10.447693379559313,0
1644,74.52371796249734,3.9958446295497643,15.166234656296346,1281.9215602385123,12.851820664642721,0
1645,59.376064718531204,3.5325380752662534,32.549436239605974,1822.6717858158968,12.665603460952198,1
1646,74.28307097207649,7.697720130707176,33.588693533294894,1678.708441177822,10.717819962825372,1
1647,68.12855734995452,5.829357842899222,35.73481434127585,1771.7899902534232,14.696037017307752,1
1648,79.85729995679863,3.595111990634537,29.675642794733193,1394.3338221779152,11.21857023283172,0
1649,81.87386051564751,6.659347338289953,31.039600336919786,1583.3047089430343,12.085493265682686,0
1650,95.89563642018614,5.301048041433317,34.929741916573604,1539.4736924469382,10.088895837551014,1
1651,75.79633173213576,5.385880131667252,37.4558320214009,1725.6005252403015,8.438049414311426,0
1652,73.25796316582166,4.483284186871321,28.49732007410616,1732.0496263659238,8.249581598442507,0
1653,71.94384301577335,3.87587601956454,31.334878915637802,1538.610160591623,10.36323042958884,0
1654,66.46833707189312,5.506649148581902,38.39286982174379,1196.4097736313497,9.576995986299586,1
1655,73.38483843461691,4.182369155006614,19.379864620605744,1855.9323774175377,6.462828660173038,1
1656,67.0459858986097,7.7251334443626565,26.549937000927073,1611.1974867380277,7.948412830148518,1
1657,71.68460976269614,3.0960633421353436,37.32917989301482,1378.3125917217717,9.363192851891814,0
1658,83.17597535607959,7.304235159282418,35.462689168041514,1581.308427653339,11.45455875187432,1
1659,59.934574347203586,4.833021726803299,32.612226054633474,1197.7812903094953,9.96785222767585,0
1660,81.39878561129045,5.4486286010316585,27.757015634454397,1711.0706134942088,9.855871578998972,0
1661,83.17115067339866,6.249736649944152,25.590907505072902,1205.7576511441694,8.026174745993368,0
1662,68.81931473008922,4.054626057493346,27.04392190378813,1455.8331015925835,10.046332160124198,0
1663,48.78145100991405,6.296372577047955,37.740041104093464,1548.8908899211099,12.638202054891975,0
1664,63.921780129055676,0.9386842169282339,26.857786554223267,1707.7679423964187,10.311150225517114,0
1665,82.96994546561109,3.920015700167091,30.50711482119829,1521.3089352868749,6.985372837036277,0
1666,69.77131937701118,3.6139057889884016,26.23146177569127,1626.99257472251,7.496954411390938,0
1667,60.00697767705089,3.119740981442358,34.21387015049513,1494.3666183100895,11.177577754446306,0
1668,64.95225078771783,4.677567742881573,27.306368598267795,1493.5628098111436,9.551369049554761,0
1669,78.40620026504553,5.578624952272542,29.51203054922793,1517.0954500696594,9.850839539792972,0
1670,75.4673356820138,6.053989997748959,21.58308933478587,1462.1884158295252,8.774531649970486,0
1671,67.61067900830305,5.361315135800611,21.9331588189753,1162.685951383713,11.006824424399825,0
1672,66.33175588185313,4.00145980265968,30.038365966607532,1346.3353012606744,9.398164573509302,0
1673,66.08241850956178,5.553524656737751,23.37421422401119,1548.9549682223396,9.62677355654279,0
1674,60.77589815501497,5.186428542276276,40.52543319667251,1450.175799302256,8.297553216673748,1
1675,86.15375689469442,6.404084251904024,19.692384439438754,1468.8381835636187,11.84338259628554,1
1676,66.7767953078866,6.165405054397275,25.99912350667948,1435.3292661122568,9.557734416767158,0
1677,82.17158520825497,5.045714620880943,30.083504336337754,1327.2803214536364,11.21576066623952,0
1678,85.21316051922452,3.654120490758115,28.17433531102108,1401.3801078047413,7.612816871931964,1
1679,79.9831089814796,4.020574766251879,24.479272716680406,1438.633651122281,13.467766276757217,1
1680,65.68379687281951,4.1753159605429495,25.21036080252366,1501.02862810837,12.554748077026446,0
1681,74.03730090336609,4.527100499125616,25.046729612503807,1578.6756688939424,6.180404660682147,0
1682,69.75804393609084,5.40207564138463,28.566391525899686,1463.8899418228523,8.39612504987257,0
1683,60.96298139269872,6.0727615851920875,39.75964544758712,1294.0689488615162,10.95526878201977,1
1684,73.24359281721603,4.923321960476933,30.38968648279105,1220.3835920162433,7.360542687701992,0
1685,58.20960208840198,5.024187181850708,35.91450244693762,2019.4874414750448,9.736811835673349,1
1686,81.87679388461564,5.214959457500005,32.53488172914071,1274.0369939470875,10.853263571953594,0
1687,65.35382702701607,4.2261420303014905,35.5693119899111,1396.2749997471235,9.630548176041033,0
1688,72.0115965587284,3.611911613535566,16.00017848703207,1603.400060502787,11.077677407074193,0
1689,72.83287871546142,2.366843154033935,28.47770989425885,1572.1721219131362,8.613340190796237,0
1690,67.41095026295923,3.957275962884691,36.53567711575357,1604.1731385123146,5.511636915663756,0
1691,75.86693801475275,5.709718179901681,27.141320886253332,1411.456586093565,11.96423062433012,0
1692,65.25096343377476,3.9456328429406486,38.81236582434806,1547.7116141279093,11.95162930720506,1
1693,78.71297297457244,4.64328944386109,37.41945076883881,1512.2687328481727,15.007273284576666,1
1694,56.54020319753251,5.699646931118475,27.65434641936269,1437.5737264917425,5.585626964131371,0
1695,71.26379579546412,5.781034244634003,27.484182404768216,1549.081948354268,11.50166421869363,0
1696,89.38928999058285,3.3807007217509417,24.931970788227655,1711.0731093501413,6.0626357238332265,1
1697,59.99668675394425,6.495589034680462,26.85202884068101,1495.559955312935,13.512986563350639,1
1698,63.222550294751485,6.691025134033228,23.837054679155422,1496.8905692712851,10.975733667392019,0
1699,75.13907849658915,3.30522521417216,32.14405590216503,1713.6322069751968,8.096142304647493,0
1700,71.79581781939598,3.764244695538269,22.719767533267834,1692.2720719637628,11.560444949202871,0
1701,73.50630099273559,6.786636024719288,33.01866508095111,1816.7872881926967,8.893909984566129,1
1702,74.89187130147664,4.7797197181170485,33.140393484501246,1148.7539531040848,10.600832199102538,0
1703,76.3472146856177,1.6703330788222237,21.693977974080386,1681.0238366338779,10.411921432418168,0
1704,81.09699841956223,2.9004777429009705,37.7490930316417,1620.3160090804358,13.488336272294589,1
1705,74.09818656928513,4.625945562241278,32.56804647207611,1322.869520449347,13.629851820173025,1
1706,67.58742345381458,3.2554360245730973,33.74849010722434,1550.317583599769,8.805469253452989,0
1707,76.72573701202731,4.3798643440453375,26.206673992286138,1710.2243495515997,12.116211235992072,0
1708,88.99881934895215,5.0485943205253685,33.11189559236559,1334.16821550292,10.709680311140595,1
1709,68.67366253617426,7.193381906052093,35.63196724861033,1588.5124858045615,7.174635865986176,1
1710,60.254706953293585,4.564319125658317,29.506958004976614,1674.2707351462036,8.60754323925564,0
1711,81.07080669286972,6.608812699359138,40.009612296241805,1285.7960874937023,14.672292199199248,1
1712,68.79618836046401,7.143140243055155,30.220323174564687,1471.5428615109704,10.71570880220931,1
1713,48.27330453985964,7.151464504028114,35.70392900226237,1560.1936753284822,11.999559159035044,1
1714,78.47421677150422,5.4271318900783525,31.465044036293275,1340.7736988914091,9.575911375266019,0
1715,64.64671814046078,2.0550662782415388,32.92760766428434,1324.1693601812908,8.920116170561316,0
1716,69.0946671769584,5.691237298105798,21.64333866182614,1472.991079627445,10.05452901526895,0
1717,73.31980330569014,6.572599831720312,31.855268691076816,1660.3279433807384,9.467791889507566,0
1718,71.90499679779066,4.878399341846874,26.32512449371367,1628.7468002384219,7.013494137936803,0
1719,77.09451817139039,7.616875805112873,25.76800847111156,1327.7174541627317,7.993349085091936,1
1720,65.64513629430157,6.289750342201186,38.720515922329895,1630.4335770231373,11.415769028824462,1
1721,75.13105798176083,5.852410065729177,28.931148759688256,1332.8120447666984,9.238618621795178,0
1722,67.40453322416083,6.629571066808757,24.983490845122517,1177.9660404013132,10.051409764055814,0
1723,77.38810480887503,5.500054776891317,28.204341859455628,1426.5712857905537,10.46984610099442,0
1724,76.15367484013053,1.26078425090697,23.49774885539043,1724.593874317147,10.62610009763744,0
1725,60.645612979554045,4.251291572794452,37.16942234098135,1631.1921104282746,12.293158122630741,0
1726,80.85982116175032,6.795752040871781,26.521596279167426,1499.6856385253611,7.802608369862936,0
1727,64.64036554885952,3.788612989852556,32.646499669718345,1416.6589032817885,11.14050544708725,0
1728,78.08057798281145,4.664791242144592,36.78053357105163,1422.0475727767139,11.510055587039295,0
1729,73.6728731340134,3.432745529145393,27.499236593926355,1521.7569811721592,11.97170355800301,0
1730,88.38183676795123,7.675883892802654,32.66011216136393,1286.3125028308343,7.174164801170255,1
1731,67.76534017628148,7.522238686127023,24.84956972547785,1430.3785309597406,10.509638436693997,1
1732,66.50683203881802,3.674196657288906,42.228847845568424,1456.8861077280462,13.432151892797034,1
1733,69.80580394112268,5.220947000583626,34.68190067308311,1229.7851083097005,9.801758961686753,0
1734,66.96820217165724,3.9792589283539286,29.03696780619597,1332.310349820485,10.966989403928583,0
1735,77.9994190194205,5.922416958547068,26.135831345555182,1582.1013582972762,11.56079118917037,0
1736,53.83689391563412,5.764524615863493,29.43001723580187,1501.9023679881989,7.949060311203479,0
1737,59.46317580853646,6.2175583574198985,28.300081388242404,1438.2476417613234,13.66764945799995,1
1738,59.32197078420807,5.497877671561831,39.76472276999753,1317.7145124924073,10.999001593937807,1
1739,79.50307591973575,9.403109309582703,23.872326388925487,1815.3699651178433,11.039005628386853,1
1740,87.10613372581925,3.4581143524838915,30.674007116451016,1332.4041570641364,6.67594524397893,1
1741,68.95550781462528,2.434094968345229,29.90830966683145,1550.3185614523475,11.589089596426627,0
1742,68.31178276809989,4.410364698947808,29.412948498275654,1402.426182385241,11.012820682758274,0
1743,70.70052163113182,2.648017601659599,29.45691672530829,1507.255858527667,13.248382655444129,1
1744,81.6187830260819,2.7613065949910105,29.419645949397584,1591.5219483880744,9.377469571391293,0
1745,60.72646865809426,3.4980280187030495,34.3653303316605,1225.9486821584228,8.024683340803117,0
1746,72.38368982734785,3.616716641852559,33.04492223246218,1498.6767511693024,8.635522010451334,0
1747,79.7519762978243,3.5680728470749097,32.09455805686393,1738.1457297959691,8.990043529985403,0
1748,75.01094169939846,5.777328425668117,14.830053189273656,1852.3003786984007,7.762306963737252,1
1749,71.89581616598744,4.240716408371996,31.49897437081582,1473.9972053489737,12.580320047531986,0
1750,80.01046092567141,4.73072813769128,21.721803199149587,1508.3362414433818,12.655395725863333,0
1751,42.967677070007625,6.341349161751403,33.23160081567913,1942.2666057203066,9.60841659771989,1
1752,76.77875319530908,3.8505162128278605,37.37248683785258,1726.9848563198398,9.214480155831613,0
1753,63.45924316872576,4.603181151942917,25.368804437057246,1376.5430861489563,6.369036173361376,0
1754,51.69367103143543,5.548639979139374,28.691096388286468,1376.2033098227755,11.391922510607209,0
1755,75.11202599524981,2.0876482990696683,27.003221474735014,1691.3098923574537,13.306880217651686,1
1756,83.73658545162958,1.4226417365741266,36.177158878784006,1297.792573990854,8.725610565480887,0
1757,68.62551485372308,5.519175993196584,30.475139426360364,1717.5453502677706,9.766430948447203,0
1758,79.52874547202939,5.738021420850348,38.64164690283167,1566.8599927502016,10.868582922631461,1
1759,86.12278257988646,8.096330202278615,32.06877101473694,1603.5441528054146,13.448836721219811,1
1760,83.14914453584048,5.237142313800215,31.212250903179097,1448.6532393039893,10.399552443670188,0
1761,86.39964529371393,6.229609575887142,30.341033913014183,1374.0350391507181,10.390859832053037,1
1762,77.42127491071892,4.706791034621039,34.089960496286686,1792.398566173664,10.358637002319606,0
1763,70.75433638901593,5.4458408323776295,21.311569008773283,1450.652543889305,7.149934986192654,0
1764,53.980341881028316,7.500885262624301,30.42671977760255,1417.8129846852275,7.10641869234027,1
1765,67.53937511870052,1.8140107728115469,29.649767781360175,1483.9725864240381,8.384009661770255,0
1766,61.567534046838084,5.620424386357521,33.62709413578883,1538.6044265435885,12.025781148074746,0
1767,91.70942717497815,8.20338009511605,29.061491970629817,1293.8349746561103,9.329285858908014,1
1768,68.24114187567663,5.423051328814013,24.80632782918665,1387.0257011586177,8.940791902395414,0
1769,71.23204806784486,7.475859444849272,30.036753374598497,1376.3935852187885,8.905650791712464,1
1770,75.51485376040468,4.056181775705836,24.585797355658283,1669.0560609213696,9.724686243054645,0
1771,70.43602446372454,4.95192875875443,20.373688937062575,1322.807486400022,13.40421586820328,1
1772,86.95051040430752,5.050287053582881,33.635612407427466,1148.8464284483894,9.697605228605758,1
1773,63.77350638265548,1.6736133809618439,32.895307863473356,1106.5810874187691,8.427405189250283,0
1774,71.94607455237242,3.2477332582246996,32.33545471996787,1205.9239730648565,10.050491258163266,0
1775,62.57529414301952,3.354687380924021,36.51464210972905,1772.3076405696222,13.510167211523074,1
1776,56.79977488779294,6.233099117048791,26.674840548480375,1503.2413198968104,8.99435056212877,0
1777,63.882309090947146,6.308229658526082,22.844429286143725,1600.2498173614406,7.63798998313811,0
1778,69.62963202951588,5.4860546640598,29.649851115959777,1607.2975454242658,8.998017460539167,0
1779,65.7069777548274,6.236154345283559,28.262498501470446,1511.236783678464,10.257527472696866,0
1780,63.07579020126144,4.753775880917339,25.788521416149656,1485.0437406697383,11.37648190165068,0
1781,55.93682536328166,6.802897504309315,29.60075423256102,1708.905285963628,12.01376715736449,0
1782,69.16894427371305,5.013182663948108,26.941974268977077,1529.199182862528,7.908565452075344,0
1783,54.952796259689975,5.086796071140134,20.819973583215845,1779.8194958526828,8.098309331081861,0
1784,77.60055963689602,4.601611050106383,27.794116546031198,1624.1659890579733,9.35347548122502,0
1785,70.82439752934503,6.026675716454642,24.318124166480715,1376.4407453037943,11.368986049393792,0
1786,55.4244850053507,4.36820177508063,31.158240358054613,1400.5731952260128,7.479984204695489,0
1787,66.90790922950137,6.464647065797102,26.719826208796725,1354.5070387091441,8.785346179164605,0
1788,62.478435944094166,3.30177628892599,35.55815737070526,1743.509604390143,8.814512541176104,0
1789,73.19174510419181,3.3516256179077093,38.01933033633933,1418.9898094108894,11.883497710728742,1
1790,83.40450446023145,6.031140132689757,33.39690686505953,1340.3054406400736,11.056521521328875,0
1791,51.248275303542556,4.867183678125481,22.244869090083398,1563.955608225364,11.80743672209984,0
1792,71.15026079147417,4.319162875770307,37.5259799943952,1480.5665787254993,12.677355948466108,0
1793,68.3986720443336,6.33508659871319,37.87860225186883,1558.9137025150328,9.388699809821839,0
1794,76.71340076450466,4.089107878870873,30.093952556539705,1877.9627807787688,7.625187690292636,1
1795,72.1319662823769,4.6996981185494455,36.61463080167766,1682.614161185772,7.63807276430596,0
1796,62.48030668261181,7.098841925106739,27.24162430976661,1505.4021108603813,6.323784869882321,1
1797,66.80946064333382,7.308713518715976,20.668770325752053,1218.3153231587983,9.082466340667615,1
1798,62.03974143196511,7.358597315405491,26.198577806892033,1400.0075005582728,9.231554770336523,1
1799,80.76007138598598,4.5768113345991335,38.646504330223785,1642.2092205090607,11.575106813610095,1
1800,70.21311648671943,6.846054357476705,22.544600381942633,1265.7917920676368,10.033828434353207,0
1801,89.01190685753008,3.576570758346983,29.99760640965747,1928.1940592660708,9.019343111314788,1
1802,69.39339186185379,3.6396456879169086,30.170719466701062,1502.8833125271096,9.768002547678828,0
1803,62.91593233089537,1.4743162210634582,27.43512878016094,1509.769678641897,7.922053032570472,0
1804,54.862856073871725,7.509302302847795,27.782392000814426,1366.6709614084043,12.050813141502573,1
1805,51.96860323744055,3.704030226385883,30.361245671181013,1599.3475513551437,8.428168874380983,0
1806,54.158640569945106,4.81020113037941,27.189188290326364,1268.3996386955537,7.720137456128208,0
1807,72.67126651011483,3.634513487107574,22.889707514160342,1932.9785178202915,11.63576393341494,1
1808,75.08725023229934,6.042747872495211,31.07515971471728,1763.4702609304022,11.148328416727702,0
1809,54.188092979678665,4.4365495089239895,35.366832912224865,1696.859289039409,6.552629242881977,0
1810,78.95038314076115,3.042774664350576,34.34786259326711,1221.914198842038,11.710003269420445,0
1811,65.1693894831656,5.662493846279091,25.95132266305094,1541.0826540915502,8.516814721811887,0
1812,71.4679301198555,2.849404962784657,23.74386042311162,1741.817279602801,9.25179094487216,0
1813,86.12220628255425,3.743891412026763,28.579060589226106,1618.6210798715479,10.374040215387875,1
1814,78.96839315865532,1.8396663280608787,37.83895754897832,1299.578179073245,11.173249765233644,0
1815,67.31469352094167,2.8640628317035897,33.22799039479773,1369.981248938269,10.890958349375053,0
1816,61.08807774584713,5.267793754580717,33.519823383971165,1409.6127723988018,9.900363338187995,0
1817,48.48184598670695,2.053195942845613,34.449284758927476,1379.3124331022784,9.150713342168178,0
1818,62.8084668075758,2.7782814130674263,32.103832812592934,1805.7557671420614,10.824441387130895,1
1819,67.88869761172306,4.996446625800788,30.60304273806789,1115.7973722353488,9.763224325311544,0
1820,60.12820472848816,4.184589655860421,33.31153448323984,1631.1838279317674,13.610708918251849,1
1821,68.68743032907695,7.988054953938963,27.2691694789099,1241.5393250143097,11.172818019939804,1
1822,70.76851882958768,7.750844819036564,22.927684943168394,1307.7497025097864,8.15316875001929,1
1823,67.75144018191921,3.6981163058732696,33.61498467312162,1098.0533266262564,9.044800097252697,0
1824,63.4999741917654,5.835706427605222,36.18869052874612,1390.189113768227,10.096384354519659,0
1825,71.68654671966728,6.123923835319177,24.408840303219844,1802.1463303078426,12.59886243014091,1
1826,74.41940649569409,4.103781712963395,34.1096074120795,1552.9648484929555,12.82221001822427,0
1827,59.096009225571535,2.756687695252694,38.40382856694095,1260.3276906001806,9.207730559268871,1
1828,84.10932379746271,4.981552326037914,29.988768991214396,1703.4295348758624,8.132731566821114,0
1829,69.01411867715738,4.740731487778834,25.909989076291268,1746.2608527137372,7.877004717587625,0
1830,70.18849622944848,4.346353254544071,30.61509336763378,1520.8092962078172,10.50485751443156,0
1831,77.08214423256557,5.663475302246728,27.247330158996494,1906.949831630518,14.607568618434986,1
1832,72.33216131263502,3.873905589491602,26.916349450217993,1664.3128249249228,11.078188208510205,0
1833,79.53136633913245,3.272003678631285,32.165920336357715,1636.5305014585176,6.812174946631986,0
1834,72.87124165201824,5.163624455524748,21.981352624850523,1339.324258566742,8.547991793507997,0
1835,63.87562625359562,5.578955138853313,22.780355387538865,1625.4796971242681,8.752171596310173,0
1836,73.61503525206102,3.2350325841499203,30.096454401869714,1543.3582555208986,8.355994959770184,0
1837,58.56273792679338,6.392135916486621,29.888457305437843,1603.9658005342053,9.224212350131559,0
1838,71.08559705776523,2.344278293335883,31.71777288519968,1363.082876171734,10.738789722039884,0
1839,69.6677000935554,4.132829811926535,39.376126942416946,1525.6197768717973,11.363962338645294,1
1840,67.9188314272746,4.612987195703586,30.522570180379105,1336.6276999570084,12.183526981833287,0
1841,68.71462488561069,4.0456644310221055,32.99086075167397,1070.5735800067937,11.048405146094355,0
1842,51.18150954502361,4.152409289673211,25.12233532192684,1699.6609137156768,6.091699519342319,0
1843,64.51275092259039,7.806611723462171,33.839688317582684,1199.5222036620967,7.885390824937373,1
1844,70.92844901141115,3.723673866441652,27.368045674446613,1521.4372929564831,9.683811926281617,0
1845,71.598563919974,8.66183258370787,30.357104162905465,1566.6004258898079,10.294559711534959,1
1846,59.72324859074042,5.6556901695965776,29.455756874654192,1565.312603172611,11.722836719752515,0
1847,82.65707840864701,5.138082705967988,35.16487117457015,1443.38418528035,10.086368352433546,0
1848,61.33825151785499,5.714360530081499,23.450117228125002,1554.2422950559946,10.101414507727348,0
1849,79.69457200526736,8.794891623877929,18.583806826924803,1594.1934139570324,10.47559472627812,1
1850,74.27194361871685,3.509610494102828,28.93283651456038,1646.992963150397,9.489956522437597,0
1851,63.53772690156197,3.319373121595416,32.34265628452562,1846.6882678768525,10.173770279755622,1
1852,87.75310892609512,3.8677007051421186,30.7613468790375,1546.8388302996411,12.2516643580235,1
1853,58.0636316824352,5.0482147204468415,36.16102118706956,1512.8097690035404,9.832178202431994,0
1854,79.19154173610002,2.41134331278114,32.186863370898344,1318.6542069299812,9.939574546431434,0
1855,80.00582318042979,5.033508858977912,27.1807583407007,1587.1892647798675,9.932829190465622,0
1856,63.293797909233554,7.540320700120509,18.3728992293016,1633.4766206281138,12.595547627582338,1
1857,83.92465300064329,5.227111085937167,28.81343882902391,1461.5393631436746,7.783893346341115,0
1858,67.49953485401048,4.560971811537085,35.13979501128899,1608.9225008368073,13.55169378958239,1
1859,72.88693629279857,4.072759326974559,28.039761086664427,1441.4967612901316,7.647236290968974,0
1860,72.6032183877122,6.347767556827346,30.141601318388823,1634.1985304177847,8.691559477344482,0
1861,68.65691258529452,3.7612508401429285,32.10680127153354,1682.5204628059487,11.48947653943064,0
1862,78.10808273159782,7.7695938808988725,24.92353812875092,1679.725573346097,12.060633390947343,1
1863,77.93488720552213,7.900039621571535,33.11617948319409,1523.5688652282602,7.193001966003024,1
1864,52.51468026761819,5.385126197992681,38.18560895000853,1292.0063696765897,7.814596273505828,1
1865,83.04340242878152,4.982727367885032,29.135933240532967,1377.6173894716358,10.555685618943695,0
1866,53.37508011964326,6.545989712362339,24.35467789083849,1619.0314647769458,14.688838775527593,1
1867,80.32546204341658,6.642197753340987,29.666994864890132,1989.7624611480455,12.492525561997361,1
1868,81.26705136827583,3.7910124034108765,18.878079456955657,1431.8558456935837,9.50380590073638,0
1869,59.09033569784802,4.210167300294947,31.68451631988308,1591.167535677628,5.161741723848488,0
1870,65.89185712045415,3.0164788479750566,32.26137188824289,1388.7894885041194,10.163285468842318,0
1871,58.94295331514064,5.613597407501086,38.37818146922781,1305.20659115018,10.724593607293107,1
1872,67.85078969711265,5.999941825185336,29.030026037166873,1364.7368272845274,9.234609717834394,0
1873,66.91965715814258,2.9751115432080906,32.04242669073235,1083.5056046594657,8.29855201890681,0
1874,77.7966053226934,4.317201642775761,25.693559488070495,1770.68701258155,10.318330520642776,0
1875,83.10308746119608,2.979119123627976,28.217864397374605,1053.9739494170772,8.115477612212079,0
1876,83.95683810789956,3.651800284634244,22.374072816689008,1447.2343539198735,13.744897321617447,1
1877,64.37831973421697,5.8265255903394495,29.026051893583823,1264.3744209299891,13.033489595067634,1
1878,67.90778126255472,3.899776899982581,28.473454232407175,1323.123956927559,11.315825263185522,0
1879,53.1656180777905,4.548761065951552,31.495998830444478,1775.3045319477337,10.179421138238633,0
1880,61.94129933503811,2.5590324080790268,26.882015598336803,1540.2133980062783,8.67967182677288,0
1881,79.64851633097457,5.280485314586996,30.41672675487546,1306.92076816366,9.958425632218198,0
1882,86.15582823548232,4.9335900202330265,28.333099721961673,1382.0965735006978,13.278594270414551,1
1883,57.65651128120078,3.9065611249502568,28.34250305850243,1346.903755911583,11.737308116873256,0
1884,64.07535740847106,4.716478553476289,30.40181162981515,1491.2908655842239,10.40738455695292,0
1885,69.73594243041073,5.2704423207551665,30.20261471158505,1534.5783369575386,11.84794866833519,0
1886,72.80161158819607,3.777697776635984,33.805870195258194,1879.114954645712,11.091221326761657,1
1887,61.90396480078354,2.7856061839973307,29.396784829350825,1116.7398468004585,10.792555079773743,0
1888,74.2406104446409,7.708361649030223,28.250573254384985,1493.0375370484096,11.961126517983072,1
1889,65.26160652929084,4.050090942934591,29.09596277456387,1436.8864614930956,11.034055289649515,0
1890,69.85547729121721,4.854859845219666,26.426679415795036,1689.3097055433564,11.717102940206757,0
1891,75.462842480037,6.51625960253047,28.200444532166642,1570.9636236356787,10.322774099269019,0
1892,70.06422269810938,10.293582781355726,40.15579356536615,1618.0724416229891,9.491748353619792,1
1893,65.63614109473431,3.1332703251667016,25.436606196520664,1569.0172372030165,8.903674242119703,0
1894,68.90390196074169,5.674740820589765,28.606718330603453,1313.6017749432922,8.665380789058084,0
1895,69.11637040794665,3.9386715720588406,28.062556683651547,1742.2530992986026,6.789659115116935,0
1896,66.29988970117873,4.191814543134933,28.764141938778003,1659.7009809231338,8.176120106376672,0
1897,67.41203937332898,3.919681968489815,28.343803455608025,1683.1059583449487,8.118292940835637,0
1898,85.98647170504717,3.311517548299123,31.396200506105,1752.8100341014328,8.985309608031928,1
1899,75.6091944794124,4.938062957323008,21.449124493041026,1583.535020130392,13.124488421276583,1
1900,67.0451968197084,2.7882459694276465,35.18585736266002,1796.1984808234986,9.684876088892445,0
1901,76.96954404510736,6.420211349767806,33.16291399821099,1575.5279143573282,10.483533779768619,0
1902,66.6618051024399,5.082504404050062,23.785642069684325,1456.1882823950782,10.546639289023855,0
1903,81.73124637586642,5.6336524593521595,18.654613635237993,1498.679217903327,13.175161825684732,1
1904,73.69642192198094,4.3007170820806655,25.114639269292994,1495.2312463727767,8.848829092309417,0
1905,68.92697855995772,4.449194098682377,28.786667692864388,1396.1217355818915,9.554955839483878,0
1906,74.47716925810278,5.431345857750992,42.90145949345387,1826.3777696740442,9.787601256451634,1
1907,54.291238479315005,3.2539240513912615,32.716284824871366,1559.2590731007335,12.273069711549535,0
1908,58.73232531090195,4.463014348379996,20.962051754092712,1518.9476951665813,12.68821138750891,0
1909,58.060749936009444,3.710579729182319,26.551722475495282,1577.6548509852867,10.94916763938789,0
1910,71.42943094763707,3.6641467841134787,29.733937818635084,2095.970903347429,12.465818748123759,1
1911,87.32514999485092,1.835242639061538,31.268417771490483,1273.655162280068,10.355321992937979,1
1912,92.31300146192632,7.00898988422,23.426255698447886,1330.992297656745,9.654793504766355,1
1913,76.38051101440757,3.9701918702693466,29.32504886011469,1223.8857965106008,12.357448173171244,0
1914,75.00844474944456,6.745064082745325,26.411804311947296,1453.4801523129029,10.975235350467596,0
1915,51.989422658472606,6.603188482091438,24.481207186988417,1549.103688665472,8.528938668184836,0
1916,64.57326200265979,3.0710004402252595,31.29797823349477,1406.9354963317846,11.994841876248701,0
1917,62.12216248091761,3.3673831464907313,33.86938586721411,1392.054640369646,9.583014737959441,0
1918,63.79152401748884,8.840754439033525,34.20520638480809,1528.4809733256266,9.33835295455159,1
1919,68.3185618141521,7.626388912890715,32.87193175566938,1399.5784350340605,11.786008736399424,1
1920,65.27909422302872,4.9527222300078435,27.513152334298685,1562.0351654365677,9.822335718310175,0
1921,50.20700189624212,5.386059659626024,33.57274880731753,1722.8468693485208,10.77791707208058,0
1922,77.47910256117534,4.053730395579217,31.54527219052144,1635.4060939601613,11.323879168141598,0
1923,59.27256974260193,5.64852907130051,30.669709414760067,1676.2026694330405,8.43411384145523,0
1924,72.39246864111149,3.9242271489162928,26.941534391491007,1717.1836823013439,10.769701129364403,0
1925,90.74082669749973,1.9514693535524232,27.51561936329236,1556.5656320237406,12.698946210523248,1
1926,60.80615408413577,3.0176663202334235,30.36943468062277,1468.2717947913798,8.08706571252078,0
1927,44.697124772536704,5.031639121775881,42.1993723349275,1345.5493858233608,10.899817777662456,1
1928,67.13995778119889,3.3033991467461186,31.506212400456953,1421.764367272856,8.341064530839425,0
1929,81.00959634998571,4.899083802629698,26.94405748874857,1395.2628934646211,12.042795367680796,0
1930,89.58347454220593,3.3880084408507054,25.838052775152786,1646.3344653241822,12.023811167499542,1
1931,57.70450405547583,3.8264691162470097,27.541166936718987,1569.3565109188391,9.291355319501802,0
1932,74.96699223236521,6.279747959619788,40.88646723774533,1639.3515725428604,14.419257304381725,1
1933,65.34689543219946,5.371220821460157,28.003716770270188,1267.9326287799697,12.213250618274568,0
1934,68.94051645695865,4.985503368029979,34.53435267305142,1786.3498968482158,11.413857970272339,0
1935,96.44343347017035,6.3184459596059765,28.12035877264322,1414.6039256986476,11.30122179221227,1
1936,54.970296716048466,5.720912890021021,31.305922706398142,1279.9966715850674,11.967853818412447,0
1937,72.53739661494573,7.169844936877052,33.958726370043614,1412.1564470356375,8.00871518551168,1
1938,74.67693171765433,4.31021110652729,27.14048575095038,1996.7531985175017,10.389215196922049,1
1939,80.85786324939347,4.355547532208737,26.79444172923615,1422.4566267016864,10.766380770754655,0
1940,70.97983153470895,3.048336100412982,38.29434847227665,1434.980705705815,9.19972787339488,1
1941,73.08050539504103,4.3565289239413705,34.92296447447899,1461.5790638740648,10.92959053888793,0
1942,66.08351432578209,6.447154841453669,33.95336159345364,1470.275923313709,12.463388600868011,0
1943,72.69126941245108,6.949981058393201,33.93638146561457,1343.7047868397492,9.156461824468186,0
1944,66.56807724502589,6.440457752130002,32.29787744155533,1528.6426166412261,9.891151399257389,0
1945,76.21571889856051,2.3087122001758456,40.088879065875325,1715.1189816396661,8.358829408292111,1
1946,66.30389663956366,6.624717818991101,30.219541509385785,1562.8578630957413,6.426021980378415,0
1947,73.77100393902187,2.242222065091894,32.886311836004595,1277.7669402200029,11.557864361041021,0
1948,69.70737186315021,6.347175986183521,22.745435357029937,1431.1308190132584,9.948532410321505,0
1949,81.26050250772168,4.448323210143418,25.875196567043794,1389.6945199796742,10.095158834305575,0
1950,69.48606276411513,6.0537999709007835,23.9959050008248,1510.5878936469603,8.026452763652946,0
1951,52.26967531793119,3.001327478158151,36.37031791758075,1766.0903343124633,9.628992941927619,0
1952,82.61921500713991,6.7567514490592195,17.237299239896252,1470.2234407958233,12.193187578364247,0
1953,60.94267699137381,2.8025378808426664,27.98844988623639,1482.3690262259217,10.001642673558921,0
1954,63.4623366135118,3.9973176337202334,15.031466986696886,1855.528963763886,10.058367516110826,1
1955,64.04338705956508,3.502858058346447,25.84356052259055,1675.241198334332,10.415056555726846,0
1956,83.74438093170818,2.3685727207662515,27.54525525134067,1614.8162564213071,7.527235743187088,0
1957,48.64325786021304,5.141791351382703,36.92435546897022,1891.6263230603552,11.249840928204714,1
1958,101.37748533659993,7.709133676755442,31.983139696107287,1597.9622509588025,7.489603770168339,1
1959,80.56056809066052,9.000357833480013,25.83429238335517,1102.6945716044956,8.120768837441947,1
1960,72.23238914129159,5.145733680629371,35.32981859865913,1666.5331515760722,7.901570461985671,0
1961,69.45105999383713,6.6750219126012835,30.089161272648788,1181.59830857627,9.64955006673891,0
1962,72.85554074857657,5.348141956892806,30.187834293536262,1590.4010737164895,9.295094592924285,0
1963,75.21122428379338,5.748324792152319,23.98664246114004,1157.2512851741521,9.997549923383492,0
1964,76.45215585950056,4.486777023309141,25.049931430484303,1406.6289179200162,8.189487680447114,0
1965,75.55604466003449,5.292615388133903,25.87451350027238,1427.2430940780257,12.010990640612757,0
1966,70.8958068125525,5.806218056909643,30.23230636577095,1345.9761785536493,11.668055137452662,0
1967,68.02661579692673,4.132310406685503,30.389428634903375,1430.22960056176,9.65237297421656,0
1968,68.48726716346488,4.883758550160518,37.72046331762023,1706.5123440721104,9.043266566824125,0
1969,68.0509171964732,4.912354821503768,31.92527583968917,1357.2094175680893,8.841285013309601,0
1970,81.33770096867065,6.239604975995787,16.46217153163946,1609.0281759021082,9.379710009978641,0
1971,75.93556722280861,3.400951742558479,31.31320993935845,1306.87007207854,7.199509542497647,0
1972,40.59611365335719,4.922686687088523,22.749918219162335,1462.1000847215741,8.080785375576319,0
1973,76.55900776529761,7.868008203579047,25.17014537694232,1564.76785326549,11.720240783969933,1
1974,71.94736194718774,6.746090228878906,25.939152641368352,1300.694316676288,10.603624972151737,0
1975,69.81291243554102,7.023768573333058,26.68330838243849,1237.655913417862,13.268548971953061,1
1976,66.11481546911114,5.036647760267051,23.124253039798486,1598.3756301157775,9.401609699661357,0
1977,81.24112719986013,5.481496345529035,31.017410017261437,1724.6160798681278,9.276973545786266,0
1978,79.47526462122858,6.503354250054388,22.945988574545204,1484.1869961025257,9.184202150912704,0
1979,62.27122332176391,7.340383294296396,31.783338036249233,1408.537418688659,9.361671033563663,1
1980,74.07052287124534,2.07259563067567,41.18485538530815,1531.1350775376773,8.680091973706805,1
1981,60.28343265458714,3.0268380394252317,23.35320470532968,1511.095983753076,10.5419764293744,0
1982,56.203818352110694,6.964166152103972,28.57744847830389,1548.5805081422502,10.058208134296823,0
1983,63.73282775410035,4.584665966346795,17.382713187437652,994.3509799372571,8.980170996323455,0
1984,78.62393472382759,3.9924188161128837,28.495323535149335,1286.1791417668073,12.502297826037804,0
1985,79.53125045376086,3.1187585195065943,33.21358576315742,1330.9539789126293,13.793165844972615,1
1986,75.13085420097293,4.167474947683836,33.60319615678633,1530.1735257023124,12.3331544111468,0
1987,77.25095786847997,2.896446074864263,30.386818651420484,1537.1755767244533,11.11624802616679,0
1988,75.16178287114958,8.136641409098715,34.44631712379488,1627.236097736807,11.523539452527547,1
1989,63.585184047770476,4.96634592202914,42.73027267971396,1551.5163498420873,13.71283103565267,1
1990,74.31922544673941,4.913074187355924,38.561523437188,1239.8529859225328,11.520638631518848,1
1991,78.00409525227683,5.882115012751748,27.387395352951817,1789.400923517012,8.82962829480143,0
1992,77.54291329813574,6.4435177538998545,22.74448006766631,1754.3836606844732,10.784545053301096,0
1993,81.88913371474644,6.418832234831958,27.969242917130984,1248.3605419946148,11.252488532126636,0
1994,77.08303847201064,6.610432915861358,25.26508617191326,1566.5410588748366,8.01056545192816,0
1995,73.51448207541583,4.053731673813715,32.256737739323164,1380.9151229513968,9.430138362713643,0
1996,80.70150238316427,4.553199792564708,24.09403230285251,1527.7727978401097,12.200783648110932,0
1997,69.7347874075094,6.153547483163413,29.63588783704829,1710.6620559283742,6.353014529900827,0
1998,61.18125348772282,4.2089164075405705,34.19007027268155,1926.0208532641918,7.499142909918811,1
1999,68.36933036056236,4.992340051959163,29.496520635914116,1650.255541028522,9.647185892743344,0
2000,62.55097355193551,5.598145646637222,25.26843088626102,1558.9869470220272,10.70735919101141,0
2001,63.24821725025618,6.177777623465564,35.87407028792846,1432.0357663383406,7.284735110102186,0
2002,68.55481329284483,2.3334785564446983,20.605095276230863,1536.4269742022352,9.746421496668118,0
2003,62.075800790000386,6.072118474833418,28.361024720612683,1771.9543786656627,12.307537078177134,0
2004,66.9203847036096,4.6494139132224115,29.791699883093326,1491.058248648083,10.137302914148567,0
2005,51.063853330462145,6.061186566296572,30.079543291998156,1322.7774697304699,11.878177887262261,0
2006,72.13293707372938,6.165397538532243,30.902480280390407,1176.0620268966748,8.815771757329994,0
2007,70.01205475362224,7.411872591678736,33.05219909904746,1602.60957348205,8.380166286421638,1
2008,61.82911368931809,7.030180471431805,29.822962804773244,1549.4576251255478,11.697747660570094,1
2009,76.59245668432405,7.019857493915444,28.159708589281596,1370.8183653475407,10.73853106931238,1
2010,79.37570137626558,7.165505478749358,27.96205327670152,1705.2028251414595,7.628807984451082,1
2011,53.924401356310256,5.437068477223919,26.942420989808227,1415.6446271224738,8.398318167674422,0
2012,62.37275221433786,5.048277630555259,33.93771662163432,1473.071181635041,13.129162482114829,1
2013,62.30857650212702,6.309225624767501,26.767357602617427,1496.6671733404114,8.150889561061367,0
2014,60.600968988911355,6.098121427149533,34.23385554504122,1429.8094515723824,11.868657493451995,0
2015,78.29474841931749,4.53640064489261,30.094995411299355,1547.1730131499141,9.043626605532602,0
2016,68.06173861227197,5.607235113212402,27.39372596571935,1730.3030291866003,9.993648286465737,0
2017,67.35485158689389,4.9473552998231085,33.092036078720675,1271.5036203763154,10.589185241886744,0
2018,49.961376355932465,3.719100637309916,26.36273037638441,1597.7040276948017,5.798037579000803,0
2019,76.35418030209226,6.935691112064525,33.19092020364106,1534.4317339212882,7.074565329145402,0
2020,57.60741605146528,5.082798863795134,31.063630605958924,1530.7527659089412,10.172666037574325,0
2021,70.59932630266329,8.073062386548276,27.018376554540396,1674.368913974818,8.551384872432239,1
2022,72.77376937958192,2.561761594700251,32.64317407667279,1509.8594850434317,11.993162590549245,0
2023,83.60658595838652,4.1648318407349505,32.7329486284432,1596.0458523811405,6.78775823826375,0
2024,56.91179600880888,5.0489582550363075,35.78759802904979,1643.1729259142294,11.130510112515974,0
2025,39.80487844179174,6.706071646443371,34.83073506204648,1399.1269599238788,7.247557559191348,0
2026,71.83849544753694,5.599204058903277,32.456370103631414,1559.8366921627596,9.295790011711142,0
2027,88.00511181510853,5.465709131271127,24.362045243956185,1449.8424785578736,7.871244471524072,1
2028,82.38946352939438,3.3091043111687792,42.242934940870285,1473.463644056021,13.804859760942396,1
2029,72.09659415274626,3.264587904155793,22.98191894464095,1435.5877207043336,7.321015674059929,0
2030,65.08363814367952,5.483756990434857,34.74631587141155,1594.2160808193773,9.755880609261952,0
2031,78.0712259663731,2.9538410092724625,32.15641908443149,1516.3289418036507,6.546327703959696,0
2032,60.26453800295531,4.202183374566007,24.12928813759443,1578.9088068633348,13.19914024414118,1
2033,74.7635776935622,5.751375993628786,29.378495305607505,1496.4965274208503,10.80256483235441,0
2034,75.05470159166627,3.5265135915848362,29.606235568776796,1179.175797505935,10.273946179197337,0
2035,80.6020990749888,7.40803394354271,36.527913579052615,1506.2736832199416,12.948625878583451,1
2036,97.59660038911078,6.835904516356836,26.433445498598942,1512.7075910313633,10.294844882845224,1
2037,73.92415967178766,2.6428700024925496,28.69027496787823,1548.519187430692,10.439142712282154,0
2038,64.91036374292501,3.6014431352270195,18.319651974893684,1381.2541612628515,10.263450576130303,0
2039,69.74425687808005,1.571334133257575,38.67381396561788,1260.9060566668977,11.127268650886238,1
2040,52.30924095110882,3.8261129561778002,24.647658784899644,1624.9213289788556,9.015117232157476,0
2041,63.05286868910942,6.1495827148585995,31.634554321195875,1445.2786886931663,9.571425385273335,0
2042,65.90717561886896,4.379157586587715,29.49296085139068,1534.2488095369993,11.620669256914892,0
2043,64.75911602065408,5.691195865423952,29.5099951660833,1443.707984022341,10.554745903115764,0
2044,71.52354872033722,2.7164985225773837,34.049309924354375,1498.787634845281,9.771512171795749,0
2045,61.775800676177994,6.196962881872858,38.35631230151817,1410.1429304128383,7.198955217938575,1
2046,81.21030667324472,4.167336158107475,31.25746834970996,1306.3832821692345,12.99610056907319,0
2047,70.00207064918197,5.018254523424358,33.275390088152626,1594.7463321537314,8.677091780098458,0
2048,69.90699678861385,4.860688247910421,31.644457683635203,1379.375982354776,11.974474476838514,0
2049,66.72105283487082,3.0926772186615743,35.08765711965313,1532.790296178962,10.35150730337617,0
2050,71.55190683858979,3.2703735023903264,27.685418102568363,1582.0920443804155,7.41309895454026,0
2051,78.25098264667635,6.451691703505139,35.37695277208207,1382.6374568793838,12.50455095506123,0
2052,61.328697842890996,5.598488236252543,35.55249932823692,1259.222873125403,10.50908129279908,0
2053,63.41883510924743,6.5750735623301395,35.41268504341455,1985.2171227706106,12.670690713474086,1
2054,66.96273971223336,5.486987353253777,26.69926066331762,1394.4456248109148,9.635182598528163,0
2055,56.54129076526785,5.214485952213825,29.158311828814046,1624.6834317202317,11.408102459934108,0
2056,61.807421402785025,2.41098407199985,31.197334943902174,1887.8927099140249,6.474945777309973,1
2057,65.23779126455341,4.594449954858245,23.145789775854972,1657.9815493707786,8.999568272812486,0
2058,78.74389180712727,4.958923519394384,37.97460104043007,1439.9114382344897,7.454013335537457,0
2059,72.62561329001925,7.929660797408861,29.93861733248912,1486.5767224929778,9.250432299923217,1
2060,71.93589911367545,6.030434948148016,31.41963943802361,1333.4785560522303,10.94362347901229,0
2061,78.50897962167971,7.304091772564293,27.114977801363985,1676.3392853915484,8.790839824691709,1
2062,68.62628211600604,5.896306558842093,23.365612203164886,1613.2541416117376,11.727684187277564,0
2063,73.9046484992889,3.933045159575781,26.979850572626145,1397.1148363476514,8.286774712899977,0
2064,68.96778247067503,5.175686324224777,31.096020938167943,1291.565038580311,11.770473227299957,0
2065,72.65362349399628,5.354335469396349,33.367144063768464,1235.7532524672617,12.619514331748071,0
2066,64.17241342388418,3.5912666453439774,30.8089577030136,1697.3028007608402,12.027052270181972,0
2067,45.611828417235714,4.423418935110618,31.73362008120975,1524.074625791112,9.311621896340455,0
2068,68.65720837813696,4.691349509484242,28.314868126593115,1542.9969072665504,5.749092804111714,0
2069,84.2274813609994,7.408429748847677,32.48124283122714,1335.4102748275286,11.164333993474695,1
2070,79.26215402241593,1.8788892119135325,37.414164331929534,1207.2993793391188,9.749530570569393,0
2071,79.6539748459117,6.808727631074065,33.52394721219493,1692.5227149423265,8.043214119745294,0
2072,82.36130721806218,3.5948071475609256,34.0477094412647,1508.4078073994463,8.88744187025918,0
2073,70.88657590961438,2.941881219095579,31.470081996533153,1681.446932011524,12.868850632889604,0
2074,71.97315707405596,6.769913195057696,22.48422465200199,1422.8133746968872,7.725319598779691,0
2075,63.8234810456565,6.097847103851572,24.776667346843784,1452.6364313926283,10.936618351242423,0
2076,66.8392714397295,6.881778053571785,32.27437900331922,1642.6596353241264,10.435916351274807,0
2077,76.15771149771142,6.201052921318365,29.94530474019957,1646.469615930105,9.285224670673536,0
2078,82.03884437168816,8.089767502606103,32.19921443236414,1659.5131245371908,11.289065374626094,1
2079,68.60553724319,5.838085755416728,38.382117089220365,1440.9597493794608,13.264490517797732,1
2080,65.49810735148588,4.765283935815262,33.630179996146666,1622.9094475301736,9.408056992227603,0
2081,70.00527958856597,5.514389565982014,36.29443102871411,1721.8198930953438,9.513638103845798,0
2082,76.01206748929116,6.8652036925189455,30.47340694735365,1479.0455976636931,11.2441298099804,0
2083,55.56145183866458,3.8309370121098247,25.9639216125778,1397.3023272451892,11.836485642870002,0
2084,47.03819046862762,4.022167126202929,29.710669203928294,1768.5495206633532,9.74458558570273,0
2085,64.49463150508416,4.5365599781031385,25.976240931404313,1369.1108532897385,9.389252527812703,0
2086,57.79287574085841,1.8431258018520014,37.79147478386224,1625.8952994228953,5.564706958560479,0
2087,64.9185980235269,5.207117612626321,33.95195538267735,1488.3155378960278,8.443982175266893,0
2088,68.52219681182528,2.170806944073461,32.6025624831414,1131.6868767030878,7.7213766558648995,0
2089,65.46751590976987,5.0795889693989285,36.17971601114051,1725.718813495716,11.369249992623782,0
2090,84.52467534470745,6.297934634202875,19.899717927383875,948.4292740905264,9.512194102798317,0
2091,73.2674476460232,4.284685309034247,32.9406897567133,1103.1743866484783,9.433956788922144,0
2092,73.00474359610828,7.515673805280306,23.446771078478136,1605.4660158961344,9.981887472754037,1
2093,76.22207144043402,2.8092486508722683,29.963721507671693,1605.4142397356231,8.2596470597492,0
2094,58.61166882219231,6.786891022447749,28.44146203766393,1372.4840284244929,13.106494373377508,1
2095,80.39111787420269,6.012705584610381,33.30868306048474,1529.564418060649,12.596387823393222,0
2096,69.2423571346454,2.4259501275339663,31.140936444804776,993.7139908443991,13.236213566095376,1
2097,76.70480617241212,9.066191448560799,36.72558586805894,1641.39509289412,11.366834462477783,1
2098,59.28142766959844,4.904382071744051,26.99051419533693,1549.9450974107194,9.941043769956126,0
2099,54.46241233983936,3.6837739667665526,33.54557194816642,1490.871429333241,13.22945860601377,1
2100,78.17889658025028,2.8893692078239748,30.81111608449416,1504.1682964275544,8.638066328174041,0
2101,73.76409526097517,4.669972958510489,21.823548649642238,1598.6508352386063,8.257582041933976,0
2102,60.9794844564249,4.80888969141506,25.406917707384835,1494.2196953004277,8.796976970460282,0
2103,61.303369187253054,5.1539682928094965,29.25060983238916,1125.188899453756,11.045742533828596,0
2104,81.2543478441477,4.55330576566406,35.561462249458636,1939.2664469045046,8.475789613224654,1
2105,58.10588107132672,5.94983796517264,32.318615287785576,1740.1601638856903,9.689254023564002,0
2106,86.42672953255963,4.418555251005131,24.162495880596428,1243.0110676090344,6.796289412230447,1
2107,60.99379265352131,2.0975538241392933,29.2984188597642,1430.972553904682,10.962195330856488,0
2108,76.38391925608383,4.775957756525538,40.08903224396515,1452.7931619687918,6.965793265633781,1
2109,66.71381524251015,1.4487835199400827,30.55611667420429,1715.7699133017927,8.135677890269276,0
2110,76.03187431082343,5.530655946337085,28.363372124638023,1068.1462129360464,12.434334269793288,0
2111,64.55885997885807,3.531049654576047,32.458698203781104,1400.1983471140422,12.36063663397222,0
2112,68.37207093927705,5.245040532373701,33.81696539790985,1147.8727113324992,10.748626179092996,0
2113,70.40919175395722,6.971112472286906,27.719158262599706,1442.9808968343323,10.55132716347046,0
2114,59.978125442185274,3.576876957098,32.51287387185719,1405.499821383019,8.938080705691481,0
2115,77.40824345420125,6.591884387768177,28.355552516645954,1515.9388134765425,8.454192672515598,0
2116,64.86786433528415,4.34991564997077,33.59663800914719,1379.0251201981632,9.27551660448524,0
2117,67.71400084659982,7.629792203098378,30.84846578985642,1349.795321721895,6.9726916510753645,1
2118,60.056506253914876,4.45227108020268,32.40983913526446,1623.9313383526296,10.504897109907327,0
2119,44.376663412046895,3.739260521739963,26.204082269162477,1590.9345481885161,10.09766224961682,0
2120,68.08972237399831,6.030857675592933,25.893568079635703,1610.2796685556484,8.133157466579465,0
2121,94.12615421612915,4.346315405564546,34.727486523296974,1464.6199819018316,13.137363837682715,1
2122,77.84604287898024,3.737825728806487,29.60301809307253,1385.6522835549622,11.213827420574097,0
2123,69.80739620265605,4.283240223944313,31.425173710496807,1476.229503595846,11.383683608017712,0
2124,67.37109170791733,4.933090201725498,28.468022864567402,1600.2324140136905,9.025320147921668,0
2125,70.22465892812046,7.013270196867281,34.49363387006822,1064.6440598056304,9.997339843947353,1
2126,75.4711911517521,2.098868381810634,26.96095009985171,1578.8223860741716,11.254745340374845,0
2127,58.19187184691155,5.034620988425631,29.321993800495587,1561.8276374669597,10.305564734200471,0
2128,81.14321694668872,5.937355391981065,33.929964063515655,1512.4301812171454,13.203801569539744,1
2129,77.15381315441245,5.290172862487694,35.86483849582133,1470.137315625665,9.592424861166498,0
2130,77.18185725707934,6.964797754150301,27.381203544866583,986.7761228135173,8.990878935527778,0
2131,74.38475738809727,4.888482005362214,39.79841990977941,1412.0293473799188,11.268505752942852,1
2132,70.1961665769399,4.723172836721083,31.566208468468083,1857.8877422154746,7.470705455426976,1
2133,76.7286123596682,5.888494320520015,24.78535869095631,1502.5802591136612,11.848593864616225,0
2134,75.91814133741379,5.148970722427024,31.84526024294984,1438.5420322650564,7.398576398816035,0
2135,66.45959289058976,4.4143868925792935,28.08500392758271,1503.3812391180224,11.2771693321171,0
2136,64.26398227103098,5.77421605937957,32.170342435915884,1570.9545737256017,8.703452891654674,0
2137,71.01856295261987,4.021207560175032,29.78571876169831,1631.7640489378928,10.953168293966787,0
2138,85.49020151495188,4.083234271971009,30.371368450950722,1454.2239673684116,11.814685892122036,1
2139,57.60892924346099,4.20800896735158,25.442033117069272,1584.9839204787368,10.306842391007837,0
2140,55.324747342475604,7.029603740249611,34.9503061535818,1835.330160552272,7.60075809671864,1
2141,71.64760841236517,0.16847546602143026,24.21936316424484,1701.250159886543,8.206449510985696,0
2142,70.50887701856018,5.593398252144413,24.456175522975023,1968.0600431713958,8.542681717932435,1
2143,71.73341664370409,5.051407721300333,31.836801745737432,1368.6459283296567,6.209986212804452,0
2144,72.439531979085,2.4786943111428195,38.01422123588985,1835.237901500403,12.254955717463858,1
2145,67.76797745365195,5.464590168704003,28.237034514677966,1341.865272015481,10.220215171512658,0
2146,84.89863438602082,5.713627987747298,33.50486161351983,1570.7132293480927,7.72896390962201,0
2147,53.99096021523484,5.8844588470361,35.36670088431772,1646.4953058476199,12.911349714916714,0
2148,61.71502975219754,1.0222579054325767,34.073422186470346,1397.8445616191054,8.597343799723674,0
2149,68.96745239850952,7.049584117781658,28.443958554131594,1517.592855494855,10.501144978149743,1
2150,53.568111888458326,3.893394942972739,24.544766414029628,1682.0922204903682,8.349458909607597,0
2151,68.24145595567929,6.029851620129764,18.962262171643225,1357.9458203376184,5.963479693341944,0
2152,86.61470165728018,6.1116106710234295,28.685797502688033,1833.8766919095294,7.271118882297479,1
2153,70.20886488295962,3.6849543715710604,35.89043684281087,1223.0806750545303,9.103019138267138,0
2154,72.30700905718683,5.990689928527326,24.37917007619033,1887.9382885456769,11.796593742412096,1
2155,57.3983523482742,4.421760138631463,33.501049237593826,1700.2652269599184,10.693066293638491,0
2156,63.83638591960523,1.892934230992764,25.24923734974064,1482.0548847344444,10.28041025234249,0
2157,66.24803619676064,6.751612888291668,30.53036288193419,1419.4663577526537,5.979944754510236,0
2158,66.82284903243766,3.8374325554756403,33.53895807077509,1398.5943474417952,12.54017229536019,0
2159,82.81643795003768,3.7182598058929184,26.70252281580786,1472.840871948597,10.447359392991112,0
2160,75.57691060725125,4.395401197944917,30.852423403484572,1490.3008276902347,9.76116466021568,0
2161,58.88542043062968,5.408355087991082,27.924543316373356,1751.0452493269163,12.264846219977791,0
2162,72.46504778432005,4.914094383766846,33.52574329469088,1893.7308200769166,12.494993447136547,1
2163,74.98221748496785,5.822100387060756,31.176585842423187,1539.8759841308015,12.309180495218381,0
2164,81.40149038521267,2.9907659502070114,30.282538372146337,1330.8743024021192,9.505827006593424,0
2165,85.80540686568374,3.886420444353898,37.79174980070989,1390.854791872761,7.993046878431609,1
2166,59.84905808172131,4.826004391517699,33.31153071184151,1463.381843077743,11.977845834284146,0
2167,61.89142488789662,7.846830938988059,26.548240669368553,1293.975578940645,7.269891113859166,1
2168,57.42422141085384,4.829281192379363,29.570680496011192,1264.2117195785243,13.894513477328564,1
2169,67.65980140893019,6.6278333954924475,29.620506074601696,1919.4254424746055,10.055999090389125,1
2170,74.66358374446335,5.057832753176476,30.40159786312606,1560.5227051892507,7.878231488600832,0
2171,79.87334516589102,4.2745120438436475,42.622546383037474,1333.3733732639307,7.536262891686779,1
2172,69.24048976357477,4.629913363828339,31.854259463554985,1663.3207140715426,7.444790351887881,0
2173,66.80152476745155,4.7473704319566785,19.820487149476122,1264.330775038631,10.280725813441686,0
2174,71.5175799224874,5.905468608441108,27.286005141415174,1280.7975904257892,9.987215359880425,0
2175,61.64857098369977,7.061916901364832,20.338139562520958,1339.391519787151,7.528155652981614,1
2176,90.89538721694774,5.539521271529481,28.3510087147708,1830.9026561730066,9.287088426888197,1
2177,53.923389728819416,6.780616518112633,20.06344885136786,1449.4239868443253,7.264129227817316,0
2178,71.84740578895725,3.5528153935554716,25.64204764465786,1011.6586026195026,11.178603611888345,0
2179,90.2360621922964,4.378054236778954,22.3963923518294,1742.0131866351187,9.890813467774572,1
2180,70.06799844559998,3.9135461986884996,31.920800889837388,1438.7237271675285,9.243194988165104,0
2181,68.09960964998506,5.471666886312279,30.002696813144393,1130.1183988243188,7.423778539864946,0
2182,66.42554577189573,4.461562422230879,31.514811537493657,1436.663302407318,9.39968879955447,0
2183,68.19608318237592,6.094659405551293,29.477243057157366,1604.2007793209807,9.170544237307347,0
2184,83.7284847467653,3.603497432551338,23.02851124897791,1580.8098333065939,10.635453402419193,0
2185,47.88138088670493,5.064546459981922,32.56760684627368,1859.6829958329638,10.33403595623392,1
2186,85.33433701296326,6.030286866518384,39.611122801347264,1329.4464274860138,11.584120204158685,1
2187,55.76042847549855,1.9020458374390845,32.04606289303273,1509.3440240529944,9.030846912989876,0
2188,67.33347670765585,8.182446960995305,27.87037700341217,1360.0861442843157,6.279176995607012,1
2189,65.70755579701338,4.575272172680187,22.859664119472775,1191.5614211625555,11.982185753196081,0
2190,75.88553269770719,1.9624401294857403,25.459665146200173,1677.105474461191,8.127934973903638,0
2191,54.01875648116253,5.237140847865179,32.2651982828603,1592.653913829504,7.786165893969489,0
2192,74.62172666081943,5.050165201959726,35.365590133996875,1556.7356899397705,9.913766909772496,0
2193,90.24309623286852,4.87715843064126,31.304330873609878,1585.358038651729,10.604541025909034,1
2194,56.368259954071895,6.48678666939,33.99943644852992,1362.905429462316,8.938327188570634,0
2195,71.89706167610396,6.121167457140584,33.53839122013621,1298.8609825363612,8.922614637063747,0
2196,63.38017822203391,5.446814286535767,32.53267195692959,1507.529474433872,9.21794736446889,0
2197,74.25887206193036,5.675233450919971,26.70763202369372,1732.2422804823227,12.833080701986287,0
2198,70.19147777415752,4.843462325842871,30.869617559875763,1821.6154270907095,9.994643824883735,1
2199,63.5851309095569,7.663236273860072,25.758110980589308,1659.0865413614865,8.064074321076408,1
2200,74.87872284871074,2.78120597246335,30.08714476479051,1505.8348853536193,8.084433286194066,0
2201,88.04348109786743,5.209477511323845,31.65431765533456,1553.9567858799871,9.498231640835261,1
2202,68.09096208272702,5.09753694678317,38.39391903693428,1502.3187718650743,10.475715868056014,1
2203,77.19757942148182,6.2199206090968895,23.45134012816184,1294.8113320601144,10.967960323932381,0
2204,57.06727042128836,3.734219183862651,32.40753815495653,1504.9294756421086,10.24831720769443,0
2205,60.43563623181991,2.384491096405196,37.406182958117974,1233.0346364823013,8.316253298165822,0
2206,74.72406277880377,5.23523452414729,33.79423882919398,1475.184554779392,9.152117400878435,0
2207,84.84116028535965,5.421845738327907,34.16472721412521,1827.2210221192638,11.467815763729249,1
2208,73.5561334878566,7.234399114171474,32.93847450933906,1664.5718445566704,7.707816079093809,1
2209,66.86941969476845,3.094456930512371,36.49167244887708,1315.376163152694,9.068493213845075,0
2210,69.99291405423354,6.73204065007508,24.56260915943816,1485.5141860715435,11.194925715762706,0
2211,57.495922660302824,8.551121546040683,23.07036667014877,1333.1247376490523,11.750562853270353,1
2212,76.04515326355367,4.433352668716284,29.96832929767372,1487.497246364558,9.614169257817235,0
2213,78.82333062323409,3.0635866707601638,19.19418948214145,1708.2215633049127,9.177586378858368,0
2214,65.4790966716692,4.389538450439943,36.15322902089006,1630.6015876619808,7.355764117112519,0
2215,65.29957852240499,5.021007451057071,36.103575977477206,1996.8288161490673,11.05127984545419,1
2216,72.65878229652049,5.845681812510372,27.83324722457737,1738.4954805015143,12.637559370293578,0
2217,65.63280263959405,4.112907905242929,28.14614701669745,1540.8000762155384,15.130308117199384,1
2218,69.33867385374178,7.332797801221012,29.638262624246643,1635.4299948266587,10.772892367036093,1
2219,90.99721789166516,3.3282015274879075,30.2601032521981,1459.5113651633328,9.898240696712039,1
2220,67.52974299254004,2.3911922717408,30.63586959597143,1274.4991505827008,8.160378773698186,0
2221,66.41659847978778,6.660065636430976,32.791160534391516,1761.1553156575042,6.242286172513701,0
2222,63.52458194364841,1.5880684531907008,29.13686823495761,1701.7982953863295,10.353918499479667,0
2223,77.44191971499937,4.693805346690926,34.71596651738897,1451.7891570812071,14.700678240308605,1
2224,68.18775826781896,9.67652169381207,32.22973888562652,1554.7871473862676,12.541624459313827,1
2225,63.506269616785744,4.981934670560102,26.965182770636822,1748.1878374769612,12.233128538227596,0
2226,83.21304032273012,3.3188485239556256,36.675563339020485,1669.270285241204,10.49120563411583,0
2227,84.19603004513637,4.913903804319809,23.208715069387566,1207.3797497500602,10.719046320560643,0
2228,63.99576434261295,4.9237988170707,29.539170945892618,1548.724004297965,5.152505363444045,0
2229,51.33460048639384,5.240974910529674,34.83458700537734,1466.4736949023272,11.525021161527993,0
2230,80.07513689836922,5.993394473239429,26.384634475439277,1722.6001398277363,8.841318860848368,0
2231,63.15370174239996,3.4413332474483913,31.547778233835757,1706.2085477565322,8.596545306808226,0
2232,77.90625599162769,7.531322082855191,32.71669798499524,1763.7215656356088,9.353486093902784,1
2233,50.298961822881644,5.3676714265589265,25.697380660093806,1276.4211322559586,9.28599102109797,0
2234,78.92597338299309,6.090191069602706,29.637611402029826,1343.1776931887523,8.564728816056675,0
2235,57.88828070719219,4.057775900366536,29.21748084895395,1722.8164872270877,10.027744144351953,0
2236,77.30764119066525,6.9295732054933,27.241310740838536,1381.6708369315108,8.883444807583894,0
2237,70.14273067836434,4.614421386780403,41.50837426025387,1195.7134038171384,10.200645911512293,1
2238,60.460605806033556,5.416328770240297,26.184468232772623,1606.519297522813,7.0256443708999345,0
2239,65.9296368707322,3.600340884219336,35.024651470339414,1390.5563119468054,9.571884458735965,0
2240,76.86318456956701,3.5046025603968096,28.03599491559429,1857.95815406168,7.807408820627497,1
2241,71.05894453115235,6.032307959679324,24.56681905557359,1559.2369107976926,8.717101363004268,0
2242,75.84412980472484,4.334589754688921,30.514071215775346,1532.0518573283332,10.286797686067061,0
2243,89.76440584515485,3.7192653687434345,33.245466921937506,1426.1512216768485,6.7920047704900846,1
2244,54.357583882889486,4.035224986959454,34.6025478753284,1818.1670667853944,8.355185245455726,1
2245,86.17212574968624,6.048429607576132,37.811325553275346,1571.7108919779641,11.137928769672667,1
2246,71.04355937523214,4.056443208194583,44.726231449675495,1418.3000963687587,7.173644316268398,1
2247,61.01215951676872,4.823517602596754,31.252571018777985,1341.1832586789105,13.555734280557616,1
2248,56.696863742610105,5.022541625430645,26.684539130873063,1485.3053890871565,12.408815912261293,0
2249,68.10879609222967,2.1239766709845513,32.264371633974456,1304.4706325690388,9.010945831095441,0
2250,79.2165011192446,2.793310391939723,28.668935247967543,1705.7754883357889,8.425580624429873,0
2251,68.72450879622465,5.5044168338713435,34.62983064926115,1138.3315891951531,10.403879806670965,0
2252,85.11154930247348,3.8944559582709544,23.51417851817139,1472.097194333386,7.105075485945681,1
2253,55.48824309948441,6.585087366920628,41.841672712002186,1622.0267090175869,5.995714550335134,1
2254,69.87911052153946,6.450210656375816,34.28024047387756,1568.4238840219314,9.081329751894867,0
2255,57.47606555586881,6.0787529995331555,21.579979911019176,1356.543405396866,9.731902466995617,0
2256,73.63631882624968,7.729657680968897,26.45485548842514,1632.05174134131,10.18885444870706,1
2257,78.868873900973,4.8753660083852255,34.080405220569695,1322.7921223228186,8.770518767764232,0
2258,65.79238206318946,5.973322888855758,35.88172028085727,1495.523068700638,12.547893458949895,0
2259,43.95786143372866,4.123398535105953,23.638811863840182,1630.3683143960711,7.009720683032233,0
2260,71.98948146796495,8.678554869303085,33.565129252164745,1592.5825558986226,7.723475730083802,1
2261,74.3673855173351,7.975450478654029,20.26330063669038,1364.9921977161064,10.973271912289622,1
2262,74.04294754961698,5.017820651776688,29.55332067264477,1739.4989033128727,7.676705228725718,0
2263,82.35782191822155,5.579879344857789,35.56023421051603,1517.3389142971068,7.599359095605367,0
2264,59.28946320350951,7.038946399047209,27.2424213494851,1648.5990821878304,10.246709584414328,1
2265,76.8021610545045,4.77929074277884,22.46538850430993,1805.8202013346495,7.892954759367937,1
2266,81.92507512477975,4.015063893800443,30.731073981887796,1723.5041097549215,9.733831144158625,0
2267,52.21412415993483,6.310984626510324,26.976405666822608,1724.0258812662087,8.600286880684486,0
2268,73.19651825918977,5.117658869125505,33.147791830329176,1538.5359859698945,8.27667259325452,0
2269,64.95820168992329,5.274491674467891,25.573367838909697,1658.787024182102,5.795389217310119,0
2270,69.18477326898355,3.7485929853980515,26.1368155517345,1542.7193149128632,10.279126305642675,0
2271,73.47676483538336,2.4234917774549056,19.894988395618782,1258.1351064443174,7.505620015774142,0
2272,65.12771435886448,5.354213614818652,30.849723555257412,1560.5487585010085,9.66351559293896,0
2273,63.24291920838388,6.3574430622413,29.195475308617006,1551.2721967476932,8.97579020330287,0
2274,70.34152417488025,4.661289876385937,24.058076646299646,1616.7458723043637,9.586983882600233,0
2275,59.12754061137197,7.1546442793383,30.96899356883546,1474.4006049573209,9.700649251973479,1
2276,59.141748711148146,3.9441255118766834,35.1353515032207,1347.7088886472297,10.387256501836527,0
2277,76.79373282956503,3.4179433175511202,28.92216028290525,1631.3012166350454,8.544481397017115,0
2278,58.51205964841344,4.899154539205803,31.34083474910987,1237.3455425495504,12.485392958546736,0
2279,76.66312500909211,4.876111136973064,31.36655624792582,1791.763827171294,6.305199878288846,0
2280,74.6259129285395,6.154953097002834,23.9783508641052,1453.7163877590015,9.546817762945542,0
2281,52.741932712094034,3.8375557639040228,40.28292910353798,1549.1056344112337,11.672461952821735,1
2282,63.22435347664345,7.052141355222347,27.64575084938858,1611.7116306563144,10.953545106005208,1
2283,81.94109403047372,7.950375443762381,33.28058100930135,1618.137608968838,8.050328846942806,1
2284,60.18834468860318,4.941283959547487,33.84607638614525,1218.203140009653,8.383509014023952,0
2285,65.35595737690612,6.874565630276478,29.302024364421243,1664.8173161088528,7.986414881346793,0
2286,74.62060893251896,3.41525439406211,33.03397512529817,1560.6307656752547,11.198455261328778,0
2287,77.83390509282596,6.612832311772873,31.229096109081947,1372.9477230882783,8.520152542968983,0
2288,67.48461113955504,6.570914612839194,22.911801213862972,1350.0666098108172,10.5102461762469,0
2289,64.02489805308359,6.295155920284818,28.338636493749558,1433.1893835886308,10.52860282815191,0
2290,84.22369861698508,4.976655366694559,26.937245488229692,1240.2516626779015,14.736786936470743,1
2291,87.3889966379758,0.5686265881369534,27.691274793269365,1844.453478197405,10.626502519603408,1
2292,79.78858050781795,4.0374092845218055,23.47998411081681,1797.2302650286688,8.377711970499073,0
2293,70.85318142565023,4.0611259734730965,35.63216858373015,1590.3400401951878,7.079699475867201,0
2294,61.91734278359074,3.532617592909284,38.009963273067065,1455.320316731582,9.448294570724508,1
2295,61.695555934434346,5.183364506820599,34.890014879992044,1460.578402412521,9.761828315145364,0
2296,75.22514105265758,4.371554831718148,36.35264612073571,1651.6131412347936,5.578600945218889,0
2297,74.18398220888683,3.763081985352467,28.27682581495922,1851.56537990039,8.572291679413974,1
2298,84.01598592946429,3.4117997776282705,26.818715825069816,1385.9206520806513,10.594705085655105,0
2299,76.50450092536138,3.926730521772157,26.10706476594144,1276.4827914753353,8.93528865946765,0
2300,54.96919698240182,6.682248817774893,33.220324614786115,1809.5281547190543,11.937247571411675,1
2301,80.51947617722918,4.008462418058759,31.13531526572075,1142.5722824831096,6.88328711055896,0
2302,60.01939372685587,4.2275919403500914,29.613891442007873,1298.2938383494707,11.353765640306433,0
2303,66.16028728047648,4.314953577465131,36.47574272097671,1450.6284214978295,11.827779483051906,0
2304,72.50200206251695,5.5084902707141294,32.024706769076715,1187.913306438994,11.912992951683073,0
2305,89.95667489783965,5.684374232792799,25.806711812397076,1722.4298125613195,6.868287230691243,1
2306,101.09918556005361,0.4330151911352571,26.595455854321525,1671.38105410102,10.629105591714769,1
2307,76.06723059136183,6.532452820741412,33.40996649627073,1385.0413545569365,8.66249176295697,0
2308,68.16803381279612,7.154552051365631,35.208664263272986,1755.9228238355495,7.187715116034198,1
2309,75.3450564848055,3.424720193957496,32.75840116127985,1789.8584856807652,9.172264550052583,0
2310,78.87655425873837,3.541552632897748,39.48444373936041,1477.3658703419874,8.190044016198382,1
2311,66.79332374442808,4.324619918332592,38.175035828657094,1409.8663644863984,11.841500936327739,1
2312,87.95211355912322,3.8659939708150928,32.205179174253814,1951.9204055484956,11.026126686027139,1
2313,72.30070759191402,5.335890310919909,25.80709670259249,1644.232364416831,7.695111063782265,0
2314,74.97743089091394,2.0802120704617035,23.45006244134116,1551.2649305937707,8.551557372338142,0
2315,76.65924252054461,3.3231085879448905,28.063091274926425,1772.7091893279226,9.238605148766753,0
2316,74.21586610614456,7.308795800262361,33.766067232080786,1560.3861270006043,9.855189705364205,1
2317,78.38940500469613,3.6076700489779734,39.13323539655969,1398.8758828161624,12.01275654960756,1
2318,63.82746813453077,6.865142417154387,32.087235172054,1516.0319520975106,11.381564652961266,0
2319,64.4169824605397,5.5330072933852055,35.84361397115618,1707.730857463947,10.10278393794968,0
2320,58.99845767028305,2.286098428117613,28.77346256906099,1101.5628867301573,9.478702300210156,0
2321,74.39501230620226,5.9529937928243095,33.11384562613775,1442.3938521121559,6.453291930785056,0
2322,77.78936503512114,4.82349904671072,34.116784147385864,1776.611479716321,12.583995252252112,0
2323,74.57772866151886,4.31679941562539,20.102028620737357,1397.6263197812964,9.105806804268685,0
2324,86.74492433347538,5.367435639758006,27.932805988117448,1809.221712086282,13.109680480852514,1
2325,69.94403981170953,5.711950228350188,34.74850192138935,1782.9487638719625,10.39221858426367,0
2326,76.68741655592513,6.061387732961929,31.372341678182824,1486.8941769022097,14.05056841724289,1
2327,59.08299123860686,6.767379271322003,24.017424759245337,1386.2921390221998,11.212643066732632,0
2328,66.12900297525599,5.612203869167534,17.84938812136322,1442.528225170073,7.135960737558243,0
2329,76.95537757565778,2.9365488668204573,28.17109627348997,2032.922898400287,8.771169039477575,1
2330,78.49102110743144,4.289531813523213,29.642071535530604,1874.8848893866489,9.66173007865607,1
2331,67.06033052335818,9.414572502902931,25.58038525085827,1525.0781943613476,8.252434225783352,1
2332,69.28400748141934,6.086736590572592,30.715424685139972,1378.369289675918,9.245878365635912,0
2333,54.821262533191906,8.553930951217247,32.531933736164476,1523.4082071162527,7.266121682835781,1
2334,66.42970799193391,7.093151123298778,33.35343585363116,1548.765385323353,10.011442562198244,1
2335,78.90383163519786,5.362703107333623,18.220405375338387,1251.3282524781291,10.47482389802188,0
2336,75.75205016106567,5.4521106046716765,23.4285745109594,1516.008253843052,7.9917811855877625,0
2337,75.00665721381209,4.9451299401847315,28.47688675822632,1764.480864962346,13.880508586963824,1
2338,70.49773687180961,2.393293076230251,32.86086565518732,1140.1286637567052,10.127026522560918,0
2339,70.07063158628176,5.027070878702337,32.44617006775018,1665.3167930274496,8.366518267754175,0
2340,63.39678860526553,6.816011828813296,32.359349739383376,1774.959594010956,6.740921400069565,0
2341,76.98828420202534,4.100540007768195,28.08291029015534,1387.8885309811265,10.119885778794337,0
2342,74.20972944389389,5.617929498592714,28.361832813450196,1838.8351516382113,9.479022934373294,1
2343,74.92018847992799,6.2773865688397965,26.358353657891296,1361.932587510331,11.566081814572886,0
2344,64.7396515733242,3.635479341031287,33.84097064052924,1588.2165323720808,9.713259470056064,0
2345,48.46657080128756,4.323045703484503,25.397556061302108,1438.645463067274,7.6125624354625465,0
2346,80.97152711753695,3.4731327642842613,34.25018197594785,1438.6007285674793,13.341436592355162,1
2347,65.21162543991596,3.7667515899658897,31.03926619068823,1376.540186048391,10.871249759014372,0
2348,61.372242359568794,3.0685920745204083,29.774777607724232,1639.715096172404,9.491782576803283,0
2349,76.93478911913994,3.6493273079329596,26.716448001117666,1669.76109154629,10.329277062899477,0
2350,66.07987360080871,7.129183521196759,23.222290694179367,1487.1155600845623,10.948083913123316,1
2351,80.59936384046622,3.626784456364561,26.76173621810977,1228.0063572655451,7.142286772213129,0
2352,76.17005949576698,5.189688828591035,28.34996565687557,1580.634033326878,10.31538843992562,0
2353,76.83569323200477,4.245696869493566,18.154878442093743,1584.4028718821387,9.099753053412217,0
2354,56.340442887994655,6.768298905555408,29.013224223326677,1456.6569977227146,11.014599971259504,0
2355,82.11943985386401,6.966743444905425,34.62178684013003,1873.4462574361617,8.519636150787443,1
2356,72.61250531233856,6.29610497320842,32.836089527169364,1187.2141470198692,8.790596289805835,0
2357,66.30722860753797,5.459201829654133,27.518970621292464,1056.5432579492863,13.325742197128115,1
2358,71.43388467342251,4.653410694738652,30.234681492076138,1353.8330200604657,12.461824181764273,0
2359,52.2376476710168,3.212187943713125,27.21917715289,1642.08490681829,3.4088776400653833,0
2360,74.08652811480671,7.915293321683295,30.74380366667848,1288.831072513232,12.313523964928624,1
2361,59.706284918179286,3.8604904733711702,37.70053911872016,1303.805816294785,9.852695947484486,0
2362,56.47329714156466,5.995469520549262,34.84249401312438,1690.204267235631,8.583635874201976,0
2363,54.77640813782109,6.589348358935096,32.60397152846377,1592.50958455955,7.985650528584699,0
2364,81.12688374989925,4.167079254642006,27.53557543808141,1575.41218192568,8.101764743440024,0
2365,63.707366063072115,6.5570187909739435,33.74969196472419,1656.2857838931056,8.64012811048317,0
2366,85.337277099165,6.146319805008283,21.565615243134737,1414.9614093454231,7.7457348326363125,1
2367,64.64198536947703,7.591945753072648,28.73823259004555,1424.2031851883617,7.290800677854715,1
2368,52.92642042407053,4.2959803003599335,32.91855709911975,1661.955854512285,7.919239698312179,0
2369,58.83475560051341,3.0712039740804276,33.702106070238756,1231.02264384376,10.646787710131374,0
2370,82.35811620006939,4.241765366833233,33.3494224510787,1071.4560307202908,10.100180297141595,0
2371,68.44101822063332,5.3132803138014975,31.474153446048472,1413.343165274429,11.111712903103712,0
2372,64.51712703509399,5.0873190906275845,29.021375104580585,1686.1746578131383,9.867260321579892,0
2373,71.60018225852788,4.409843155588174,32.689879849132446,1551.1119397973607,7.386641338710417,0
2374,75.01782736167544,2.1362038115341355,25.235694797068497,1671.4583008246032,10.988881846987212,0
2375,81.1739881590246,5.70572449419366,25.77661368353375,1096.7411379153668,7.99062144225017,0
2376,84.48499229892926,7.9585167186233,30.308673382301485,1563.0993616646983,11.293228603977868,1
2377,66.40231354210914,5.6963768571845055,30.865988213543737,1630.7729009284756,7.6681599940860785,0
2378,56.73952313917962,5.91370327858027,20.871924107176767,1229.840515477863,8.625046747192949,0
2379,65.86534838876725,5.858667959232653,32.275731904747595,1672.4115181093089,9.277216718864171,0
2380,72.60280506582886,5.5955700048236,33.86364188959697,1477.6962206988414,11.348809602113898,0
2381,60.36241073789389,6.397498950302142,29.613573812668523,2114.2673403212,10.35199450425479,1
2382,60.428490851049574,5.593060521778499,41.87233141641996,1064.552786220653,10.040002644301849,1
2383,73.43787881549885,4.530984245520086,26.58532446842407,1773.8228735349503,13.77133757011061,1
2384,69.5134764842955,3.806016634986869,28.19456418306565,1421.1683806947854,6.3260336775497095,0
2385,70.32796995411587,4.626539517078987,28.024665469363953,1176.5696571119913,7.923244714598898,0
2386,62.41504665299931,5.471194244675999,29.619061943544914,1394.6089712870016,7.837623043922017,0
2387,67.69599285794233,4.52587555831554,28.356375935168543,1555.495848267493,6.458695380155451,0
2388,60.757668557316954,5.471508024697146,22.96594727697564,1707.4933339130087,8.560960974227946,0
2389,78.90198411124787,5.658725200550626,27.267258518817624,1844.3928576264352,11.375538327593413,1
2390,80.35249334723753,6.2497691469052725,29.51189652112962,1784.3786177408685,8.816705202968496,0
2391,51.53812137761906,6.92419245325847,36.142860410309986,1306.9235958591012,9.33399405602738,0
2392,60.7048913980759,5.117011127718286,41.011216366864566,1726.0329384532233,6.5548903442394355,1
2393,55.03470744909921,3.038335152278509,36.67736948925327,1578.2569914241747,8.406948849679306,0
2394,63.49976065593102,4.482343854771215,26.123104851636967,1369.0793958142024,9.076602568824832,0
2395,69.16562030209639,5.066093851109899,26.52095194686917,1457.6178813045037,11.284800845094228,0
2396,55.5035478030147,2.246346865734365,29.203357112453244,1358.0314681110551,6.650167204163558,0
2397,60.78140186874687,7.082996780153723,38.92279444426793,1507.418468387291,9.089982508557723,1
2398,59.960426279185015,5.2135668687656995,29.172879739090533,1354.068423541176,12.173636060137781,0
2399,72.07267329398944,5.572029251870427,23.362462547312845,1294.401185356512,9.109833428753472,0
2400,70.6934433703625,7.048289693789399,27.494114315234825,1595.8238255565543,5.768877171762642,1
2401,62.78262446662747,4.054785754786479,33.785280009097086,1625.7461096519273,12.558351554696383,0
2402,71.76820872139398,5.861062896326045,33.449701384480434,1462.4805999816776,11.469793885076665,0
2403,64.53319915412735,4.835203815347096,28.99891666754172,1773.5302607871945,11.738794350157582,0
2404,67.28344889673947,4.723869699476121,33.41707336780016,1447.9138827009774,6.5124327065092125,0
2405,86.73452090298537,3.841711418293431,18.634138987265843,1439.4450909748923,13.024911451694429,1
2406,83.40461051790348,7.498404820529791,30.51914617516349,1632.0977964691394,8.453447829777604,1
2407,57.004187630724026,4.436749939886644,34.30342710684315,1473.5148830113326,8.981122111559538,0
2408,78.29732417879174,6.049196370343553,25.835683624227325,1516.9595458052286,8.594445668015993,0
2409,78.11396554491591,2.1874889187920954,25.81830731751856,995.912305876187,11.893874363910415,0
2410,58.51736711247382,6.7699827945346795,20.667759236182626,1503.341476947595,9.640403294989408,0
2411,78.1877764375486,6.578316733935588,37.94947797405347,1134.560812505748,10.963482065175251,0
2412,85.37931918412554,5.146151165445954,26.399230114892166,1255.8098858002259,10.151802045768736,1
2413,58.77455193755586,4.659586300793113,31.205216389310557,1232.935492248899,9.809915992614158,0
2414,60.824971789857365,5.600000008420349,33.019585207416874,1291.4833692932348,8.106431872507608,0
2415,80.17661466843502,8.433185991320434,37.56033974570727,1390.2292280735494,13.62428117461553,1
2416,72.71495310825648,2.3551449516447724,29.230511130071825,1402.701476890903,7.073212742989542,0
2417,75.51476275239523,6.173041081361191,27.302851031107906,1632.8550408514252,10.82450794806937,0
2418,73.40589216400497,3.632574046769146,30.86533824285277,1544.4775628269394,10.753313184214559,0
2419,73.90695920928144,4.970122405550403,36.42040138271143,1119.785114236403,12.30871257230485,0
2420,56.73527871688917,4.628179821382005,29.14913734299608,1516.6589275093615,12.776180064758556,0
2421,80.47317706621448,4.357522613303367,25.225654592079618,1563.6510493166854,9.72522280116645,0
2422,81.69589992427774,4.984302306420906,22.29621095842319,1434.2866967494083,11.060788611849505,0
2423,67.70609255931973,3.298743282083314,23.893513076973875,1487.8228046186596,13.529747420905018,1
2424,69.56523050186138,6.543770654191951,34.32195748703332,1538.0620250794113,9.869646466155496,0
2425,54.68892497444278,2.308784733202099,28.396877618465943,1652.919919527116,7.867133049869647,0
2426,75.14254756017834,5.809646769242513,26.96239545039645,1185.0240025074531,9.231063774601157,0
2427,75.72057441714144,4.510196221198143,26.42016388408029,1451.1365922720702,7.390708002771065,0
2428,69.37808983000689,3.2436126592888197,30.425229301000908,1801.6672196115458,10.743633621989446,1
2429,81.24353359870503,5.303575055898043,28.802724531172082,1783.3322616595913,12.12891241628127,0
2430,66.6592276902006,2.664573369940283,28.634339281403737,1670.187385555156,9.757917015864923,0
2431,75.646059258936,5.059570732579452,36.7466196390537,1607.3649367911353,6.758079901092719,0
2432,59.80335661307885,2.8656846382826684,37.69008140930816,1830.9269496804177,12.043301670115355,1
2433,69.76447849125762,5.691908126476747,21.949891635455018,1883.5696003213332,6.447402076868443,1
2434,68.25645742097164,3.613463999554437,31.63796365571479,1474.1840023906295,6.908090444153918,0
2435,72.25307922040942,4.323508974456036,26.115689506893037,1306.113511342336,9.643323225010562,0
2436,66.30473071166641,5.440924081914743,28.75874443069453,1445.941536475101,10.503570491350999,0
2437,68.68527404328333,3.8411868322366463,31.546391925633472,2119.3391027544108,10.844494997516708,1
2438,78.26047171441506,4.913054000497546,28.936400415345403,1186.128731454961,9.867720895907054,0
2439,65.63235762761782,2.7292542481327198,31.152299403138166,1405.8921720941166,13.520087530269715,1
2440,53.93422899261321,5.946313405394234,33.364851030159585,1217.4617695014738,10.130336682166403,0
2441,87.4958390420542,7.647370708326157,31.472884002701598,1524.952772575477,12.069336203505872,1
2442,83.81454078690487,9.188313301864941,26.765818479161883,1259.4617942210266,11.573909128189396,1
2443,57.07737304894381,5.136752219999659,26.85400196514838,1478.2497954332764,7.414252535590941,0
2444,76.89707805245195,6.18230621119578,22.801473516909823,1109.9809679962482,9.660539025428957,0
2445,64.97025229448657,2.3290614906387663,25.73039851239641,1623.5241330169301,14.246641026562038,1
2446,72.6348721533106,7.254101489458382,39.81034180949264,1744.469051293595,8.991298292119485,1
2447,72.94224129013493,6.164342757086159,26.03998212952378,1423.2112755873081,8.650758951286619,0
2448,67.65592199683678,4.2740998325731505,24.033105937780903,1472.9739985848596,10.341151162954045,0
2449,62.16234334413603,6.855771200433514,31.599639309223868,1467.3185538537375,9.062960141479897,0
2450,63.094589476837406,4.6182858850319874,29.4481762035407,1536.182135045005,8.412590840995524,0
2451,60.83808084518758,4.312962225478165,29.022033815753872,1492.3660826067144,9.033433211404827,0
2452,61.681777917695555,5.713002388141237,37.04522983206045,1653.6233904861388,12.864019342737251,0
2453,69.32821709950645,3.404968250254522,32.745633377791826,1746.607826690189,9.726762617044855,0
2454,62.842400108892484,6.532437146599922,27.350035341482624,1337.1857555015633,7.343849934490576,0
2455,76.8205206571262,3.416015282109735,27.8776204120411,1438.1343014451406,6.976506923823671,0
2456,84.87246155335927,3.4249178152652204,27.487067430471576,1680.323889784949,14.413609864108938,1
2457,64.19946758629958,3.6354653173874985,34.37369810790128,1215.6661903881936,9.553331261131795,0
2458,72.39404500535377,6.139250056274183,28.45926185273431,1105.855743630886,10.869157001930837,0
2459,74.99685110302934,4.074836957720438,21.03423248772925,1545.2631905796957,8.457245547320781,0
2460,74.72002270919275,2.9780063234492467,29.758401606328277,1599.2692822140984,10.64197193854283,0
2461,70.75955267916088,4.091480000096303,22.314869994360354,1355.5399624092815,12.918659303203064,0
2462,77.42682418359722,4.95193644397927,40.92115300877451,1384.269789175909,8.69547363251249,1
2463,74.82248952680658,3.2285412745034217,25.171660430763843,1347.9615356518202,10.917173559897165,0
2464,57.62337577672702,3.2724783364484846,29.190676173211347,1326.6149521311131,7.188507448219224,0
2465,78.69156064389273,8.166944501149377,31.291013673505685,1638.69916412092,14.045732236733585,1
2466,78.87290837266742,3.7091518942791697,28.55670919660385,1263.9003026004723,10.53707186048915,0
2467,62.367138958214184,4.51543644684049,28.549847992669037,1446.8954277133303,9.174412311295416,0
2468,70.37937835447602,4.449144498801071,32.109136430804384,1318.9327664970294,9.404251753427673,0
2469,76.83328992811069,4.367964788344337,37.63107979398139,1208.9422048197569,8.97992365097133,0
2470,67.90686180420639,5.932020109953653,33.83754540908649,1674.035634949354,9.082189671753014,0
2471,80.72978047766011,6.422214425708074,37.39256939286771,1396.0349555652922,5.10500971530068,0
2472,93.6387249461936,4.541068352702612,24.76690445953249,1537.6880160841513,9.80406853580649,1
2473,62.140139673650175,3.1452825701114766,31.586813166276805,1198.3848240397979,9.720242638788575,0
2474,56.18955396846225,6.911660341773355,30.776230260291396,1351.6121092487049,10.977323074520955,0
2475,73.03818595604876,4.856988363204976,31.755456458383673,1651.217576139001,8.953712507116947,0
2476,77.21562505126144,7.5954827222857535,36.88115985317786,2017.454291169062,8.457927371717956,1
2477,67.69133626155231,1.6316211536522558,28.89605425103973,1104.7567871219376,9.98445011109405,0
2478,84.53260663321035,5.29310483192498,27.972483167229562,1459.7784409421147,6.775263763819032,0
2479,56.613942002767516,7.877909500814312,32.66990398709332,1582.4561196287,10.28684637506917,1
2480,76.9291862303161,4.470103796842762,21.10898636217076,1376.7799693521433,6.276361480956558,0
2481,63.94139179241107,4.661759864998046,28.81573975438911,1669.9043973988248,12.241637297661592,0
2482,87.19377906207296,5.443267537385508,29.329011553572734,1326.6534658679375,11.36853991132155,1
2483,89.92515353168119,4.161806271672564,25.398206918465373,1530.7695320433284,8.147628247151973,1
2484,62.33343412216652,4.531892101920901,35.285295056782886,1395.5856191003281,11.322276026676073,0
2485,64.5044286409142,4.493277358712896,24.68879841328358,1743.8862165909545,10.223028448507762,0
2486,78.59587886979801,4.058868898360441,29.32063475818102,1364.727099392879,7.981979537830281,0
2487,66.12869350210485,6.84328482530084,31.46578612661484,1429.6252407426969,5.954247685541821,0
2488,69.54588782067762,5.691617048444653,36.767257807380595,1689.1378074994311,10.632871366852905,0
2489,70.2538842054241,5.375942348154953,29.947217825595732,1294.3922681814272,8.41143630572993,0
2490,50.80326843802344,6.212856510335175,34.68076797064105,1513.7500113527144,12.189939139392159,0
2491,69.86162253905762,4.6034662501948,33.50297698638564,1135.4931312626795,10.028067467763703,0
2492,63.10272225935826,3.838694272470649,30.617287780845714,1282.413308274185,8.600834607005366,0
2493,65.06877177600228,4.096063543078164,24.55243295863272,1576.4262551781608,13.595677466180943,1
2494,84.43632003468814,5.002674561656914,22.827095695478256,1301.8604980927535,11.15289298520601,0
2495,57.434931057207436,3.411182437440647,30.532527007095933,1391.0854136352416,2.6898269697917883,0
2496,78.13205186747977,4.249608475119986,27.28651563048693,1598.6172804095875,9.027216462418266,0
2497,67.21037069668192,4.225825037192848,34.59630545840646,1384.162771770614,7.231822015975153,0
2498,67.20239831504166,8.18683434474352,33.729282590492886,1664.5684146432716,8.400404124559383,1
2499,77.90371896051711,0.8392775900991252,29.07694502781475,1543.132557497213,9.710535202162928,0
2500,73.4005129456889,4.73057041789155,24.211435380293654,1587.1366223849006,10.708097017175092,0
2501,75.70612997219531,7.588540689222156,32.553677748036364,1748.1931197477065,10.522731484227148,1
2502,79.68184660532862,5.182766696198681,24.91025276932425,1563.9646125228132,12.155746153129604,0
2503,66.68691616816677,6.130126210131639,26.207680385345675,1807.7694580938687,11.273196755017334,1
2504,63.87763265492249,5.149739472649652,25.102921308924227,1682.2524566075647,11.14949385825101,0
2505,59.148494734422016,3.9989999281752793,29.307494890300234,1395.3095140331086,10.402984646266548,0
2506,61.74589470021045,1.6371260982366307,35.85096167035281,1758.6296150042542,12.573597705451803,0
2507,99.49094425308725,5.308183530554454,29.974795648882356,1552.7732041805891,9.367446913618165,1
2508,82.44679580736786,3.8365900930964134,27.783906537861522,1421.0640582678993,9.41939346252962,0
2509,56.489256337919784,3.799496890752044,22.37192534977378,1555.6771390641766,6.1888532940549394,0
2510,56.7754204325643,4.251519116031332,32.760622923649215,1722.4653648780527,12.112328087620071,0
2511,74.81866061718492,7.61729210993524,26.09797697035686,1591.0090188484444,9.84614848844169,1
2512,75.47264797377967,8.60725631338096,30.587588095790483,1864.4785665102795,15.867211412342545,1
2513,75.48883835317365,5.325811906292602,28.228906920416797,1717.3061115797643,9.188934616475084,0
2514,67.45044206446302,4.302849164132408,34.190886097997186,1604.6320066804324,10.17715625883347,0
2515,68.745457399971,3.2341603738231846,29.213818039857237,1294.7863834517684,11.093009907216828,0
2516,73.27879524159357,5.702810242319104,29.705368227384742,1464.0534971979757,7.796200054022574,0
2517,70.85893006293331,7.6743584000977165,32.4287357372773,1514.3328279501702,10.717095427758455,1
2518,47.80699627252465,4.628989419462265,40.53470091131593,1639.3263002435494,10.06932286411437,1
2519,67.70200369424806,1.4315059388701634,34.44223465179277,1627.4666082544386,9.392623620646324,0
2520,61.485935657396865,6.005074507723286,29.556969468256952,1533.9080820436573,12.345207917486013,0
2521,71.75211418908512,6.478099567175074,30.015989953076442,1524.0699830754343,8.192502564178689,0
2522,99.85259002603411,2.621231539421229,27.375702698377825,1644.091379015214,10.549804226164444,1
2523,73.67481665474304,5.2647262754944295,25.250021482401525,1328.2827548740029,12.909328582770092,0
2524,66.86470313827603,5.676839024204148,27.23624606466839,1839.1031638499712,8.586756488087403,1
2525,79.21801501977252,4.890339046986592,26.139255181440287,1090.5666229673056,9.406228034615403,0
2526,74.82687887209212,3.8138436213719693,33.266841918979424,1791.0818964344057,14.690609126943656,1
2527,74.20094490451841,6.523905835345334,24.64402571065507,1490.9628943149676,10.948782130312114,0
2528,76.06850593215671,4.394930381046976,36.66605280690022,1700.5159628543188,8.987605046714766,0
2529,90.56543564829542,2.772220755950102,33.76023191809415,1572.7680868585226,11.605249520156956,1
2530,58.69111564674084,1.9257882714954784,30.10250864683834,1569.2068821821604,8.863812896817949,0
2531,74.73632076811454,6.891274279998965,30.00159305732534,1610.8508952053041,6.870168151679858,0
2532,60.73618870018461,5.924995964706677,27.21359345192723,1661.8108578175556,12.74472789053034,0
2533,75.55512646342248,5.131960320693754,31.35042205673882,1434.233834682552,7.793881471737971,0
2534,60.81313488513906,4.3395880447237944,35.44046231604295,1706.9598261052472,14.903425249994582,1
2535,65.82633186394915,4.206502378695309,26.484217688720932,1283.1058752842432,9.02133524907559,0
2536,67.04910085762094,3.386395027337583,22.333039555406348,1498.9338853347751,14.266529363123711,1
2537,79.7581671934471,4.352816533160173,33.51609127428372,1667.1939848544553,7.262657862959884,0
2538,79.18454443942414,1.8198691773197382,31.621829871219003,1699.003515923178,12.050987172532505,0
2539,57.542826235536154,3.8959045197972286,24.399005992794102,1592.1577696522802,10.9994525459693,0
2540,70.5493411099985,4.533593725473359,26.33304314542941,1421.3215124088529,11.675492451110303,0
2541,62.904201452508275,5.914820070785629,25.704478629749296,1679.3415556737407,11.936045413352522,0
2542,57.414950893246655,4.940110304939954,26.377338654828755,1366.1267521762493,9.004509715437656,0
2543,67.8298294957563,6.192384670813339,28.38158622979406,1850.2818147497821,7.382312315994003,1
2544,66.9151721154418,7.023702657670144,28.667263478596265,1483.0658205000673,9.898164539321565,1
2545,94.26716486345522,6.587255140736152,26.746031724657698,1192.0748611588078,10.446060515170268,1
2546,74.32959825360696,5.705764771067836,26.20918090250036,1261.0633063966895,9.05631075768899,0
2547,56.22382499245763,5.017794018771176,28.856078280403093,1508.7287273759175,10.555107940319724,0
2548,64.35225995829057,3.5288179873796612,30.838457674297807,1527.9650542652107,10.659251062349481,0
2549,80.21383295429399,6.109916077068974,28.418517318175777,1893.931336990219,8.179947106912268,1
2550,90.88442772869925,7.519621073332294,35.79333511670651,1292.3001324771546,10.789942563380931,1
2551,54.140166877620416,5.513159059475627,32.54043857210393,1507.8924398607862,9.465575952610708,0
2552,51.20075614860955,7.875888722639185,22.04577071570652,1288.1157185835887,8.600038199593257,1
2553,88.70965175371782,2.7116424379083743,32.61863882706927,1401.4690293573194,11.574750276447986,1
2554,73.89614177370903,3.268754922830688,33.027719912927914,1836.7944060138675,8.446017576612912,1
2555,61.31707268123634,6.282802261622393,27.826325159379042,1272.732755368802,9.086664820190547,0
2556,75.34629086122435,5.396435315229876,22.52401206348422,1617.4084848135667,10.144101700373312,0
2557,43.64252260983122,6.970673264857711,30.04033379705568,1578.5814718028782,12.748623241308477,0
2558,70.0337550659716,4.976792538909891,29.96145674258878,1495.1657147283584,10.385568155448595,0
2559,73.27821172843085,3.6980368662075023,24.391768817334025,1603.8873246383475,11.056576664949334,0
2560,79.2427013953783,4.679610136692436,22.743903918700322,1267.9959236113423,9.404714928007008,0
2561,59.861040477074624,2.7009740436143987,29.562232267732803,1831.2645015607116,9.843020751247318,1
2562,70.8568716140336,3.3071139903544484,28.83461403974589,1884.969099024704,9.902245532960812,1
2563,60.74575373940412,6.4586659968770155,27.913673173388034,1509.4209395518626,10.58661247203405,0
2564,72.55383755674318,6.309181121704415,29.582946326267194,1984.6212261227108,9.408064853903479,1
2565,61.04653677636976,5.544506427209115,24.486118130898404,1420.1944136900158,12.679999770952419,0
2566,65.91899160839779,2.418383718559296,27.82589693566943,1580.086398771256,9.253667522995716,0
2567,60.04184605209771,4.462394636730667,32.666625153071735,1786.3778127549026,6.585517729589265,0
2568,76.51136241823657,3.162500167009924,28.250149598243556,1408.1991079554182,15.485593208740038,1
2569,78.58451116656666,6.7647998806816485,21.640137641037242,1223.6901882241123,9.345262618112496,0
2570,67.65379430042586,4.124416799656098,27.636538611382143,1177.656586876229,12.626339574182694,0
2571,70.38237994960028,3.371378433827676,24.649207682465697,1912.1653127805318,12.809581683919518,1
2572,55.51408585366456,5.044694247682137,31.335681482308654,1394.1950698722444,11.890428624500764,0
2573,67.00323351993212,4.039768314748082,31.594187016902126,1462.8526473163004,9.603945560805196,0
2574,69.49795382958256,7.22561586530556,21.706126874569847,1277.4471843357892,10.573369639748686,1
2575,96.20793091029975,3.897783653698714,33.79506485291095,1689.6678558658377,7.450979581390145,1
2576,58.88032974225837,2.901157611163053,24.43906849360721,1343.688028155083,13.980295547636551,1
2577,84.64177238752437,1.7706297263637265,37.79591145241176,1401.7473944677356,8.296388003634661,0
2578,79.96858773465809,4.953820246379877,29.756118677496914,1559.904083883232,9.49219807451825,0
2579,72.80636404490136,4.157104829213111,23.768032507304188,1287.1908145508855,10.197972974080502,0
2580,87.58620484195134,2.85664309023241,24.290069646536594,1464.2835460971548,9.78512049032608,1
2581,73.72105472606863,6.783839691883678,31.740476458936723,1780.441917900654,8.686253435413212,0
2582,73.89159195667929,6.000867721143862,28.043500550508114,1585.6508795033726,12.788678104109376,0
2583,69.46879346982455,4.9576731815941555,29.516730451909297,1526.1084584856717,11.90055856697656,0
2584,82.23568882418627,7.046489366256299,38.0639011634852,1542.972941892773,10.644094408651386,1
2585,80.96469233810883,5.9938040500979195,26.503779678854624,1422.1729808046873,9.2008938880065,0
2586,63.743227125037876,3.7657161477223515,30.299814288478533,1899.230463950985,12.128551743688941,1
2587,56.80752805401232,3.441169754013851,37.09922243686527,1337.5685738931866,9.071062734444869,0
2588,67.97019362604343,6.226972316680792,31.352567377332,1542.185232392786,13.140783680675632,1
2589,61.999614356023535,5.594550434701026,21.966986323209973,1523.0051132685614,10.222441830966856,0
2590,69.36475425384644,5.2546216519559925,32.52694505866069,1701.752501426627,12.45956305394543,0
2591,82.37438134684139,3.730253295696639,24.18498571108278,1720.634787758728,9.772359347632834,0
2592,65.4269834491321,5.9119213505086305,37.034037643664824,1493.5962391025857,10.14306636408189,0
2593,69.57176618688425,3.866751675299076,25.88566197501011,1558.13329862261,12.450842122917333,0
2594,70.58022734808395,4.847020018109483,44.84754753872832,1565.7069507827896,14.38785030360889,1
2595,78.48430882205284,7.17041621958047,37.336879941638394,1045.5716688858786,13.120733635009763,1
2596,47.53110666015395,4.008748646284781,26.016937151860105,1182.202079504445,11.7542692387557,0
2597,63.932997052347034,2.6405161143907083,30.100069025008054,1378.987261855606,11.178566865915194,0
2598,72.11283692279473,3.4211792121948346,33.76822140816732,1387.6802647246263,8.986102619480748,0
2599,82.00078956426862,6.491448240031435,33.918302371133535,1260.1435156071736,10.590459482210866,0
2600,65.08097552493795,5.382096706070314,32.211681299880986,1649.916514274726,8.173901632006537,0
2601,51.23447293958126,4.8066839319668695,36.26079518483055,1500.4236842034945,10.751564267369547,0
2602,76.19711445966136,4.236359292032645,29.385155266828153,1457.0610905226326,10.880101321387148,0
2603,63.646376111743706,5.728039861329785,28.166411657119834,1248.7689450985226,6.0783097170636164,0
2604,58.103333409096386,3.726342723514665,28.265680060376948,1491.0910271510422,10.077477218383414,0
2605,63.75654610286776,5.458498352963894,34.29186615986064,974.6630488002777,10.829749798178211,0
2606,68.15474642344151,3.9031181467805647,31.82590520151323,1467.4087378388317,9.832580285721955,0
2607,63.952553354617876,3.653510922087419,31.45641832845128,1512.636733761551,10.716097677713142,0
2608,47.944339429009304,4.0437688477624825,33.97617124628591,1548.3829968642997,7.316555513287372,0
2609,78.97066196887133,4.436888830274057,19.744737960730724,1187.179647304144,8.448271388879483,0
2610,82.74875041278722,4.926755246099445,31.55034411937575,1544.9633473382949,12.069876326327865,0
2611,76.51521991339506,5.353183692666671,31.09284444436858,1291.7137460270915,10.001143331291553,0
2612,58.62314329575183,-0.5325479371426667,38.344040406503524,1337.5060335415333,10.679757962629816,1
2613,67.98508466052482,3.7885241633798525,22.357060088681664,1643.586277164533,8.906957678582842,0
2614,69.93478684770542,4.412645033965941,37.78593316188379,1902.8227446719488,10.038988046553714,1
2615,75.9879438956191,7.257593057912495,30.37704564462333,1510.271751760536,5.395975639729603,1
2616,76.68340488718081,3.379996087426802,32.444947653300225,1336.5809082719536,11.692023876841533,0
2617,62.65826201221504,5.244194927149869,38.37959393804688,1537.7340895019997,13.61586567790494,1
2618,70.8199555641356,7.242545464603756,32.80380634002786,1687.805831499829,7.869964901570718,1
2619,74.57280404615241,3.030547205079091,32.001841447312806,1624.199513174547,8.119335624980863,0
2620,84.55822322146767,5.590962838796603,31.211455929011592,2048.622574492749,10.881759796474965,1
2621,77.04506539824723,3.7965922490982194,27.582609325028116,1356.9324861810667,12.947758581013492,0
2622,77.89056687375519,4.243049386566148,29.857554377448036,1550.4462959838597,9.99580536523411,0
2623,70.8382662792936,3.7953337490700285,26.422436169386256,1809.7835906836406,7.541363958374992,1
2624,84.10459145203504,3.9022140373761713,29.77716550287259,1797.2318474037065,9.582765526724254,0
2625,74.09762795959497,9.082868221859739,18.320346514724516,1109.9844146951239,7.940135839376415,1
2626,61.389120898264295,6.266683808107499,32.14519783783774,1499.3284759920039,8.662307414262447,0
2627,84.0336997012519,6.652606792679314,29.391313731081873,1796.9041531697399,9.391917801693367,0
2628,76.97903272539028,5.737990230254744,28.31898131666618,2078.1285980798275,8.141350823516746,1
2629,65.56955978871518,2.590614817397063,31.098790419700716,1640.7591767501638,8.44418855165087,0
2630,65.20507032600757,5.592436955484961,22.832180385172798,1426.4273412607033,10.149068000444487,0
2631,72.96575545140762,6.60939442176102,39.64634998310641,1298.159369512522,10.43007162427446,1
2632,74.63184795267584,3.7199007889413327,29.486162692562,1943.7486715061698,7.152039332358066,1
2633,71.97292265631206,6.44799000074169,29.270777835139054,1645.7483172931518,10.792763445018675,0
2634,73.11308673442885,6.056504314781119,25.173018949335386,1330.3866146229166,9.236132273737205,0
2635,86.9995737457638,7.778060067220505,30.119731912246305,1459.3687267332439,11.440523047105218,1
2636,80.71543152234887,4.373325481229572,36.9347994513664,1562.0373033657409,11.560995041375719,0
2637,71.90635591265024,3.35358352658641,35.17958104716017,1608.7613307776235,8.910917638089902,0
2638,79.41310580767484,4.457557835941182,34.27218875570278,1320.076268490842,11.228295388075466,0
2639,59.674760964724605,7.153356489745435,32.731994758336356,1377.1619163749015,8.32608792060234,1
2640,73.97927049946809,2.2573911787370555,28.20728736218695,1169.413087525408,12.64752412567058,0
2641,88.0930634973311,1.8974364268534516,22.74918416481649,1707.9524579209565,8.40172759828707,1
2642,67.81954104607627,5.13409291839742,28.994806140666824,1431.6763066459368,10.705499217251026,0
2643,61.52366071380915,4.336116060838766,28.820642677331612,1593.2643298366584,9.62478171071144,0
2644,63.4791111140694,5.011591839763527,35.243972198356204,1784.4517017152652,7.966210971524798,0
2645,59.10366962657612,6.417967656853798,31.5469522122991,1543.974028474789,11.801831523570618,0
2646,62.15238091872297,4.171145980821722,38.061557639517744,1477.4059048101865,8.771736382266418,1
2647,66.2949190140997,2.190491253604069,35.98744270019087,1538.7842953767868,6.599855670043388,0
2648,55.94432980821358,8.066722335799916,27.717521952479522,1512.6387207700454,4.23597327366394,1
2649,70.15618333949602,3.504157568841836,21.02435401690066,1749.232999575589,8.249910611144058,0
2650,79.02277173786648,3.4114443169818536,36.9278761697074,1562.1676795077578,12.751816838597946,0
2651,60.9224381985308,6.655580020583894,36.79692611615372,1391.1197960842176,12.51547693500732,0
2652,85.19283923641768,4.423266318437723,23.16894204548887,1709.5698113779501,8.562803195304935,1
2653,75.10792088527595,4.904915221947784,37.5462000991375,1746.0968712716704,9.25109017059724,0
2654,80.30580585624057,5.724185186090477,31.91058585296259,1232.3338746359073,9.070173848887954,0
2655,63.42165446147863,6.625374654664993,30.803427490628266,1806.556776953621,7.333135709100863,1
2656,78.54525227066615,4.499808960227342,38.07391627123664,1572.9423546416972,8.102336256753315,1
2657,59.08066099604687,7.279928008871449,36.72342586615307,1556.6539900293196,11.96229903880157,1
2658,78.90247500836509,1.7963002268977917,33.256654759976016,1701.324926319303,11.0077757427588,0
2659,71.71839339793532,6.139680855429615,32.36608532905991,1386.6047217991443,10.546177717059777,0
2660,75.53251219984784,3.740708662973514,33.08197145265179,1690.8329028381847,7.329706776678282,0
2661,58.24405394375148,7.058406974911987,27.99971283058737,1424.644906052429,10.201406428067955,1
2662,61.049301577233955,5.213066718245818,29.724492751338396,1205.0098640579324,5.392310061023957,0
2663,75.97228218253385,3.9906420019858975,25.488414227027285,1300.4487441786132,11.685605382521066,0
2664,60.51651995775799,5.994261639532449,28.334801121305407,1613.4043665806453,10.517149801474284,0
2665,74.63206292099123,6.339782520810878,28.166830606655335,1310.9063320010684,7.3095350958003396,0
2666,56.32862193539754,5.962841184287957,26.823473151891676,1822.0152246379298,13.23285111498008,1
2667,78.48174212666669,3.4554556405504093,30.683732513242315,1737.8566906879287,6.407670681662838,0
2668,57.67476685231491,4.273974314566873,28.380095746497116,1766.687833206593,11.060612364499205,0
2669,75.52299937679523,4.993890744317848,32.51117360175987,1524.9557159354824,11.110343537957323,0
2670,76.25630933646,4.938110521024909,21.888396933531173,1551.5723234589918,7.520659121295038,0
2671,63.03228181570425,6.124618213157522,29.4332260294635,1261.2576291511446,9.924298618379765,0
2672,75.82026567084726,1.9776481512400874,30.65775820088748,1699.156702031498,6.7263443156942735,0
2673,72.60442263333556,5.5014905818302555,28.446853800815596,1575.966691007417,4.307251367346373,0
2674,64.61158143807262,4.56502796834504,29.138036500953845,1613.4611250584521,7.864247546136683,0
2675,59.91445315923792,3.7422490754240716,22.073769946350712,1837.6623622905763,8.766750115476006,1
2676,50.373743083274206,3.8862698333456005,31.78238552334746,1378.807403210498,11.288512361621583,0
2677,73.49650047299694,4.678193503223055,33.23802991283535,1474.7716900245364,10.13481617012164,0
2678,54.35197228637945,-0.4016276566892767,32.46768647101884,1565.3341843084336,10.187090918772292,0
2679,70.95344199441308,3.948065643812675,35.19363529721092,1312.9129189082587,7.97115675343283,0
2680,67.36551783917751,3.68627776303056,31.00764802891251,1462.480235744632,8.939977391917227,0
2681,76.79142775438196,5.799174813983936,32.39340590325469,1598.5899620933938,8.140146780261677,0
2682,66.97954500510136,3.7917099762342192,30.78045369228426,1434.9157457254337,7.550051985940383,0
2683,66.70552213652908,4.677329299744265,33.43775359796247,1761.7978819458224,8.812601146025486,0
2684,77.31870704288295,7.313414941491953,22.113851819339388,1197.8150876366012,10.149024770192668,1
2685,73.35058029084118,6.491527279723135,25.532095160109947,1724.5542480466684,8.854722961151593,0
2686,73.16155957182778,6.353407099915179,37.93449828516545,1632.237094963201,9.352994661150055,0
2687,74.69267589808527,4.250191354383722,17.697820889518972,1386.2342824886819,11.38982962182278,0
2688,54.64427876792894,5.8145484189344785,29.29911035087328,1315.1182863540005,8.998491162618592,0
2689,77.56788679986983,4.649153299319609,35.861374798040345,1083.9434765515098,7.332066738024217,0
2690,76.12468794013603,4.705860183984593,29.53369667229118,1340.9649975172333,11.126907043202479,0
2691,59.83316871423503,5.6145280156198245,27.974944642746514,1709.4353310005995,10.53169929701657,0
2692,67.55919526325799,4.104509617368601,30.647108384076503,1488.7828547442653,10.657318996344628,0
2693,69.6069271237237,7.239504656664805,28.234399099987765,1732.5961760783682,11.251677315071419,1
2694,68.65503215598267,4.759804790603094,30.154247463784696,1376.0257858750897,10.91328305461589,0
2695,73.33859966568535,5.927540849389498,26.583094817399353,1641.4212320213126,10.057457384942609,0
2696,84.31366781831184,7.183400718885947,35.54337209977862,1356.5002795831156,14.782905325704185,1
2697,80.81766727672829,6.547480661862762,37.1163246053283,1306.8849987580322,7.430062507396091,0
2698,56.87780806568594,2.886621345964213,29.33304838944189,1478.5745565658647,8.827165443022883,0
2699,76.22069990306049,5.667343842514827,23.067552896543784,1367.0066977360007,11.934668729356334,0
2700,83.28933319535409,6.276079091690971,27.380784148433023,1191.4355701925574,10.285172584191148,0
2701,73.86808520689203,6.337794533241123,29.08005669948518,1463.5370598566014,11.515846068022476,0
2702,80.90980425185967,3.3300577488280534,32.52769438451604,1521.2870832862577,10.339512859073743,0
2703,90.12270445700764,4.014447144474014,24.959933884146608,1753.6717222992136,12.748113102319962,1
2704,80.23709546106981,6.491837353612432,26.154188406789245,1687.361135426612,7.984978288733508,0
2705,72.49308595641729,3.8573594439760317,32.55338068929404,1743.9886398465662,12.68491977881342,0
2706,80.45088474084753,4.550455915003528,34.694544160197786,1644.0714996787017,12.341992986408533,0
2707,71.44887833096891,7.363813714252954,26.89202977414658,1566.5225517899948,7.57942177153924,1
2708,70.23903043284956,4.928301124422815,23.33391473024502,1254.2110187056214,11.261330819775345,0
2709,66.48585764286267,3.9098387932492353,46.42059100643942,1529.9744395870548,9.913920135526821,1
2710,85.63413358832108,3.6835739647056425,33.91652118544357,1619.3587554661628,8.786835961761872,1
2711,61.81571334057999,5.499078994377782,28.66498119116484,1791.4875898740872,6.222761620564561,0
2712,85.32367724678116,3.0002779872841865,34.3451563776542,1637.2577083463627,7.978372657765366,1
2713,74.99864123740372,4.6289960541553725,29.37771685142789,1748.0766869210843,11.416224280369178,0
2714,56.006938251980586,5.499845802485033,34.335784445500934,1293.6004217269522,11.627682538521114,0
2715,73.67649292991422,6.948724730821501,30.796965988881112,1434.716474770381,9.578579038847657,0
2716,48.99973492348376,6.001322120554994,30.456359490837865,1585.8701427322542,11.63397028628657,0
2717,76.25508016831036,3.928902323026732,29.432090658846057,1732.1905381485124,11.890520155788275,0
2718,78.8523148298899,6.767628976345581,22.76309333268455,1470.954270832216,10.309279917252695,0
2719,64.07644044347947,4.550727443678784,39.6904744969657,1483.5108081701694,8.555332752299591,1
2720,71.23547695955583,3.1464454669258863,25.292330398661285,1637.4280612005957,10.88210822563129,0
2721,89.54157433750287,4.741937961101791,23.19988211844703,1274.825834570975,10.973969415317727,1
2722,64.94253295738064,7.157253801718553,28.935700586218164,1821.480909964686,11.34788878070062,1
2723,59.410924129433994,5.247860075097388,25.192640932447468,1324.172781378463,11.73080654000448,0
2724,84.81663402462598,5.01878279649468,29.741436047198643,1116.2821152881393,7.275670856157557,0
2725,89.62587190530795,7.455817467054279,33.43881924280884,1502.0134017045161,8.980141509268515,1
2726,70.03695671847848,2.8529677294183595,34.97651450264611,1839.691740475113,6.202757308624361,1
2727,80.11463035408356,3.0716013289208415,34.07365360810841,1617.290626066722,11.493992076710695,0
2728,83.41475915530881,2.576230293549752,28.4718397260716,1650.2181086007265,9.575377104039168,0
2729,62.57515767461616,5.5589722797200825,30.24795913830793,1508.277152461423,10.86162814139483,0
2730,65.14694164632132,5.249739690672687,32.03939525448745,1469.5245005457646,7.048642503619684,0
2731,82.30874513154735,7.314104550919664,21.21106288028964,1191.018126081377,12.801961699386101,1
2732,86.85014278708509,5.365212615705155,32.852923500599296,1048.1227484191627,7.61132167076145,1
2733,75.62880860174354,4.393764260781046,22.71350356208084,1539.2544676881726,11.549126608764917,0
2734,61.20185646497946,5.002692309317161,40.20173299453245,1762.5098388680453,10.235900341785083,1
2735,89.87061111699441,5.176561127691437,27.977424576791524,1568.826740965613,9.621114444947642,1
2736,64.69029102188036,2.4923580900077495,29.075624114027043,1624.7199054104026,9.459679786775652,0
2737,66.64862218828549,9.06549746650234,26.151464503810722,1816.743509127908,8.72387398136774,1
2738,73.42337834489622,5.779806527152867,26.850149840721553,1565.7533702882115,12.590392353801537,0
2739,85.54160420714774,5.3150124620338834,41.3704678457162,1475.4689799384762,10.025225668704485,1
2740,78.53975976552223,5.92274597641787,34.70184844311649,1336.295038869987,7.46155693929356,0
2741,74.1486550036191,6.064116470879908,22.253987774260807,1904.4425125944172,9.232079595930319,1
2742,74.63288530118106,4.789169771746352,37.521064503426146,1605.3095558307361,10.256678054405876,0
2743,70.43514668643466,4.0531382956389495,35.96621137570716,1311.2796568161339,11.795610562890651,0
2744,75.58139514518507,5.899176029482556,28.593937688558558,1265.7664664397525,8.790760558965586,0
2745,44.70439922305697,5.578566260797179,31.53348471014919,1750.6127453857825,8.924446888390904,0
2746,67.03392540930201,3.785164851365888,29.92527960289463,1292.511660718335,10.04686425429481,0
2747,72.4132193491678,7.128553417050896,39.86289952223466,1870.7668315004441,11.746849639894652,1
2748,58.48985916380493,5.4400280544844755,26.01854905503955,948.7074405818578,7.2624909288079404,0
2749,73.86323317811559,6.094729043401446,30.730053048878634,1784.5190395579953,11.010709261983491,0
2750,67.95528779013878,7.0878813315198785,27.859273345035977,1597.378962232393,9.071874939742688,1
2751,87.5547569831549,5.032833231747253,22.83479797691073,1523.7188846113747,9.351134836503027,1
2752,85.73019725214857,5.475428010476173,40.958191275274935,1464.9083129916473,14.003151490259498,1
2753,65.34194430881837,6.215040857759175,24.092167104487938,1878.1459697188059,9.60706155089695,1
2754,68.49162288433304,3.9127083742999216,31.10064593743888,1641.4117716802407,11.50938750061716,0
2755,69.26052434391607,5.081077494269001,21.296496968098324,1319.3592782209098,11.437827674406698,0
2756,65.48340523840378,5.188322879976722,28.004647303784534,1156.2180087942238,7.639952171802987,0
2757,71.95024984028127,3.565912172474908,32.10984410716729,1535.4594426294616,6.309211349554191,0
2758,62.4171793111241,8.476455183010817,25.876330102488186,1499.7857732925172,11.641964184833821,1
2759,58.693846650624735,2.8890598347613965,32.934009253678276,1196.0263925248983,7.832907615102963,0
2760,76.22711223900268,3.0528441444692636,28.65479454055959,1488.921294903533,6.671634090857946,0
2761,76.29529584221811,6.971339863555369,35.80041256199306,1385.21307338516,12.052324429688396,0
2762,61.956842403400074,6.0698993761948135,36.80880456670111,1501.8580136613389,7.961146532448814,0
2763,78.95355430762599,3.4610527737788335,27.066276196349943,1645.1847223296804,8.454965048631212,0
2764,63.68422270834669,5.910933522652539,30.383664296964785,1798.521989492807,13.94874631017859,1
2765,72.53165238037981,7.201775667495965,30.917271132361165,1681.7778072738574,6.680529277236857,1
2766,78.20344012612456,4.954605413604521,33.09674647717349,1355.7118500339589,7.4874279171861495,0
2767,69.66387435296286,8.898234350111874,30.071909981221328,1573.7830257658388,9.08060371505216,1
2768,74.54740912141135,2.413907283697947,30.95105479671421,1512.6214242984047,9.519486320331156,0
2769,64.83570356112428,6.040735180788653,28.7829676260244,1233.57420907382,8.212509435764694,0
2770,68.03533416571902,6.749792504331505,30.576199334860092,1579.6465569384545,7.682689805354167,0
2771,67.9414056911966,6.33701585240787,36.48970096767566,1871.3344675835428,13.019988648863862,1
2772,62.53421653459761,4.693466410031528,33.230416206059274,1506.4853208374009,10.525972248209431,0
2773,68.23225836884218,4.564337776983276,33.506278197216844,1181.1634640549198,11.170337488418376,0
2774,54.51381701136253,5.666217756630886,33.61535162067789,1506.0537342217237,9.725549646882929,0
2775,65.08846252857896,6.223631729978104,29.23095611059482,1257.25756020535,10.578909897718273,0
2776,67.15124506630329,5.903710154423544,31.59413521789765,1672.7211013772576,11.86580332221918,0
2777,67.4382024750462,6.560086836190084,24.574131608321277,1604.9729983450256,8.007401970909331,0
2778,67.58502554129221,3.4716950643998974,36.34403828158479,1465.8179893050512,10.529671993035963,0
2779,69.38235800139871,4.658343531314548,16.085197838283896,1433.7671468288358,11.392084626815782,0
2780,74.79441518086064,3.5899761018143685,29.564258038322873,1457.5531396768906,13.089594692768522,1
2781,78.74517074132523,4.420830835870787,35.70447988575137,1501.654898868464,13.895781959603523,1
2782,63.50234773151733,6.522831337721458,23.180660331853293,1345.5529957316917,10.139719593963523,0
2783,57.967991446108556,5.1619758810878436,31.998899588084257,1222.4493837997127,12.277277899374269,0
2784,59.57955587756897,8.910288744724655,26.596167767104866,1727.7397893389295,4.659664133256906,1
2785,65.12797078805073,5.2901095507845755,28.155983674055655,1422.9198047006084,13.104565818753429,1
2786,66.48078682183491,5.089537820869604,34.72970480319719,1533.4086208338288,8.548232676558392,0
2787,62.30003933802543,5.159274379160324,30.99028462942575,1557.0563902334989,9.517805102024218,0
2788,57.038833357501055,4.0432869607100965,19.828220660578186,1564.4040959310428,10.882208968734043,0
2789,65.43879172525811,4.913245081433609,25.117872301342008,1265.2364005803151,9.693115265368972,0
2790,71.81426620113972,6.691682040667469,34.876678674443795,1164.8319670896303,10.392906759136268,0
2791,75.95029465835565,5.170956002191659,32.24471359096499,1382.2614950616016,13.175385936452287,1
2792,64.42576946891678,3.809810405174793,38.740677862621425,1579.1423064833907,9.231559909308057,1
2793,65.87002177856566,3.6123730692820475,38.41323797006649,1354.4100265051375,7.826152366998893,1
2794,60.73301691152689,4.324697162501235,28.288774349266042,1429.0157292601532,13.626927714597102,1
2795,69.68560829625224,5.110795151616321,42.516189025347444,1925.4594827499136,11.053528434009355,1
2796,61.515713658091855,6.7903798032143925,30.122398349259555,1130.9152230390928,13.844477950626928,1
2797,75.731278132412,2.989267037950345,25.186657327954872,1348.9932008179003,11.727259821157809,0
2798,52.14133508065889,4.520260583166865,26.831800670447112,1879.3208137147856,7.3528112159731265,1
2799,66.40370327547538,5.2164650291526184,18.716374473552904,1491.0802656009553,11.290769343513762,0
2800,73.01107339191742,2.249441348555848,38.03509504124641,1358.8029669002178,8.032103868234891,1
2801,71.83834516322504,3.7496025755503903,37.973809945219315,1733.7537834022241,10.014863604879334,0
2802,96.93033663980496,3.9801671903957203,24.922462805933396,1511.0460872962224,9.848571192784485,1
2803,73.49800024567908,3.8060444392242525,28.86057855809047,1430.3383209911988,6.764672390733887,0
2804,59.959454031579895,5.287834317532472,30.478037720562888,1538.4737854075022,8.374379020876427,0
2805,69.04535752910927,4.759160585747304,25.198234739289433,1368.3782381234469,14.4103746003182,1
2806,52.23753666533548,4.167070846098445,21.224489843644193,1296.5017874223843,10.47675480968233,0
2807,69.1940025070324,5.641943939828953,28.948211981115442,1477.2806144730503,9.648807730674095,0
2808,61.669439429992416,7.584612076469375,28.394602852703766,1297.8006079847985,13.62578043988185,1
2809,79.15390275560162,7.458884775112628,28.057943795056126,1502.138662359296,9.207529379861663,1
2810,64.50459725404465,2.115842341906496,31.113580313004825,1570.8813134948678,9.81715927606176,0
2811,68.83234084204753,5.8656082757527095,37.14759829262996,1670.6120912103222,11.981605712245699,0
2812,63.64442158595597,4.732965064904242,28.48453640154137,1725.5849971033654,9.1985284027673,0
2813,87.38851351853332,5.232733014298034,30.852214993606815,1418.8526996735498,8.506958521294997,1
2814,66.78757233882088,4.402575449686177,33.63435261872468,1599.8829215878138,5.492487169278565,0
2815,88.32557043479201,5.176382944830803,32.770714632563745,1598.5046892412713,8.127003373234476,1
2816,78.14151762118266,5.227111094108028,26.92788237776079,1565.5637431631967,8.107944508020774,0
2817,74.82066727335386,4.131572363976615,30.481885615570178,1404.1081178099082,10.31713339093722,0
2818,73.68733147317519,3.655448678262229,32.73769910084527,1294.3864375071778,8.779083468544448,0
2819,73.93797298216252,4.326956476070774,24.358243312446113,1600.400377813312,14.316038021714391,1
2820,50.7232742065439,5.351388896685148,36.31769505398254,1158.62748756139,7.884742139530388,0
2821,67.21116605849244,5.898494512526396,37.15794452607056,1446.4321134863378,12.80129337371481,0
2822,78.45157971184321,6.28002346601022,26.386098722777533,989.2737968702804,10.439505910255098,0
2823,69.51102816525895,4.258714965399631,30.968350091740845,1232.7195153283474,11.613548071424779,0
2824,55.94810153196425,5.425766850954105,33.211391283355155,1324.5732123105151,11.49203918947174,0
2825,69.4759554942253,6.443753887929947,27.271929218356238,1719.3448415258567,5.563528939375167,0
2826,87.04105516255491,6.748392342716192,32.408069228440475,1637.6216048808537,9.976894642046886,1
2827,82.4689171553472,4.9117507188027165,30.816278131460827,1389.2130632315516,9.475543725532336,0
2828,69.37995990633968,4.668602412590581,22.660409111805997,1645.8739590259502,7.734043810617465,0
2829,79.51449277058086,5.2866863507545885,32.29580657989279,1677.5245926760795,10.919252074431737,0
2830,66.33492979631949,3.2754387906538915,24.49928791864482,1467.8670303250558,13.433080631754944,1
2831,52.96128413173281,4.709585733446738,34.696014258310235,1223.124371157262,4.653992712231868,0
2832,60.75534011870445,6.116879597709695,26.643944624330555,1458.4175379867772,8.931060648316558,0
2833,85.62888768508198,5.962920694165552,29.193572831694276,1480.4215189655727,7.508467671772754,1
2834,67.26006918170695,4.594598593454166,36.86139456723288,1253.5091218339549,10.143555652475387,0
2835,67.56616020624982,5.32657730163075,32.48190823264422,1573.4093585859937,9.348757433700008,0
2836,67.00161803725119,3.7630244895639686,24.602630402127275,1555.962370860471,8.788645574485644,0
2837,89.04136589573007,6.055238222337537,24.92541714600458,1589.0085399788372,11.379013656658117,1
2838,86.25958915362062,4.883267845795291,27.00348605688137,1555.7846194334886,13.272362602114198,1
2839,92.18780233448135,4.586072822455793,31.97322041678333,1645.9686070229966,15.32263730351567,1
2840,68.40954789599948,4.45741424585992,31.79149907466384,1464.1343944253938,8.520741903062824,0
2841,72.95624488747094,4.905659199650213,25.784488476685652,1540.3570214741906,6.358248896363861,0
2842,54.833574505792086,4.328183532602062,24.163952571928206,1420.4519431508936,11.11839286815668,0
2843,84.76934426118274,5.987214554003845,31.40791702542917,1383.1001568756099,13.220969470646407,1
2844,58.32220448732065,4.407074677975729,29.09069967104919,1767.6499261524152,11.627379934081457,0
2845,72.16775563762629,7.389446144041072,40.78607943723868,1091.2462596947007,13.212694079060622,1
2846,59.02697472367156,7.197815755222072,30.183018282815393,1675.3519978308527,9.54902665879576,1
2847,64.11133173261304,3.662684765218243,39.07126413850138,1375.8918249108679,8.780851120453743,1
2848,61.627375689503,5.104556404143921,24.1480820094783,1349.9923644713758,10.230871814802624,0
2849,63.92124739324182,4.024015067995707,22.133935302191464,1552.3154968130814,9.338893625266223,0
2850,64.60877296851021,4.5100286552170825,24.39957433737233,1202.0780775297994,11.326188042680688,0
2851,64.51731205074923,8.003641201467197,35.94564890726733,1336.7953856107595,11.939535556006982,1
2852,78.33333911780306,4.538642874326301,38.78050794846767,1330.1720706974015,12.096167329143771,1
2853,58.9513720693748,5.540339055616143,26.08910273023683,1455.720348362981,11.02118534160878,0
2854,72.20541427013868,5.811981941012418,27.69716985120221,1339.1724623678624,10.4916446533506,0
2855,82.17959152305559,3.499055941275139,24.1550954489375,1820.2237371278538,11.588853378501696,1
2856,64.86803635486604,3.7173567883861924,20.941800764408065,1859.4033032995908,6.074016184694557,1
2857,62.82081109252398,3.190966442887822,33.59205848888315,1095.6012954503874,10.421141504667885,0
2858,67.69475374819748,3.6710438991533345,31.115101514810817,1608.8645409531473,10.104956114340903,0
2859,81.7972520836071,0.7249548360242262,30.052439913369376,1671.732687815515,10.42616079194311,0
2860,71.94107630953357,5.8168736011904425,22.9997173141831,1608.597040478221,9.824752907491538,0
2861,64.68785705392402,8.081290761884105,38.1997834091433,1368.377301381661,10.863710986923232,1
2862,74.8387665118804,5.22173110855479,27.483216309752635,1451.1808875682916,8.85079415693197,0
2863,58.977078501635766,2.8755967109890888,32.668132124082376,1350.3450690444608,12.25904685890726,0
2864,76.81359510442948,4.035835425650078,22.727192973776376,1415.9471937682342,10.947299554826948,0
2865,74.08607307701767,4.3116847324625045,29.047374051899812,1258.0069942665648,10.301371715767722,0
2866,66.92191528861116,3.4736228341799364,31.45687228119292,1477.0422356730899,8.60496685872776,0
2867,61.61414201552769,6.290273957592735,31.635376090266536,1199.4396577389862,11.63063377041581,0
2868,61.133190777165424,6.215390066563001,30.773242716183127,1459.9730891543725,10.413319396988982,0
2869,75.3481733634591,3.2668223092735107,32.472612460243866,1250.283662180047,8.489033212926167,0
2870,82.28980502489063,6.087621566671261,24.347397719835193,1541.3632723582807,9.886676915173522,0
2871,63.626922529712054,7.290218995365898,30.9868630271983,1364.116087811422,11.25816523848248,1
2872,74.58386703551484,7.85383730784434,30.568788417401386,1558.1160695749074,11.103147077639651,1
2873,49.12972981397931,9.297818034628943,31.158363420975306,1716.3161456729563,10.97401793561631,1
2874,64.153822693428,3.6470110258352038,30.361726086595908,1817.8893872209417,10.185062783482154,1
2875,69.68941067129099,9.236330639592804,23.633936130433014,994.3990821959019,12.051639066603794,1
2876,60.90316583018166,4.468690417236818,23.411001239455132,1333.1611812252434,12.475593007623221,0
2877,60.63493625210404,4.111301816929228,18.928659070577243,1439.3827845775972,11.474645231351081,0
2878,63.322204435311136,5.490608562316768,34.08767254922649,1592.0655636762967,8.825097450288586,0
2879,72.92192728326373,4.1269079988604815,34.13828754867599,1169.9290991690941,7.883876565418965,0
2880,68.12670981593625,5.598566210969789,34.217751456110605,1303.5815186399568,8.912120466056813,0
2881,47.61768766675028,3.0198842183940475,31.53394981230726,1526.071440531422,13.907313495953446,1
2882,48.792998473649334,4.641871096904849,19.334403911409446,1516.9776483053333,10.563391827654707,0
2883,63.931348221428244,6.928373351542519,24.86644754107367,1575.5236812840185,14.25288365505277,1
2884,74.57686586053552,4.9144080628532665,30.85207708796556,1588.7351453776232,9.759603312825128,0
2885,42.52495157274765,5.212393680109824,30.677590013958977,1567.7188866231725,9.482372659014157,0
2886,65.00269823848369,5.7128879070759675,28.886258934239894,1538.7310633262985,9.851886926711853,0
2887,64.7375214348258,6.75599244397649,31.844586014541235,1511.1479546652736,9.815651839893393,0
2888,83.88337778208448,2.5171629317158506,30.058258538426227,1632.9526179448726,8.452698176264551,0
2889,66.14978188287137,5.876786077756152,30.603852327756808,1052.135466687155,7.702303463666646,0
2890,73.82988984740929,4.597791291137355,26.80467333583992,1808.8666973942468,11.002673254361726,1
2891,71.41257140087463,5.249956842967758,34.91005493060795,1059.1035898239352,12.109801435194727,0
2892,48.694335201928,6.589925254643564,27.84614195659808,1284.1676366191016,14.889962601332803,1
2893,77.68207216631737,3.2087200228822335,23.346754584896868,1454.647840669971,9.132574186617955,0
2894,72.15396505456287,3.481033337835366,26.145004935906357,1634.5225782179684,9.29468902627185,0
2895,75.0826863967459,2.0968550604292906,28.2576690431901,900.9466218400768,8.457541411097965,0
2896,109.26237706436326,4.176261587354335,34.970013941844236,1494.375135211633,12.251454858747135,1
2897,49.158870605014116,6.995648516568225,29.788660007826035,1658.479007883147,11.62997490959253,0
2898,87.24696649761108,4.819119217289796,29.069258905171754,1698.9036232056953,8.246130836250947,1
2899,67.12552480599645,2.989812656517821,23.756682876186865,1360.5340683005084,8.195603826054114,0
2900,72.87328904403009,4.2714818831374295,33.92741294914788,1439.8329426089936,11.905029517191796,0
2901,69.54487754698758,2.7682074447640654,26.740239229883073,1376.7703742214744,10.766392302416815,0
2902,65.75763666601956,3.3122208474032573,29.49986070529332,1421.465069294783,11.516777426022287,0
2903,64.30167071761241,5.58322836539557,37.40091538440932,1293.634689854313,8.234463043322174,0
2904,73.29508735573009,3.239190010540957,32.54381665524652,1322.1495675058163,6.244550272179587,0
2905,54.82826303328321,6.668951457804953,21.85872976142413,1586.8753844056737,8.25006996663966,0
2906,77.50579167521765,4.893319563754496,21.152448818237637,1526.3230746545485,11.375533460022453,0
2907,65.83805595114745,5.128392055916788,29.67844774940377,1598.3173015180946,14.222115957269782,1
2908,58.69930660959642,4.582440548588159,23.936296925625975,1542.8028779401673,9.141072020944783,0
2909,65.49987142004187,6.159271757815585,33.242733738164986,1640.8677202295191,14.551711763753731,1
2910,82.57149216862572,6.174739831665516,30.211315324824895,1675.642799630999,11.659639534983377,0
2911,64.64664912983777,5.502581527868257,30.826923845119314,1151.6566760267792,7.213935396582348,0
2912,73.5845361820962,5.847183658861472,26.466284091788236,1329.1380699171275,10.428067675622064,0
2913,62.69043724284526,4.681865495119362,38.70691827643353,1453.7248085019921,11.727948556823721,1
2914,77.57921849923619,5.813304510363572,44.212968640052296,1495.464494902532,5.149034202894627,1
2915,76.85507738790204,4.49318333678929,28.607076381216427,1365.9818852363933,11.288902315826764,0
2916,88.48608833296412,5.003347433243603,31.765196242075003,1682.4047341976611,12.345442359646224,1
2917,68.24436054500785,4.588034375950554,30.487086715321563,1895.9896736581197,10.797736248262286,1
2918,76.68654804757907,4.314172191021206,28.701565682794655,1537.232391116347,9.876557578637154,0
2919,70.98067539538944,3.966332303417315,25.839647661336016,1516.8682064396423,9.654146833997187,0
2920,82.95871781863015,5.701535155788328,24.575160062597615,1669.891251020866,9.537355344616355,0
2921,62.8116761239127,6.965908869220195,24.32201367237238,1126.8320489593127,7.648040392465782,0
2922,77.45005312877281,6.75665295750434,32.026200127745724,1505.6937880876822,8.624952336190065,0
2923,68.05302703883318,3.115151996081847,27.401627608981823,1695.8071650935033,9.166811908695681,0
2924,69.35811822891502,6.93380457711031,17.10853574929735,1371.3692005597777,10.226988692451485,0
2925,70.91752484448372,4.522762247573107,32.224291102991614,1254.6878840196068,8.886370484685868,0
2926,72.52240396426677,5.901099522718387,29.80869358767922,1462.8388779800443,8.26174151500414,0
2927,68.83770956878041,3.640677001929183,36.73336500700573,1487.862913359616,11.519541718251691,0
2928,72.14713183170527,5.212969870811008,31.865611985455047,1318.2695436169083,10.741227943895712,0
2929,85.78118057562185,5.470584774345361,22.606632018448515,1919.2322552101903,8.921540926420866,1
2930,79.85449685615218,2.7730928121205207,18.851616796350093,1404.260723798411,11.012556942975175,0
2931,78.69154592496896,5.912400749516284,26.402638078310314,1269.2681297146862,9.09368421262813,0
2932,65.44460473976129,7.018902511757473,26.874462896531735,1481.2757361858778,10.12613005897624,1
2933,61.10759171771676,4.738028081477558,34.71579600500083,1681.5721275408982,11.950088109445733,0
2934,79.55300558237752,7.040252196242019,29.955645338552134,1503.4828497996461,8.792517813667473,1
2935,78.76046792529795,4.715459759821389,35.668442490492545,1597.1187840088005,7.6551767843325145,0
2936,84.72670675750982,6.274376796569926,23.375834721486825,1325.6978811333686,9.709730833957316,0
2937,63.9601937403077,1.6721450510733504,34.82632192190224,1797.5376892807026,7.273069967629076,0
2938,67.70451344639653,8.628166668970195,33.6049457671546,1612.3422055836886,9.44510298129805,1
2939,53.605158374745656,7.243187367864436,19.908829442844016,1709.540313775522,9.438725041373086,1
2940,66.07528893939127,4.573061743619482,36.61308920630386,1573.032126495034,5.072631752188874,0
2941,79.96570510579447,2.041866460034273,30.467292458831764,1664.9768075457569,11.06127032748902,0
2942,65.33504620771802,5.432042552458234,31.96022251934253,1325.3894880645546,9.634620466637358,0
2943,76.40479795200824,2.834111679389365,25.675519437857886,1401.7179166620874,12.363792905543871,0
2944,68.09496894002189,5.667280306336232,36.37623506460986,1769.296119111206,10.431063959588165,0
2945,73.2405702822156,5.617348578746423,24.070738353805652,1811.9483894567927,11.471217140631097,1
2946,58.523086101843326,3.587895246496963,34.16046009186973,1270.5868800561846,12.380077506414086,0
2947,70.852094496339,6.6814505354215665,34.10303737954336,1549.9472135727624,9.736565834458508,0
2948,40.08864029099277,6.20836205420926,25.129162859138887,1413.8112399029546,9.998353622272196,0
2949,68.13103841838016,6.463735005932845,39.916867997112874,1360.5937061270276,6.852913553219537,1
2950,53.6952675628486,5.013286555503343,31.157642401087596,1556.96793907109,12.479075490468482,0
2951,82.05994516546816,2.87671389962944,33.26946305135512,1728.1925864730815,9.70860520055689,0
2952,77.77407352764511,6.466808408316706,22.36439602332122,1590.3324946568387,7.988538899304037,0
2953,74.66670981966081,4.594442901296313,40.58865001504282,1436.097510016193,11.479444972974855,1
2954,85.2100622715938,2.9153297852109965,23.877215298874553,1602.972235987032,5.640437616071496,1
2955,60.51083479175163,7.028059048961489,35.12443216382965,1428.0047652838198,9.141451554253644,1
2956,87.47363197915558,8.149111280753765,25.026141410341523,1582.4228601461205,11.816622082423681,1
2957,79.32191564260384,4.938127806531195,26.905055985761585,1779.2931400911466,9.12455629606819,0
2958,67.63444712781055,8.238681731904938,33.943770219427236,1084.5680681398344,8.564156098102837,1
2959,81.35620147182944,5.136972092917024,35.13776356837579,1659.4504597080067,9.167690405774099,0
2960,58.93706487588366,4.429316143750473,23.64357875442949,1192.1890156859063,5.980141471062852,0
2961,61.75485838472326,4.0543123187217835,35.45236084528497,1745.6655421088922,11.430956863566067,0
2962,63.914102767603,7.455623611989114,35.22490247566597,1372.5948780254278,9.754227916046174,1
2963,64.71022291935985,3.8297841779183424,25.31023295577554,1256.4657244787031,9.455350780010477,0
2964,59.43442357239747,6.102903964962481,37.99323796795555,1639.0538454177495,9.462662767181918,0
2965,82.23083067095325,4.161254247411188,22.71571185875981,1572.8340126284822,10.028159596929168,0
2966,67.41145599630168,4.309539856138455,26.876137086111925,1300.1626194076684,11.306874741344133,0
2967,73.5250496835688,6.5453745409543505,32.39501312045994,1249.4000485663212,9.895872917601503,0
2968,64.2964863358632,4.429944730565969,25.73216857648697,1462.5037025017436,7.276726903640375,0
2969,51.79396699451483,4.39280693086956,31.319095428396704,1259.1826099657608,11.151032243088133,0
2970,72.70057358391422,6.699207045762211,31.205380394016476,1287.7054054152745,10.997139382008452,0
2971,50.87745024580223,7.396095939832435,29.064628650386396,1523.1241580842868,10.411053996432921,1
2972,69.31365953914532,5.96703470492635,34.1620026929528,1306.8256731489807,12.150482613922637,0
2973,56.3168496116719,4.0178453365640765,28.858196036711803,1585.3078580053086,10.060757352825918,0
2974,89.87275999230808,4.234087251053631,31.15770534406903,1798.0287191766954,12.222752177978512,1
2975,79.11362722174722,5.119872895610056,35.732359387439516,1470.2889170198835,12.814422042956792,0
2976,71.0575379127148,5.481395092888486,33.953431050129204,1526.0302123971169,11.164625771048964,0
2977,82.63706677654669,3.518201134790342,33.930086454071045,1903.6193465670974,8.504132756244125,1
2978,61.536840225342644,6.0845569093697955,24.254101988916098,1262.4797765245307,9.738428562995118,0
2979,75.43479378670094,5.128269994459399,32.62396287750661,1738.2470390361484,12.477712068116748,0
2980,71.99810433718713,2.426437522042806,25.607506045152476,1714.1715195824963,7.004744267860986,0
2981,72.6402008133367,3.6066102763089045,23.59292510110987,1670.8634678347566,9.216092663642783,0
2982,82.72353500106767,4.243806989522504,29.641468268575156,1758.3495701465263,9.314070327106512,0
2983,77.32492102779803,4.890713466738418,25.47852406674205,1556.114993191724,8.269578799292532,0
2984,72.88723662825024,7.833918193255994,33.95308859419988,1383.4141008801466,11.745757899837573,1
2985,53.45112563771704,5.357256959209442,34.07267729847662,1718.9146582441135,10.753630142081555,0
2986,60.399537047205364,3.7388421651520627,20.48686881784279,1726.568442342579,8.577883286799016,0
2987,68.77291066404275,5.3309462064607445,25.85848730211555,1721.0627802986576,11.21102584047168,0
2988,70.93372374276652,4.471868378819178,22.701066640410005,1508.9004164638473,9.683167530663564,0
2989,58.69796275326076,5.487137359300313,27.686853617035545,1356.7610972773348,8.219610853555315,0
2990,94.11676675578421,5.870851530553422,32.27587834934412,1538.2724508223223,8.574163179514265,1
2991,85.16394055253573,6.8138459708359065,28.788559509108058,1688.4460035135671,10.87210214955188,1
2992,76.02118320392483,4.963570256494961,27.051203796664325,1704.8703579719931,11.878019757043678,0
2993,70.72036861283745,7.45844079139975,36.5008826340657,1414.064774585081,9.026463534090428,1
2994,67.87791030098849,6.362033993804287,18.475714137018556,1563.074579225478,11.088882667338023,0
2995,60.48081539977764,3.938840682781718,36.18435946759112,1238.2443391028087,13.163508315154965,1
2996,70.77480518518863,8.314783498622695,27.278558534222572,1696.9900206011703,7.482258887259494,1
2997,72.57752540142751,5.490491769905146,29.609454949436053,1343.3382486549872,10.711339745677247,0
2998,57.58239424518376,3.7473132440416475,27.363183311399457,1657.0510719143094,11.661311382590817,0
2999,73.34176417244898,7.479369576845633,37.714440527695594,1270.1390845219676,9.809700366802339,1
3000,68.44740951175251,8.116666377797667,23.8451075159737,1706.2831812868017,12.476566421711293,1
3001,50.921924421226095,4.95046210442066,30.05868184860968,1564.3670380045542,14.397674076522568,1
3002,61.39614989220498,4.244524609436605,32.637193259299984,1343.7284608766108,10.686710696772606,0
3003,65.86394466578356,4.741437563819507,21.94498616057416,1638.271276216105,9.532820535444001,0
3004,88.8768765734019,6.07209759127655,25.40050914776923,1381.9276616389338,11.953965615323913,1
3005,75.56553124533758,6.916784982545771,29.259107332508854,1649.9110074890257,11.684137720755803,0
3006,56.64518430900109,5.85573099629536,25.566674826578126,1445.1777049238558,4.962338090163631,0
3007,74.86036289417638,5.152584812707655,25.922041143904252,1155.7905748740675,9.994528887817772,0
3008,54.52696011061634,7.2470176554566414,28.25068668461781,1303.5167519038125,9.210801066521773,1
3009,80.82691053887073,4.530745290422717,33.24790665823087,1413.9170582625432,10.793411383027834,0
3010,65.28875348182122,6.54637900755036,28.286411115609276,1773.6378047497155,9.61268343941242,0
3011,69.06363811260829,4.567905802473082,35.39213097236473,1680.228726105845,9.829647815457996,0
3012,83.2579664754219,5.6465344370163395,25.011211086703227,1824.7722824644284,8.273574481077837,1
3013,57.1283643141575,4.829656152814323,23.74038869763274,1830.7270432059718,11.469058436848975,1
3014,56.02881814887009,4.916221726020784,39.63172702860567,1393.049839081817,13.310084442937464,1
3015,64.16400673653995,4.433920223806685,26.710209361672444,1462.302628048234,8.30465610156993,0
3016,80.38378851019317,7.017281046771042,23.4454399646392,1417.7440151338924,7.205889953706054,1
3017,54.806539245231576,3.900610942837197,21.28973029114085,1365.6978789397847,10.040006439654928,0
3018,41.67844401889431,3.889651621176937,35.37551726904469,1131.7010581327083,9.942688677929473,0
3019,65.48841141591001,8.181490348767664,28.293477426699702,1497.0504563966315,12.341865572240721,1
3020,75.51740799910921,6.466771346981497,28.731451324668008,1242.886881257778,7.541610095242936,0
3021,82.00261749738829,1.4223294519604455,29.2039914420668,1493.1656236931344,8.924089649951805,0
3022,65.36838637914602,4.152111891184394,35.0647144233489,1923.154161912597,5.704593521466294,1
3023,65.88573392883998,2.282015993656919,29.102350830120397,1398.1309807338582,12.749967272423646,0
3024,81.53900734255747,3.5739639598771173,41.72026889416313,1538.9548011256134,10.501089256646727,1
3025,51.3025830030458,0.29222800064894017,30.668802870271147,1681.3296771618566,9.073134172038406,0
3026,66.1147922481699,4.794515633459087,35.30892383479161,1556.0582583931814,7.355457042817648,0
3027,71.90423889925057,3.2870872712580326,34.02619928952203,1558.4968375884591,7.539047883645498,0
3028,74.49218721285034,5.089857885194657,29.81776339870981,1427.519513262384,10.828533799582782,0
3029,64.90193306809117,2.5623181116762126,27.06514506989768,1453.6244049877535,7.78514990879858,0
3030,70.34441011705842,5.12436777975806,31.65981964283277,1307.9978955624345,10.208010846297139,0
3031,45.1167264658701,4.377625582819509,32.550493656036366,1669.2090017778814,14.08588972227006,1
3032,63.41751587666152,7.252929447782893,27.137069759367364,1151.7016686771808,9.304824754110358,1
3033,74.53508712554468,7.1170352926184375,30.83169432975328,1694.2176676764404,8.077111112051242,1
3034,60.177059657453206,6.1780184045154245,36.18102489129798,1219.2603230509515,10.764014410905526,0
3035,70.58984221589597,4.510079329008181,40.34973869534839,1692.5214548153303,7.548416518436545,1
3036,74.46872500802698,7.97807059289044,34.27184660174711,1429.2364947575638,13.439969060658807,1
3037,66.57450799142235,2.670447083240269,39.31379843190141,1253.626262373384,12.80723933705667,1
3038,71.70463770996571,2.894662055654506,26.85312894396772,1615.8597290159273,9.671656762092711,0
3039,60.372674347153875,4.874325350166403,33.50941126029647,1685.753507015155,8.20541363715156,0
3040,67.93388720303953,8.38105716338168,36.69259754290636,1412.3842703792927,9.14846025444928,1
3041,76.10216169589222,4.696491639694869,25.51833333514002,1644.1221097357866,9.408668775829144,0
3042,71.56972960968434,4.725132135186077,27.572049439774954,1042.98310106613,10.76713426341413,0
3043,64.13468730436064,2.8371344658322863,38.68952380917625,1235.88074205068,12.079264658602233,1
3044,72.24216404290793,6.418894377905568,25.1245057210653,1758.4817860937458,7.92697473848282,0
3045,77.14609790636618,6.429764381494031,23.294349836721445,1455.2661451604167,12.02181913068549,0
3046,49.50058721422522,6.183612802099865,37.639907868197554,1127.5573347102304,11.235371225622597,0
3047,81.59074064955898,4.056168990728956,35.98381612490219,1360.2267639116012,8.984421018386787,0
3048,66.63745261318928,3.9399398474404914,32.160601219918846,1315.319905494984,7.82657620864598,0
3049,74.2548993324023,3.060316624392544,29.771446226770863,1466.807653705415,10.232465434585135,0
3050,81.97246923645228,5.125808752641401,27.80737747197509,1425.8498032384705,7.880823032595831,0
3051,56.28326302769534,3.3793890060822473,31.409744369045256,1535.7863457876322,12.047361698325211,0
3052,62.90558997572453,3.233875242126067,37.89903478700775,1486.106789677485,7.752234455735591,0
3053,67.11451304124296,4.364463924633986,31.19283063071038,1771.9478510074036,11.095412386326288,0
3054,62.16246478875571,4.266265737223676,40.83479633623483,1584.9097199439339,9.838767270369836,1
3055,87.34936575836808,4.193032206767067,25.51029007179885,1591.5343222387173,8.878750231249597,1
3056,61.432279061732075,5.699666895260392,29.901596228358652,1733.0314247789042,9.794336987361419,0
3057,64.44453220513134,5.1185717032254185,28.134706661680422,1422.2462499140836,12.159966339268404,0
3058,72.04389031602977,4.567765954233323,24.574292284188335,1247.624511328303,7.615485182012421,0
3059,57.97850473923911,5.274519392467223,29.234581334951724,1741.3940649264498,9.175686889616367,0
3060,66.04319288243737,3.5127094383430517,32.086646508302195,1527.1683496216224,8.496512870625624,0
3061,73.17453261250175,5.157917935864517,32.62115089976015,1527.8702415797857,9.92276573290257,0
3062,66.67139595617489,5.2259037392669505,40.85226089472278,1373.3340156939528,8.630638214974692,1
3063,69.06613141100051,2.745429710963779,32.3223373486178,1376.6289333792845,6.463837515226771,0
3064,64.70667887551629,6.493540631555543,35.75068401839808,1669.3444677541688,7.889724906135275,0
3065,54.85529690819233,3.6778494421595065,30.33047123149488,1696.931159627522,13.275510037076224,1
3066,73.21593211339238,5.135464698809653,38.390278002262974,1656.7646811493316,10.493456422572546,1
3067,87.54933071647241,6.746617610802906,41.992246427940344,1658.592321089095,10.424724107616155,1
3068,70.18401630783438,6.388515136570804,32.65542565487975,1613.8059074519517,9.434775219982724,0
3069,72.25264117247549,5.051500082853253,25.036704922742093,1526.3045460156313,9.89674915178166,0
3070,76.9272275511686,4.456251495676897,27.25597488611416,1464.9240631358039,9.14037615433724,0
3071,57.30669503453301,6.421267862863351,31.40967151602581,1742.0647699883107,11.05385706208213,0
3072,87.02514658129606,6.01204246671293,32.282490176253226,1425.2558259019133,10.201617708518746,1
3073,72.02328796422802,4.072452469933805,33.49212567192186,1573.9958427761494,7.657463579682769,0
3074,86.3185689908911,3.8076595294974647,32.3009884061502,1339.1974004091508,10.507449006208386,1
3075,62.66967004476011,1.891467227456003,30.034924581279693,1368.14019262991,5.082516153456899,0
3076,88.18061922557825,5.231047762525381,26.819007793989357,1452.7690864285546,10.827718399355572,1
3077,77.75155494034783,4.875953382472402,32.00569130632115,1339.2123246545673,7.181286286326957,0
3078,75.53040085852358,6.7042870619638135,39.274936787403284,1659.57036509566,9.807889827659848,1
3079,72.34024454353148,5.53858264022055,35.099643027138775,1230.393149690994,7.610744793607622,0
3080,67.5147138192555,7.0013437912590355,32.67351974818099,1519.8459246762145,10.005646399066194,1
3081,82.00531658473872,3.9539536581257435,35.14783461911375,1526.5016193684362,11.156557038552444,0
3082,71.40359869848047,6.707225496451428,28.14467985549574,1137.840084336064,13.00565417049916,1
3083,50.32930296412847,4.206625431343017,27.458674269583398,1411.7952358952782,6.917284689977043,0
3084,58.82813538292997,6.166394092688408,26.26107447817009,1551.1399076096286,11.95094591134227,0
3085,68.14154247807252,2.81186241120396,29.373566886152812,1585.7455986588136,10.262305410754943,0
3086,73.09998983165555,5.352702949049283,27.8899705164546,1459.138558279967,9.098665694350752,0
3087,69.43411511100105,2.022968087831135,36.041373703260696,1635.377640896143,11.51971301011892,0
3088,82.18970789793663,4.599293771087368,27.623382911589054,1478.136748552792,9.528150297829587,0
3089,50.48898135961375,5.66053099081687,25.986391418875417,1502.7305824150114,11.435061032801357,0
3090,71.4358793650516,4.218547173153357,39.71288589415316,1550.3307737973107,8.01546057374401,1
3091,51.82020774612845,3.4243435568660487,27.74312384459328,1685.3999257468338,8.734005935407415,0
3092,77.59712295484168,6.2691777039439005,30.767642286251753,1364.8563995168936,11.8872001055892,0
3093,69.05541285557997,4.8448058152296145,32.25661412371706,1402.6356254963405,12.970801047140844,0
3094,74.19609972024118,4.265644029453993,24.316534405395924,1366.220701654157,9.929936201694302,0
3095,61.36117039410234,5.062843881731415,36.17741884751535,1433.5604567716134,4.42542214928844,0
3096,82.7946493165775,8.955003712918383,33.185595202056135,1785.246851615953,9.60190143478309,1
3097,80.41724664058852,6.7302542746723155,37.79192005940391,1614.5450638659645,10.06485223564486,0
3098,75.83544303011888,6.743860502281761,26.6038903139095,1273.7820509662315,9.534453246613655,0
3099,68.7048275313656,5.653319478488546,30.4956289623808,1379.910606882265,10.672677123331063,0
3100,75.79857285295132,5.2497279088657205,30.196778774970976,1574.5534448552805,9.046180144805357,0
3101,62.93107432012651,1.4058765675043756,31.319442471750108,1318.698443813446,11.677741721356055,0
3102,78.55555659020712,3.981529480305302,22.726926257114194,1354.9319918370486,7.666573454537916,0
3103,86.4948089432392,4.279138380196288,30.554181893461113,1768.9919332348297,12.473697414708282,1
3104,80.70610559979187,2.1876619039287,22.867680442881273,1377.3248743053628,13.100157647922185,1
3105,62.70397530192591,3.2638763146768497,31.791670355984607,1690.9333632058774,8.173880523879385,0
3106,73.61417317273103,2.028745293616049,19.356754377407402,1751.0646379061877,8.172800348793874,0
3107,57.06858456241352,4.942514246453941,20.74206582854707,1353.307581766207,10.821390627555056,0
3108,75.72390311175675,6.228148956273224,34.092743582199994,1322.0074886885718,7.625559180514221,0
3109,74.50603412862539,6.6601617779364926,27.265807724026086,1444.773582703767,9.01479425779536,0
3110,51.30183660467836,5.6221766931188615,25.060709631838797,1282.274455865275,12.205053912912028,0
3111,58.38216156087636,3.5549054882021465,36.35422810537774,1524.2067757005484,11.475213528953926,0
3112,67.16861103256232,2.1019022622200607,31.638131086642076,1458.8696176293226,13.96039268337918,1
3113,66.99140252859173,2.364696950897747,34.36045097766892,1572.1160031772604,10.341568295200416,0
3114,57.90523064581195,3.0965261341182524,29.168789638395847,1779.3886912465641,8.778323995443628,0
3115,73.88978729352183,3.666710452946488,43.39814346950001,1663.4969961540637,10.102487023306042,1
3116,72.51473608940512,4.76037725301262,26.977430697201026,1597.8479550824713,9.698823321182731,0
3117,68.0573086802148,3.4787536728095474,38.72247774679944,1106.7903174064163,9.72688578159373,1
3118,62.44208499841637,5.508463840502392,29.693169799500435,1588.675196420475,9.952392583808534,0
3119,80.48707126416564,4.65158974580079,21.72744802543627,1844.52553214091,8.136466582307527,1
3120,86.55407113088296,5.0158185676115385,32.414243728740544,897.8954967372966,10.564435509941285,1
3121,65.16438516153463,6.710375829006807,31.573812807275818,1637.876508595125,7.182673464482818,0
3122,63.878330828451794,3.2296523986994448,24.74339092880385,1468.128285048707,8.566346784183771,0
3123,74.91207665411996,5.628056867438552,25.388903614326427,1330.040999395411,9.762242473720365,0
3124,66.41970620253014,4.9790401572858904,29.87651178457504,1660.2257167823907,5.480893374688817,0
3125,68.60602799336766,4.499770578545457,31.748739076239907,1841.941180121466,11.537983072689835,1
3126,77.39653151724671,6.32788448129894,17.646683585602997,1655.0461457675508,5.8936909803049895,0
3127,50.906439124927076,6.318521231835511,35.265607262619014,1425.7616097476948,11.339175381796355,0
3128,83.1830232485267,3.5802638060173577,27.527510130925112,1311.3060351183688,7.414381420143675,0
3129,70.72680524329341,4.726759124213114,23.34126257800912,1528.9255267579088,9.190162618593002,0
3130,65.8850685543782,5.421817523876098,34.705332757259654,1674.6338584763175,11.03826129389886,0
3131,69.1076584577855,4.590489877966124,29.881910102907717,1422.5893947532545,14.396279038958966,1
3132,69.62429355020518,5.877531998431698,36.08082888391127,1441.9234016698406,10.232903955414699,0
3133,52.68798696555075,5.421788026865413,32.189761314898774,2064.4000499676795,6.0347473436009835,1
3134,84.94938227453235,7.748841860534019,29.99242748525977,1715.7303891919453,11.907390265271548,1
3135,70.41325632270619,2.7045812961053186,29.23635027509922,1730.0257356787265,9.536163190281963,0
3136,74.43002130447375,4.816346015378904,32.413563802780686,1207.9428187882377,10.139813308917647,0
3137,79.51549770574043,3.637246232731713,27.93234370595335,1358.5622641413079,11.115726059775229,0
3138,59.788375424396996,5.9061611831585665,25.737137056267503,1514.936327890848,5.549244086188572,0
3139,74.73471899035229,2.5742421649316833,33.04954561327322,1299.7724884229701,10.013073695470391,0
3140,67.32358909101207,5.51946906533733,29.27756079277785,1820.0794597778588,9.18061222009461,1
3141,78.46770775216494,4.054927352977488,30.16783824034503,1782.062461318129,12.443669812011038,0
3142,48.727725796485046,3.898757200818479,35.44689918077304,1393.2909325231892,11.454227526677485,0
3143,69.00905699758731,2.8302526946889692,29.430616961321295,1856.783721321497,6.745996154436906,1
3144,63.97179344216038,4.302386080698491,30.075169627708952,1499.1495806560115,12.525251704698096,0
3145,74.32262950634156,6.626750795436388,27.001752442745342,2017.8779434778098,10.899050176320422,1
3146,74.70044187368202,4.962216974705781,32.15369966990925,1528.9372261050073,6.905516805093564,0
3147,62.92374105177974,5.941520626811712,31.74913956340044,1615.2385500656844,10.111506206985545,0
3148,62.87826135823956,7.496962732949413,34.50387565895279,1779.9806882339117,12.06965222771171,1
3149,68.89334631442671,5.395633377233864,27.10435581496562,1755.5266699615618,7.571912254853212,0
3150,61.033577726847916,4.161800641906489,27.710915152049072,1602.1464132271788,12.755154671690834,0
3151,78.41983695452127,5.700878322774185,33.96068699572734,1471.771936111233,6.974742451744948,0
3152,66.30792799552555,4.183555780528562,31.261065016814317,1602.8265399986237,8.417545646706031,0
3153,40.930117806783585,4.243365975054246,25.468909369036528,1336.763165624777,8.114258329220617,0
3154,66.25177943378193,2.7201608005715228,36.532770338672506,1530.426743772823,12.753867463177324,0
3155,59.61456179156028,6.3893862366265886,21.507747157998743,1278.138493500401,9.017967726901606,0
3156,53.687241845390545,4.420996136525841,33.92142376631876,1143.8236719839397,7.674365994678004,0
3157,57.62573361777427,5.273147368723793,23.673939820009018,1510.0853528278885,10.890421757828124,0
3158,71.0940847183297,3.4460571070900405,39.42894258242764,1752.4555781343345,11.322361981185438,1
3159,83.28640828248231,5.653921444573209,22.277001365471882,1685.160928319212,11.335072189588264,0
3160,73.1318447386498,3.8570881427973744,35.76125325936374,1483.6175408548784,9.45732166954798,0
3161,63.934966117842606,4.7874369174472635,29.59182819994378,1849.3979396350992,10.509068602073896,1
3162,74.55904195170703,6.316739046858689,28.16698715080628,1386.1877218306852,8.699533827541428,0
3163,65.40909689781009,6.186138968348794,30.926983282338806,1116.4334676403953,13.34960335587146,1
3164,63.05399630836855,4.9669548912245896,33.15950169578907,1063.5797411598076,12.288410317315863,0
3165,58.456373317670156,2.3478034509399226,25.47799748834565,1263.7618118808566,12.165913658081351,0
3166,52.48171193248281,9.489215855090961,25.92106137415714,1663.3249486524458,11.58823186914709,1
3167,66.10076293440555,7.618788455409704,33.24802432556443,1373.0394633065227,11.039466611990003,1
3168,71.58053489920133,6.0840122373324474,21.463285231752,1592.1917283714604,7.511275031700424,0
3169,69.0337632998511,3.870194327613544,27.07885453403957,1829.2566767167955,11.266602472511297,1
3170,65.84033072052641,4.829611757447053,45.2034347707972,1279.9806074844387,10.22853046012664,1
3171,60.542539393032186,4.184869355335224,25.159935177053597,1595.699946359178,12.526728169901839,0
3172,76.08246191684968,6.8957839086445825,35.739013958798765,1607.7926145311444,11.614838364764857,0
3173,56.82868080053415,5.393754336277751,27.07024615643094,1327.8524023053794,11.100760940306042,0
3174,77.76027913843475,3.823754212460251,32.54522572398572,1770.8421850490167,6.631550404939688,0
3175,59.97782981073275,4.293867351312827,33.27177845298109,1442.4585888901047,9.821998926783058,0
3176,62.47564762646965,6.6817822138548575,35.64478367591474,1423.2494038173982,8.884215480192687,0
3177,55.33214809384323,7.400146770230718,28.99873086593612,1922.3226436835946,10.504731848366147,1
3178,64.98597853114363,7.292497345229368,39.94442319377427,1604.5533484733437,9.168903457114713,1
3179,79.75312458477978,6.135548097580966,27.0533171770741,1685.0581099370995,9.448108447813388,0
3180,75.15628088443957,4.621062696796045,31.1711020679978,1770.9785863043678,10.918067809813408,0
3181,79.78422112028035,0.13772926200631908,31.226384661088037,1369.9052001081566,9.135723772862448,0
3182,75.22142545933936,5.4457400357123324,24.390159400252923,1749.964219410736,10.243183079148025,0
3183,58.96330171469631,4.99725686173385,28.5706387251044,1399.621177000466,6.961176218251387,0
3184,66.69210775672443,5.2099731444820305,30.807567496192036,1391.0753221323405,8.335197046479882,0
3185,62.19800870882537,5.080846020549809,27.8393947843529,1445.6000055383727,11.312087134405921,0
3186,83.3057490403904,3.0106067570762645,42.20461982728267,1375.587033011009,7.539615766607051,1
3187,58.03211353573688,5.836112835276778,25.806881632002344,1664.4312865314325,12.491450155205994,0
3188,78.93697689389111,5.948324471047775,35.89712234070214,1553.442131029011,11.948798710602642,0
3189,78.9295387010877,6.023508173089489,34.282299065743935,1401.7551170765773,9.463540129320426,0
3190,88.29620201716088,6.41986550536008,29.930689327478643,1634.9010066309643,15.997468211004929,1
3191,65.90313407370503,5.906077467382435,25.673954730738764,1444.9635125227308,12.486207155696587,0
3192,77.12322159580162,4.384955882691633,26.15872339804115,1434.3859259270646,8.10144098658853,0
3193,92.81651836538842,4.893744728125864,27.410163503917452,1509.7367769803088,11.492348107400096,1
3194,63.82358323066303,5.136687300880065,21.071293590268684,1592.6920711332434,10.131726132639514,0
3195,54.6495975246764,5.161549173659928,24.982672871003547,1577.9695298754839,8.446575818281177,0
3196,51.19989966092236,6.497326483957595,22.587617423181786,1427.350163549434,7.860181713667583,0
3197,77.12712028861331,5.965503129533737,36.729375015888586,1669.4222414878805,11.989786669776759,0
3198,51.168497919414165,8.11601515935493,33.09231196194109,1455.521169784069,8.804109070751732,1
3199,66.27680947062078,8.309703469827008,33.929870494327304,1369.0031022782562,9.796247289925896,1
3200,74.37313187038961,5.1194743739208874,32.94415975770974,1206.3956702465298,8.157948143546943,0
3201,71.85175536829914,-0.7549833226890543,30.834838116670817,1696.6356961998042,8.503684125402819,0
3202,74.25444864184172,6.8552486991909,37.30340166064568,1502.4780152388016,9.746141599857056,0
3203,72.22289855800854,4.1894354915194185,26.946186721341313,1542.174471702103,10.776364585448302,0
3204,82.78865813313394,3.79777411725349,30.533348276835223,1709.160583139903,4.823281672897103,0
3205,60.476836192612026,4.4023320875159495,33.73529413912062,1404.5187536804367,10.0338395983335,0
3206,63.23004861541469,4.33003542977809,23.393953840719355,1225.1201503051743,8.507757974829929,0
3207,62.27340554729176,5.918404715158089,45.482944480712746,1513.9561404430438,12.80472530690045,1
3208,78.3019181186261,2.660846331310662,30.14282881388793,1561.592310416059,15.885505292010873,1
3209,79.00398588395063,3.383418881312598,30.709947252877964,1447.4301867679255,9.28144193009257,0
3210,74.51225319318507,5.514737831296125,36.284390158374606,1794.7475156152339,6.555542878573611,0
3211,81.83493666889927,5.934416045619962,34.57477666505112,1002.7666864557286,10.233753939837133,0
3212,58.21959132623619,5.962312467404018,30.190390096982295,1724.0113275799565,9.58914134101359,0
3213,86.67224111551137,3.8194455816000517,30.65064719049021,1658.230730072845,13.94270129800258,1
3214,85.23238621712258,3.53260152610064,22.479257345260105,1591.3541555400918,13.333178686751085,1
3215,77.35621997245747,4.240047749318121,27.217671110750118,832.8196901061807,11.730749941193128,0
3216,87.8179890877106,5.359809128427088,32.5860510807948,1756.7777566540537,8.826611837574683,1
3217,53.43376792322226,7.228216053908824,32.219464195214435,1294.713177872823,11.355533132361607,1
3218,64.75551863737348,1.9288442213438746,36.105828750020436,1398.4616043233227,10.530012718136607,0
3219,62.64696539318048,4.66890686456245,29.39749470888338,1465.8814670419863,10.482646406598782,0
3220,77.21479323757343,3.0009823384621943,23.06356743284567,1581.4836069303951,6.88354030286426,0
3221,59.498592603978544,2.5216359839697655,35.28365215387839,1627.88560843851,12.123590676907293,0
3222,77.57495149337485,6.450434968017225,37.18044673091008,1678.5681108638594,10.21561665662247,0
3223,83.70536143996713,5.816936861749008,34.49122286428115,1663.1707020157032,9.79831730491085,0
3224,76.95202900084,5.674150273920893,29.181831645712542,1550.585440842625,8.799687009982344,0
3225,72.83751023661502,6.38153875959649,35.221930259382894,1583.1845318115181,8.412767000693245,0
3226,60.121266590992505,4.280421654850796,47.14455239004107,1281.8492568355507,10.634517162557964,1
3227,61.53149033874635,4.351043725499707,30.575761572202378,1349.7946386361955,6.5016743962838355,0
3228,82.49618905296667,8.278595925083861,23.441316538774377,1679.0920447349665,11.578997519300085,1
3229,77.79349003905332,4.630143418610638,27.06857475223924,1667.4418973457362,7.891789126008629,0
3230,69.60980480622456,6.102698169581137,33.12738000152025,1644.759883288884,5.882638627589416,0
3231,65.8209045423411,5.009572311444972,21.975978445509686,1397.1166476686944,13.643790631852042,1
3232,49.74192126888623,2.2276122048823774,30.847015374560346,1682.0984263887392,8.283825901308843,0
3233,59.291475813155614,1.9330564942980977,31.901683251579414,1267.7511095039283,8.555681676956608,0
3234,89.11419087139723,4.131523670090143,37.67560869906326,1715.4719619724547,12.269076662016149,1
3235,57.195444289975335,6.584151877504984,36.550974280271504,1447.825839750822,13.708861801033283,1
3236,71.8947982122108,6.182437484954006,34.32292395875886,1836.8340812681265,6.93399684279314,1
3237,80.07443973195198,6.37111574633605,19.18660494742735,1195.7115815869029,8.087663879498662,0
3238,57.450773319977074,3.519430731595527,34.60526564023962,1852.6808091837042,8.234642355678806,1
3239,71.84710474781083,7.423808735183471,33.527566930301234,1427.7071341673077,11.869603325391308,1
3240,79.37915537510655,3.5526600497204237,31.279721885391734,1424.104148797651,13.278264255859067,1
3241,70.12499321907251,5.319236598004953,21.348889369272573,1538.9677637971195,7.839494876843842,0
3242,98.68403055666768,4.984471565138395,26.1161304540647,1360.5842174398606,12.82949067593644,1
3243,53.31400741121804,4.73918926952812,24.16588615232967,1485.5341997395385,8.581931776942596,0
3244,80.5872852988388,7.00788820744341,19.924957802464547,1352.474746945829,10.672245805891144,1
3245,68.27198262603535,3.942334219751059,29.985424242926026,1359.7872938041626,7.457092601144365,0
3246,77.71920154836675,2.975592116432108,26.0108893927861,1597.3771900601143,9.756139172836004,0
3247,74.41307151699246,5.029993229309629,43.12652790134456,1319.6869009392967,9.777774571854568,1
3248,62.668438028900034,4.40025989857021,29.156140302810453,1346.3611529989034,9.369683387369452,0
3249,72.28996392459341,10.06607437862397,36.4687657793298,1225.4417500507182,10.769941962639395,1
3250,51.42098548601713,6.014761214659963,22.154504876533878,1399.2138640077321,7.985938270294948,0
3251,76.03247500571393,4.385989137172063,27.34955206997565,1762.3204059447844,8.232553403626317,0
3252,72.98158465990525,3.41583264621937,30.484489380171574,1330.8132719794062,10.87574428989871,0
3253,76.38660168643102,2.179567384146823,25.459230256961646,1353.6733469625517,12.684070661951457,0
3254,80.5811832508715,3.4621713713938504,27.88899657597628,1538.7843892963072,9.954372611904153,0
3255,73.67619840209711,5.172412657638698,28.910245468782307,1425.8407132400946,11.007341546924344,0
3256,71.48089419798276,7.140992977392154,28.830460072775526,1945.63088666993,11.51616002059468,1
3257,61.18931663338708,6.682533713581878,39.27559286517673,1467.4944070647487,11.661010377266983,1
3258,62.87779236350949,5.343642247469569,31.89113142715755,1567.0436692434744,8.092950548326723,0
3259,81.86734620177332,4.515248501446273,32.397552814706515,1688.7537569598644,8.445979539590192,0
3260,84.36335405705978,5.403218534618231,32.698273871725355,1684.91557317257,8.61985081211293,0
3261,67.61889563687946,4.222043003773136,33.06313188668556,1546.6575163114758,13.857267601787928,1
3262,70.46002747253274,7.577545993645813,29.585565080625674,1467.7745026627997,11.016385878343808,1
3263,60.95385625006234,4.71621472808738,28.39626814260577,1904.8057072758513,10.926631440770034,1
3264,81.72756845267445,4.87049321262991,30.834080297591388,1480.0479449371467,10.732471506367478,0
3265,76.65416823691778,1.676266362468998,35.78401974456736,1411.661979114304,7.358413192761002,0
3266,89.4121743646375,4.706847730215854,35.63119094218192,1370.8302023411964,13.876380941554078,1
3267,61.21676922820261,6.254726206947412,28.798007621557943,1154.6393594586489,10.958375061573921,0
3268,66.21992100981782,3.398416134442182,33.83921847334056,1664.3231504474327,11.446320225309906,0
3269,72.31445922525572,3.873919498260781,29.02707668480166,1030.3863205798348,6.468957422168396,0
3270,76.4648953772577,6.189066526600497,30.16935274717622,1498.8554318190158,11.559287704723037,0
3271,67.84332362452368,2.78501416472292,27.632383092229013,1459.0278731457229,9.287575099744746,0
3272,61.270389095462995,6.586701511312878,29.09177430546883,1947.9930384462896,7.354434050547526,1
3273,78.81407528923572,4.201784164740347,36.7066503477484,1133.6697542572747,8.092472668256406,0
3274,77.21135362545581,4.417147669263196,30.46210573669618,1319.7793426031285,7.470211583093267,0
3275,60.83725899436275,3.3141823923116087,30.67641254276159,1472.78070826367,7.436431609770779,0
3276,83.55442801105495,5.567069390641825,22.763911103710207,1460.4941325061664,10.12109564072842,0
3277,81.70198709196603,8.68980797754407,28.453780461836352,1390.091081837991,9.226474422536699,1
3278,71.34296497247793,6.172245859190948,28.79342548127636,1483.8024181195665,10.668138724322775,0
3279,70.79597862376036,3.7035721070891965,25.854282572782974,1248.0874542260517,13.35195174213601,1
3280,75.54057771115907,6.703430878237214,30.10832705851782,1571.4385757989878,9.740992572745325,0
3281,61.38296929743742,4.524980681098626,27.85408854886173,1035.7029315844843,5.510221412083146,0
3282,70.30031479164082,7.061727472141339,30.39997927621791,1494.8461288245485,9.516083576904366,1
3283,48.4761645539082,6.210014603246544,30.607515049094673,1379.9286611472853,12.386788872795744,0
3284,78.76455645502935,0.5852876517924006,25.22122821088678,1703.257588551327,9.82812105500634,0
3285,54.385067775581405,3.493880550567459,28.006491087584052,1851.0622141266608,13.058661307383403,1
3286,85.03419828428999,6.416577834253085,30.38687141380417,1433.7895662499284,10.905883186275638,1
3287,66.6987990603355,5.227485908217527,35.92149715578363,1778.1451858282862,6.323460531205222,0
3288,67.88333018068823,3.464366078438224,31.283595863978704,1436.776743873918,10.219164500876717,0
3289,63.72266093915494,4.049615726759281,26.690324100412862,1306.774695374182,10.594002588529458,0
3290,67.11961126077924,2.140645069865929,31.99502379621926,1849.180726437124,12.160711602547288,1
3291,84.18531345148037,4.867440068710406,38.537744446608805,1604.1552889468014,13.639273143223136,1
3292,45.1219134346492,8.316034589023646,34.58353236294509,1500.8877045219629,11.815451039417399,1
3293,82.76965386088187,6.207400086098488,32.7376326521781,1637.4354950197296,10.880959594774435,0
3294,73.38023481101708,8.285625501782635,33.62795087741161,1554.8430070260335,11.352376543156693,1
3295,57.929783521427844,6.32359563468497,37.19977020714315,1486.1561184116963,9.663986387100865,0
3296,59.24687606950762,6.5412190150290375,35.3781339700883,1234.7130345384007,7.074244326385141,0
3297,86.76393027208204,7.961118031617536,32.83380190558829,1445.8926525677466,10.08299217244572,1
3298,60.54493120057269,5.5658948890133395,35.34321109795042,1624.6510846916945,10.73058065491781,0
3299,58.46649489404041,4.719159017739679,24.591744518679697,1475.445714862638,7.592684748176154,0
3300,81.37314542364729,6.548986274933018,22.488673738298594,1680.4651522260772,12.653243278999883,0
3301,73.38552876285914,7.1807603556828274,30.78549325321915,1576.7310047733579,12.010822030964862,1
3302,60.620744234636014,4.280053035931687,30.34340354825269,1324.3727363829187,7.256477169424262,0
3303,72.16624975404619,3.917646376489956,27.280449732433713,1236.1656084335752,12.73166457757975,0
3304,59.742473163597225,5.208284048646321,34.12926334913855,1468.5643000139664,9.383371261580306,0
3305,81.00821398422605,6.247248300397493,20.68568206774382,1395.1543103790825,8.443016869763303,0
3306,80.61370964873133,6.197136572992342,27.326138719710983,1567.2643619243372,12.158555385493052,0
3307,75.32006198821944,2.863748599718601,27.575222275611925,1356.372468247454,9.897891174479884,0
3308,73.61661061247017,7.867409100594982,21.818491074502703,1376.9215348490245,13.79837064167374,1
3309,87.61188124867374,4.038252605904725,37.47365503634652,1710.6139435189825,8.294223912226498,1
3310,69.99686327388225,4.602402504667131,23.203993656683384,1529.6405937255795,6.53668495205469,0
3311,58.181258745791986,3.6460184600182703,27.058299713461572,1359.4545869145413,9.439123437667718,0
3312,74.49473912832306,9.047493253905632,34.53989878902567,1503.5283617470038,11.578444998120945,1
3313,90.86047049537115,5.363106005431951,33.23022671714366,1775.7822486003365,8.145714028928914,1
3314,59.85240506814148,3.7235373789776527,24.459126517576266,1558.7573376549444,7.339799234400242,0
3315,66.38537233306015,6.295885324943669,33.41244604630318,1618.590161885026,10.457854805405509,0
3316,74.16446038101452,6.15370366896505,31.44892239329111,1349.5530926945114,7.072625579664967,0
3317,69.4609515099426,4.718409464630174,41.66517781055734,1705.28387542692,10.613385399226827,1
3318,60.176964196226855,6.2609100691750745,32.019702080341524,1963.6204520927604,9.318753897543646,1
3319,81.21857856230471,3.7620620587537035,29.29379089465734,1341.7064714974292,10.988932976704746,0
3320,93.2004072201726,4.260622587576122,25.717490214402886,1263.621205125602,7.232342392150796,1
3321,71.96131459023907,1.9846750181509059,26.278783165222144,1535.1084487670296,12.596326302887807,0
3322,60.95931710264,3.014073373670656,25.87115452265921,1675.101009968882,9.63393103001262,0
3323,54.51039474946525,7.711446208506029,36.85549406955961,1481.7220655899478,11.527045335809646,1
3324,72.5797598122118,7.462142941583472,30.089849575082354,1289.3587207914675,11.91975092256978,1
3325,81.03877343316258,5.098682972973444,32.82623561987365,1478.283167643922,7.685110095268088,0
3326,74.75167746495381,7.494397170784756,37.57123799990443,1619.6184545554909,11.764515019216153,1
3327,69.97596159081147,4.759888270087543,18.207679288962673,1418.593634610788,7.149866449711348,0
3328,64.10728348210694,4.634884546148138,36.39436882350188,1621.4510035509843,7.259724514480214,0
3329,59.0783636728191,5.084765972698334,30.27698455891667,1732.942157047982,13.927998471976869,1
3330,78.34751326324883,4.812617607014652,32.17524185820222,1548.0461251540896,12.223706737593249,0
3331,79.13771621385585,4.677205514659729,25.857983891258744,1494.4104457443414,14.147328350867511,1
3332,54.54270213309267,6.715097160724329,26.22437800775741,1665.8687850452563,9.259571938784179,0
3333,85.89838978180684,5.225203480934304,32.44422944906494,1328.7798345125539,10.204857328156017,1
3334,75.74071220894001,6.0687226466507065,41.92298900165735,1309.0580332614154,11.054709493504726,1
3335,83.99594645145794,6.547070787915996,35.01656656407451,1446.685543014203,9.97560886681221,0
3336,56.57872251514885,5.5822786934821,36.3276146070927,1401.6241090371066,8.507727958608191,0
3337,56.34175844584561,3.544593011137642,29.0399936486929,1339.331604941905,8.207830604239902,0
3338,68.51030690232703,2.970701166553942,26.99897887707186,1866.093694999755,10.4277244656579,1
3339,75.02784426895194,5.223170952210958,26.095975242105034,1934.3986418988584,7.86628031667539,1
3340,87.96360822926964,4.743115542762598,27.55863137651656,1429.2589915488836,7.810273015266295,1
3341,77.06078913815132,5.131087143380182,19.736087834147373,1518.343789949673,10.787144022309185,0
3342,67.57318723187967,4.97591894112712,26.375403285541992,1462.431435987242,9.809681297028769,0
3343,59.73630792334108,8.87536049024985,27.198234219700783,1721.4998480236313,11.87441254116337,1
3344,82.3000057271915,3.004660616537993,29.123209128025795,1761.1291123680094,9.150177179834316,0
3345,60.35294574249285,2.015080595268313,30.65875054873646,1144.5472402620708,8.83748810004893,0
3346,86.28468554772321,5.498565250279414,31.812254343128053,1595.2021600131252,10.847106792070942,1
3347,67.1561535039349,4.435366168117707,29.9253731377852,1238.6357317677703,8.375950250892346,0
3348,85.9058207261785,5.474101804594927,27.092784568286216,1851.6544315750557,8.68374454888663,1
3349,76.78931290059279,5.875824533426002,20.183206783672397,1588.0496060420796,8.76309121924117,0
3350,68.63004510557542,6.926157042768346,27.12345695799103,1335.3300923274728,9.580595787408894,0
3351,64.80603628173873,2.7391612694240925,25.137746811564973,1451.7357224124294,13.544873086591805,1
3352,66.59092122653921,4.164923153214255,32.33033374139302,1442.2045483467682,7.246422350085686,0
3353,74.28316692375238,5.6431418883211455,34.54643698346847,1605.022588577163,12.591015164234918,0
3354,70.77156496217717,6.15569539353084,34.6928553352997,1708.3825208354956,11.475573512579833,0
3355,64.06188591931294,8.290174325432579,33.7847636806391,1270.358541605658,13.133957694739985,1
3356,68.34368589682367,6.4335559566708005,29.332371322737558,1867.7509001824228,16.273372096644547,1
3357,70.7857702971915,4.9148171061705845,27.39022217262052,1821.1380215641686,12.86290604157571,1
3358,48.71265905585188,3.6643463705860073,26.26448623166467,1324.9352864817909,11.851333895815722,0
3359,74.58168114788698,4.153565220921471,22.46250541699125,1514.5603588724618,7.375007296749965,0
3360,60.20278775283193,4.11094576556434,34.95926850253929,1842.1617088228631,7.627555476977914,1
3361,58.46667596794255,5.982850442770641,29.12644481035013,1746.5837173354967,10.720380368730444,0
3362,53.1265565288929,5.3854961683787455,23.76829853189563,1432.651393990421,6.603847704160871,0
3363,52.0610750213211,3.0145256437367314,25.867543121448826,1662.8679629135747,11.230878502582438,0
3364,56.44552496887711,4.346147796364351,25.66513271783724,2099.439658343828,5.730156218477977,1
3365,62.9097904236951,6.316321330177131,30.215122425075634,1521.0319963702425,12.304466771129231,0
3366,89.53259137526568,5.527493532461088,35.33733925535343,1373.470349711996,9.356599376132802,1
3367,64.74120324104796,5.852966924019156,28.260052252022085,1534.4839704182798,10.253193890940379,0
3368,71.77750106268032,5.5743825650858945,18.737332426081753,1549.3104190994636,8.503255407159035,0
3369,74.00481386506328,7.439646101913289,29.0540983242054,1395.0926521999804,6.202947179554855,1
3370,71.3106518621585,5.354064595736555,29.219030499514023,1588.3250135628434,12.469390558388524,0
3371,69.22556539274007,4.420965803193953,28.87539884532239,1249.1197880544996,12.671402789909429,0
3372,58.04706236400755,3.626367438299659,26.86269416762149,1366.8932265982642,9.297024469592603,0
3373,84.50927548279212,5.374414187314568,31.087195403629213,1651.6489552309595,11.323859129468016,0
3374,88.07196643637886,1.3389439778373742,30.330705575745007,1149.0258296915497,9.218217159579192,1
3375,53.17341305877314,4.723566497250932,29.875848429366766,1680.6335183989554,10.576979688532493,0
3376,59.7597140911362,4.691240210117984,32.063206807214826,1097.6037268588593,11.51827839784022,0
3377,67.20189657622994,2.9532937195740785,27.850835884260732,1153.735084224737,11.110169849147747,0
3378,60.35462205089809,3.607601242016006,27.567071651496732,1400.204251388823,12.681939226818692,0
3379,75.05965553455866,6.214486295222362,36.900616447927,1557.37276856387,11.037761351410671,0
3380,62.71727797593387,5.346067623612444,32.796777048577184,1765.0527206254778,10.05616923407719,0
3381,91.65056067806603,5.152682500560991,34.134730304714,1511.524552631919,8.477162064245157,1
3382,81.90548594343596,5.459521300898034,36.130522926670345,1450.6892784848021,9.042989239352158,0
3383,72.12574030632214,5.138941381923385,32.629720903124,1615.9162495969608,11.620102793450032,0
3384,80.26986263319732,6.864293844287472,34.641943395680855,1325.820235906413,6.996346962171763,0
3385,81.05900424357309,5.185143772555473,22.103274189648698,1527.8830318692812,12.211614606825593,0
3386,64.36052511941757,2.8126803292718745,31.020769359980136,1260.110748408928,9.437712547970934,0
3387,61.83782755458035,7.445194947311616,29.08640769092836,1516.5181033750825,8.36278819118422,1
3388,70.78143062969647,5.555510400993269,38.38842045449905,1474.0327348301194,7.802551646437065,1
3389,78.61636124497944,4.1161194038073985,34.6382276590165,1339.1464157101166,11.348735571296775,0
3390,71.39060398653417,3.119897422557472,26.8477740460341,1533.0081273075477,9.970717292393363,0
3391,54.23003517809003,5.593871331437068,31.86397079264603,1531.7099306319285,13.17753044645964,1
3392,61.97175556049157,4.824241992538437,30.8384066672462,1735.090802467827,7.473848698948158,0
3393,69.26027136405622,7.361220179048614,32.27165716576114,1178.8733193874425,8.843672753876273,1
3394,69.2433439567417,4.4811390789997585,24.90578765312674,1484.7902184605914,9.815557683745173,0
3395,89.72542176789808,3.7439288154762997,31.800082326191127,1347.9475200593042,8.496286512060133,1
3396,56.14012057601002,6.343694327353893,28.85924325355883,1673.9524116352584,10.012237328283605,0
3397,75.05589241835875,6.387922839075247,31.412248820278002,1650.7824130384265,10.639001532831038,0
3398,84.8911310832829,5.252977051415293,26.378074174389152,1601.5759690137243,10.96896847825948,0
3399,92.71449745422797,6.014535571512362,27.074684143017002,1359.2333483861073,13.012334261768922,1
3400,65.95602576816039,4.943469318886643,35.86921010183352,1677.094116588019,7.39305514243684,0
3401,74.914294527202,5.35079765151387,24.742262208299195,1193.9738142513336,10.675520639870621,0
3402,75.69760357198646,6.747486323845885,25.111227994789758,1152.9378592814458,8.706114360823667,0
3403,71.9548173155329,5.937977501032255,29.74209371392211,1244.8258000196151,10.86002676004717,0
3404,69.01154798760695,4.7460883425010625,26.14054812407023,1493.305037934619,10.862664372706094,0
3405,74.35975389500047,7.028543818889226,25.574856838686006,1635.0328801976589,8.026161233535337,1
3406,44.677539147803145,1.4527169408127314,30.525379856041475,904.7935051980951,8.197695314731824,0
3407,76.82069490062631,8.078109967132903,22.474670715481476,1764.5485663759573,11.02328612693915,1
3408,71.26177903661967,2.441061357663897,24.96018882543181,1526.2224392356868,10.046809021488261,0
3409,67.77525103221734,4.059360762841556,40.27047791461822,1186.445530482045,9.560756318536791,1
3410,90.46862195719558,4.9386236972073965,32.29737529484505,1520.1893940579162,11.315973659549947,1
3411,63.250659812094476,4.780278993907758,26.267183238650446,1718.505082935684,11.463436951724264,0
3412,65.9692401093497,6.509616560039833,32.09107539133099,1619.8882030612517,8.940739774596594,0
3413,89.91553302204734,3.4132450720846483,32.836652384933146,1719.8146125107933,8.295893724715,1
3414,61.679386951501435,5.391150226224595,34.97207210045119,1226.7506741205777,7.476162046324716,0
3415,64.4988471706346,4.132681852670369,29.36421985271635,1417.1989529723191,10.06690824040297,0
3416,68.5297457656915,5.442711469006125,34.882488513864445,1315.0615538952936,7.1536794457028705,0
3417,78.4073448212955,4.902841610303185,19.807767375589137,1843.5160410088636,10.198856916458068,1
3418,72.07802507353314,5.139403479024467,24.718459347621234,1627.872568697326,12.43367358284888,0
3419,57.07374652847737,4.175112751303482,30.819357008682278,2069.401917791528,9.293080459427431,1
3420,64.67831436872811,4.234904074855876,31.648167664038958,1406.4780933165546,8.927591438919674,0
3421,63.92645566787789,5.430908771041141,25.44108856165679,1355.0651576635391,13.99568954725429,1
3422,69.22778954776955,6.415573258634066,31.297099956315797,1471.4346722809698,13.019403638375291,1
3423,74.25843658629829,4.102580998703228,26.8807987565637,1775.6714442845098,8.47080425888917,0
3424,74.18205755887972,3.6968486831406353,28.615204528864172,1426.7760621249306,10.27802636211795,0
3425,52.23988245951598,5.9201902485077555,35.123869003325055,1524.887519581389,10.657356484696166,0
3426,80.63940987560856,4.951244160413466,34.544687484442996,1519.338140577364,10.407320845452356,0
3427,72.52568845996623,6.245747200978927,25.014698363183687,1507.8993522404378,13.629346895425575,1
3428,83.84532047593906,3.641304179943279,24.713742689899483,1369.5203079075045,10.174459784838842,0
3429,74.44198327290673,2.330841611864854,27.94413302223342,1472.5417864179267,10.474469751262033,0
3430,81.01322957735762,4.200493877260499,29.866268494135376,1463.9794797297284,11.377324590292831,0
3431,74.66545311450128,3.850471086102476,26.710507557126295,1498.4870680650702,12.379839432095334,0
3432,83.46225756202747,4.88181739987955,35.20321221399834,1688.7033636305416,11.873798388608211,0
3433,75.22250636017779,4.0447321785944155,31.736949208542775,1852.1256069248984,11.076169572623279,1
3434,69.02084753557097,6.111525427004674,32.03042554937215,1331.9130474660587,6.882600389212183,0
3435,92.72434720446881,4.567774606366226,23.667305855275142,1421.601275042457,9.023724551883149,1
3436,78.89037122279892,5.225711748160851,35.8364535869189,1334.9976203187628,11.638842414410542,0
3437,75.73744421004413,5.2364518376614155,15.899155888796546,1537.4203074444545,10.500797394558612,0
3438,57.23695583461664,5.292432638618281,34.170277259246845,1392.3301084978045,11.652257267645904,0
3439,57.11692382536462,4.96380633431754,34.671558688353855,1547.9593667483978,13.774332123342496,1
3440,72.92715482141854,5.76590103561547,27.837994063610193,1720.7253820889573,7.646073589881351,0
3441,71.45521197768241,3.8065172992612886,36.36455108623712,994.8336628390783,12.275820349609168,0
3442,63.858774349916835,7.099126889980825,29.68451223522827,1598.3559779201382,9.339273075012738,1
3443,71.4098269961206,4.645193924947197,30.312158516637215,1407.9625902204243,11.870699638549464,0
3444,85.88626928043595,3.0326762931519777,31.69764393702108,1592.084453596878,9.917558513263765,1
3445,76.95402474550299,5.282110035487659,45.93287455905528,1320.7061124499598,14.254009077785991,1
3446,58.589914902472614,3.723229276328772,36.722169540415024,1739.252197661375,10.260173872523476,0
3447,68.88491172857056,5.998001801763312,33.50565600356459,1682.6561236080568,8.718971551288039,0
3448,61.950335191474394,8.314408364063567,25.435977566994026,1613.6704297085287,10.839749245583535,1
3449,66.12300083591438,3.820141862663225,30.71794912739746,1658.6451435620197,10.64788556143654,0
3450,65.86384334370358,5.498558499835977,25.93437953076807,1350.8759065655654,12.276194188220895,0
3451,65.22354417395995,2.3667416169430586,34.11055423641407,1376.0752490621421,10.896105597209852,0
3452,57.44864628026605,5.680857844162021,30.702334878674282,1650.487240163496,14.950129278338606,1
3453,68.7234531848181,3.671429300300465,24.377391601930523,1346.4541714462775,9.777191729195456,0
3454,64.3939236315269,4.062748072348277,30.405622917092515,1789.1270093316175,9.800760100439053,0
3455,40.705513099977324,3.348070265240258,25.752912651418473,1435.2817857437938,8.792227899893891,0
3456,90.52972024501663,6.098226839082104,30.756081106687734,1600.3788779721244,10.171336676708354,1
3457,80.88769654216672,6.510956536209894,25.704613418173718,1919.849903851018,10.462118242165909,1
3458,66.23699275075003,5.035077821987762,30.137438166804063,1358.7553291863846,10.562421059911756,0
3459,70.18819049740598,3.7033599419964203,33.75234930967547,1513.7523501689566,10.134375350987998,0
3460,58.28345652682438,7.384284554155793,29.73474004037447,1710.8366329274616,8.780357566545403,1
3461,86.95722877810866,3.8743848083680157,28.045558664138056,1690.2554777753062,8.23666974383529,1
3462,88.97288694773111,1.756951550108842,31.016381105287312,1434.4369379521283,9.249652550328888,1
3463,71.56693728246525,5.687583514935603,33.485913103964265,1396.6539124956291,12.283075320470227,0
3464,80.23530644185345,3.342837989537725,24.4640836505912,1453.3728134909898,12.713599370982958,0
3465,71.75286778933923,6.4829131902487624,31.303280773526012,1789.571553230273,9.84607092711913,0
3466,56.63274561124069,4.428293454989872,36.587704095087,1444.1788287280108,8.11683406706515,0
3467,65.88176631036343,5.9055698608162945,32.86828481638358,1515.623138496693,9.837652779366417,0
3468,71.31927966771957,7.102250519828237,30.28877073333614,1414.642705815315,14.183330870540159,1
3469,65.45452281256556,3.186711703068917,33.19868753349447,1641.1097129591974,11.997935670633241,0
3470,67.81346722564965,4.151094303661392,32.26248228051341,1531.1050075167313,11.101485383065095,0
3471,69.08600442490885,4.886493391014405,33.76800554579907,1299.3132378483542,11.925369834105139,0
3472,69.19121502134539,7.306326978551516,19.880341945085277,1306.2351771930012,13.081133222682626,1
3473,70.52258490497483,4.0124259230893315,22.232719331683676,1100.2788866888986,7.69426759690576,0
3474,59.39394933603399,4.1082444560764895,35.024145747416185,1333.7357181748769,9.215920262605755,0
3475,62.82983850872064,5.717210863333713,22.473604119192796,1658.7891607264344,8.942556734326368,0
3476,57.15415734300031,4.134156911434143,32.00769317859603,1764.7521076024536,11.174228794141968,0
3477,79.778155496862,5.228788824346425,28.23975171983854,1637.1116726434368,10.320221781279194,0
3478,48.943530581596754,2.67269386854781,25.019053772020015,1610.9264401281362,11.512622581378816,0
3479,81.53590343316925,8.321494913834895,31.748248785737367,1474.69479009427,8.986225300265554,1
3480,83.86349397262843,2.978436154535895,31.00516751858285,1654.9829109827974,12.743904101358313,0
3481,66.97819413017379,4.517370944014687,40.55171326048189,1557.255644616377,9.861332583701396,1
3482,43.96862912172701,4.951278446236858,26.875943977320553,1860.8897943974248,11.389091103916366,1
3483,66.38689438032709,7.869032201535194,37.20055060034587,1480.3109371646503,12.39081299784588,1
3484,69.35815838711181,3.01273132860089,31.762114571921572,1768.6016167472262,12.230248630989937,0
3485,59.89401780071087,7.975556203218127,26.694890592286438,1674.822816363572,10.721656816803593,1
3486,64.84781606191757,6.135765231653034,33.996232287586224,1647.0886572408317,11.63869381276509,0
3487,85.30195198863352,5.625642986634869,32.828692522269755,1097.701734907636,13.483321327944573,1
3488,76.64927162301741,3.523049469473067,30.179216474290246,1685.8379123095422,11.027202467949392,0
3489,60.754358856219,5.856711863057111,31.33147678220312,1474.4984042181693,8.54070719587684,0
3490,54.02400830404568,3.9147700663703002,27.01506484477234,1411.2147011130216,11.16610146192777,0
3491,66.72982682390229,6.899991879797618,25.871064373727464,1203.4173917644173,9.92543756396082,0
3492,67.86543220649561,3.5434069563384005,33.79721086911292,1498.8825732063633,5.303997731191312,0
3493,74.96199187363317,4.830262258315874,28.88030287843363,1506.7103193636485,10.923996047406185,0
3494,64.64683287432341,4.167090367980243,29.599585008754538,1239.399615637039,10.233301300031215,0
3495,75.11499575361862,3.518715556359508,31.399107979721386,1205.3439654212616,12.312835542994877,0
3496,89.35154040060229,6.111979725361872,31.32644172391904,1597.3238960256222,8.499812685023388,1
3497,78.15501022444262,5.8031881211144505,22.853367645129676,1674.3410262122754,6.988580675241385,0
3498,69.51911492669227,6.813515298351495,36.43126043227429,1538.0565819844844,10.337361718821018,0
3499,68.16849528946705,2.330187337687749,30.60591075950339,1730.1669299368725,10.760354775210892,0
3500,66.43326865820129,6.596256053511565,28.986733685889252,1482.7230031297004,10.187665890771138,0
3501,81.80640912452145,8.758173358035341,32.15423002584873,1489.1297451199596,10.041417367370807,1
3502,63.72686554048697,4.322538366234579,31.182710968074314,1316.594394251842,7.8625460915873475,0
3503,70.45222708999982,7.842722918163455,33.83531344744851,1187.9516044892566,9.722165726050154,1
3504,70.51197901881085,4.60525809191026,32.6899183607547,1870.9324267719169,9.30318834099117,1
3505,64.98215807188468,2.94138539365804,33.58923114498133,1726.2598100499492,12.14541748153488,0
3506,56.27534452115899,4.541551336389807,36.75496952863758,1221.4974865723043,10.758650728061228,0
3507,73.22974503617668,6.572305951512914,34.41812274485486,1531.150381566256,9.44400575650961,0
3508,69.38996028144616,3.742735276502703,29.197568898357186,1479.9907377792667,13.447769752845531,1
3509,75.0024046943657,4.09949201149027,24.385494219615836,1445.2015053673913,9.46218464756998,0
3510,64.66399693560834,5.890309148439786,38.338989665022574,1418.1964304370122,11.115573447772327,1
3511,82.20821298813048,5.004590175107859,28.811383133264435,1576.2538293935959,9.666157332821435,0
3512,61.23226218788155,5.876934428730111,27.634462933197387,1663.6351050942949,13.262305030056009,1
3513,87.12040284017893,5.356744311137504,21.316365911177805,1580.4782338056411,10.173719551627222,1
3514,52.52363490171739,5.71943797932736,31.692365526560557,1475.8963251241612,10.232828455781346,0
3515,74.3477006455689,4.351548221285689,30.744433019768852,1468.554656621776,9.720259282454572,0
3516,74.75430682526624,5.347596413045589,22.424425318752597,1687.3628633845333,10.393023852002429,0
3517,62.04442932059118,3.6089404914560994,32.266370210665876,1592.6889876232124,12.39907567729582,0
3518,74.24393937861012,6.932650433755082,27.509040396492804,1514.5378926070866,11.691687689369376,0
3519,82.7951866976016,4.048587924774029,43.45157503644347,1492.8197404799785,10.056152362232343,1
3520,47.831811606459354,6.6932712313240845,27.15319403954566,1569.0541019224577,13.402650212913308,1
3521,75.02744807490815,4.649589558525702,27.824033339011034,1406.3302622881101,11.745971282685138,0
3522,45.06729179669922,5.302998516135982,25.62611887872816,1664.307763461642,9.123637761605302,0
3523,60.34335196476792,4.257553173663949,36.38938260520986,1284.8282876324267,7.239303292532124,0
3524,86.29166364900945,3.4760068532479567,28.136121027676236,1417.7086980467036,9.169972396406859,1
3525,64.18217966607946,2.382859418592048,26.375429231172518,1622.2212190892049,10.826697557100506,0
3526,58.261200355910276,3.417013762111311,33.534775049602715,1273.4234373291454,11.194400741262854,0
3527,68.02062271015318,4.514136720176118,23.098235322934073,1185.3982914701,12.718275366604038,0
3528,90.67906338163553,5.317818768243326,33.12555273124474,1512.615535085848,7.810908049762,1
3529,51.68317752793974,6.515568969924895,38.90699858300429,1160.708369110706,9.12168933210638,1
3530,59.48690088360655,4.331363810304727,32.833039164175446,1240.2392891896277,7.644714660250974,0
3531,84.97431683179626,3.677058853599239,33.18949158129963,1651.3188237012864,7.322401576841109,0
3532,88.57702343537733,2.835927820995931,34.35030108453742,1459.0429484788528,8.744362508093364,1
3533,68.96568775709716,5.720095426856156,38.54854014337759,1757.097389941797,10.733224488588043,1
3534,57.60947297473358,7.074791772994015,36.04946980009552,1259.037131812509,11.542788869780633,1
3535,90.95843501809159,6.899495401934433,32.19834861136512,1481.2095268735432,8.103291786756651,1
3536,85.94442391749197,6.064899122220856,34.51945700318001,1579.9169106415518,8.38144816122552,1
3537,76.78946987762232,5.957814975901399,25.570325372674446,1265.8970139742182,6.440353649353132,0
3538,61.8759765106258,7.546435669564012,33.88146795373661,1706.3523808999248,10.428704416553991,1
3539,69.50970659161963,5.498122192125216,24.972220144081263,1602.1357766332078,8.535722196058524,0
3540,68.39639918955169,5.969194514036257,28.164887906841866,1178.1425826625132,13.326062756423696,1
3541,73.30851304615578,4.518824207222002,14.587189124283812,1492.4516407582798,10.819617599299189,0
3542,84.51001438131337,2.956934943717864,32.00714829683731,1577.1913472517265,9.657108513086449,0
3543,78.79417041137403,3.9742266492506357,26.780639944458237,1381.9886652943885,8.717775144911094,0
3544,59.226239230152416,4.986261442198017,35.55572607602231,1204.0270188982372,7.0106595596115415,0
3545,83.76496450019538,5.091178058751955,31.950963053027014,1555.691757889482,7.264256446109139,0
3546,73.13132140013155,7.8894287822830895,35.62047947350813,1942.2485900565123,8.75571809085573,1
3547,76.87065795858916,5.121915751386603,24.58201727663731,1422.603180168462,8.60219423595139,0
3548,84.66540859278604,6.768265166038466,35.191930185798164,1813.8482362569416,8.001656314308011,1
3549,58.88419750486449,4.347384137635526,40.52928172181663,1349.5422356477063,10.754189454884688,1
3550,69.64174421293536,4.532486171352149,33.82079149965947,1543.1091270019904,11.028531184829719,0
3551,64.68545448640785,3.0064885441648275,33.95174504346144,1654.3045061752239,9.082735205396544,0
3552,54.32140574634544,3.8865079806851424,30.847988381974673,1498.317266805727,13.870304536530634,1
3553,73.4670997760492,5.79047208704563,27.37665609717318,1440.4528702237537,6.506541266967815,0
3554,95.11556551584424,5.0113402705912,33.80596186350754,1645.2255042700747,10.116327797944527,1
3555,51.59922255494247,6.414407929845851,22.469585447989658,1878.2910230538441,9.562839591824149,1
3556,69.67719388950529,5.271880922517576,27.911224375395918,1560.1173849278262,8.898598236065487,0
3557,76.40542935074774,4.471319402543387,21.14471598831409,1396.7879646939305,8.60467430797388,0
3558,71.23078201656182,8.222445295680439,26.481718113424584,1462.0496885480634,9.986080234175283,1
3559,68.86871947484259,4.859144646930429,33.21022545946781,2003.9415291290748,9.548944345356542,1
3560,57.007836365541756,6.744501454557956,32.52696688110232,1526.9814232676256,9.21624694577488,0
3561,72.32786742940164,4.398186190182983,30.254568477677363,1381.1172602844053,7.402560730021251,0
3562,62.43236022984074,6.06439921907535,30.852004970310052,1270.986416703492,6.763776364379002,0
3563,48.100782950214466,6.3920234887275305,20.570676910678955,1134.819781177479,9.42296704960887,0
3564,81.94592220513731,5.312737955863371,28.137188597145425,1572.716854769238,9.19580779100694,0
3565,79.58385819842043,1.468275615955097,26.59324196782395,1630.9283985649008,9.605926279446345,0
3566,70.5166097685108,5.027378691284169,26.704701547427295,1420.6607640069587,9.782756404220983,0
3567,72.29074688205702,6.845690071639963,32.997893139068765,1497.0059163938092,8.954995316234363,0
3568,80.74318012715561,5.791221249541596,25.697463367473446,1265.9076581422753,9.57518515236359,0
3569,72.24339656778082,5.66875831284387,26.976595749362946,1526.5856929655001,8.29294338379301,0
3570,79.04017554761315,2.4166145990637213,19.56465377145242,1596.299064113425,13.047891618326567,1
3571,67.0251779912615,3.919317393987412,28.529384098119152,1392.9671465664724,8.400519703700063,0
3572,83.11983738573946,5.617036446727159,24.560812261431902,1838.090533917168,9.258038581069318,1
3573,73.20785725932684,5.615574915180338,30.39601464344822,1332.5787346506177,8.552422421772238,0
3574,71.94051943605874,6.822000170199354,25.244459766287676,1556.6953208037964,8.518836919590195,0
3575,57.29938911287968,4.782699867280859,30.522711227746083,1669.663443940921,10.049283133275893,0
3576,72.86955854301709,5.608736130010722,29.276571196288284,1484.5420999701234,9.795531580233975,0
3577,61.68045082505549,5.02456136289694,38.360208865211604,1462.3046362211016,9.08107921924958,1
3578,63.617172734715055,3.5195858952476646,32.48608990226597,1214.2267699100676,9.433048016891377,0
3579,61.846243716838785,1.6163130033578788,20.801810637188485,1771.4682991432567,8.560372898013458,0
3580,59.33765068100775,5.646514538195115,23.67555577948646,1466.0213596664807,10.803451275452321,0
3581,91.24771403016962,5.260920812619217,30.276040044961665,1607.473084986965,14.110385485181428,1
3582,83.31339061988403,4.072737436849747,25.350760258036747,1634.5440975720282,8.250317445533563,0
3583,89.20367502144262,2.5712404152262027,15.15815784882074,1374.3403015964493,10.787926447469209,1
3584,57.77104980444436,5.944609271613107,36.747731569168714,1460.494279141757,10.089897914041421,0
3585,70.71253749910892,4.6011198887066715,33.60112008452704,1766.8964701487007,11.33725951626518,0
3586,57.06492374795904,5.8353120835522185,32.60488436745886,1276.560466851911,11.393585920992143,0
3587,63.04305122802936,7.796072795617638,26.963384772645426,1925.5836149514512,10.410825394437321,1
3588,60.81873016583425,1.7878536795204427,32.138383855049646,1351.0254429447452,9.920358847769801,0
3589,82.39584006441561,3.950598786946454,26.47819837889559,1264.0965086718977,9.131099600703108,0
3590,66.0377032189824,4.68593658003213,31.024286501088454,1526.4618041377068,8.47007929378273,0
3591,80.68379333694017,7.182239261219976,25.397083870817614,1941.669652867974,9.80630867809643,1
3592,76.04120889588518,2.5453954711902727,37.58144225278007,1117.806812881559,7.430822337164639,0
3593,93.03638752104789,7.903791538520907,22.148816729590777,1471.7968563020615,8.812288019765063,1
3594,55.20555776860276,5.203783852349436,36.161419147554156,1595.253003451311,12.213707248945138,0
3595,82.59233239786799,4.8559990073992125,30.194579140086653,1506.7299917071064,10.197024442159382,0
3596,81.46440870400727,4.702910355171641,27.552665023290047,1576.384334000602,11.785328837871099,0
3597,60.26621161972965,4.3456054517299565,30.83501460847869,1356.3933835655453,12.939287773316849,0
3598,80.0713333647316,6.572175138903733,33.6667400358909,1380.0556308137238,9.645941088170366,0
3599,73.36144963026229,3.3972188688763416,36.83373368347198,1470.31547056816,10.414651668387283,0
3600,67.72523740046593,5.51812127246578,31.56571511566766,1274.0223824194497,9.396308211694489,0
3601,61.760645130280004,4.4237275014395365,25.546519573688613,1491.062719711962,8.374788479048787,0
3602,62.80890548550814,3.856799827228853,30.278150618828942,1422.2509412656998,8.09406348133519,0
3603,90.49812095785926,8.878962763525845,39.083966183311865,1405.9909629690262,11.686300745192982,1
3604,70.00682818957483,5.62857610213019,36.73839042756312,1564.1012825197276,10.417254560971296,0
3605,77.82130001531459,5.919898316991715,34.5438173906218,1135.8681013601392,13.693206144162106,1
3606,62.09100618332447,6.706665171002993,33.97843510061193,1454.1819793233692,11.944104025847782,0
3607,62.201470537783614,2.867975082022179,33.497250453032706,1963.4707531229722,8.537574020927265,1
3608,80.81984809249943,7.628437863683048,35.79377417254935,1282.778062734875,11.680684360453542,1
3609,56.50423788448468,1.2365642322573862,27.716856071390474,1757.1000992968827,9.389848921795489,0
3610,65.84786232094729,3.8468503849422193,23.224569671124968,1510.9312241825398,12.433719418258002,0
3611,70.34027411072232,4.311452490231649,30.345017503685305,1379.4084382237163,9.027332245513959,0
3612,71.11372601840053,5.872585047455759,25.912092066111544,1235.8716680940388,7.895148079514655,0
3613,68.20906714983843,5.328077399212232,24.72489622311408,1527.9363930570464,8.408489845877181,0
3614,73.95819781095923,4.74977788895241,26.39860711706034,1790.6794211629353,8.510670195170173,0
3615,76.92855755817811,4.982003983058414,42.42656962266843,1422.1577709606472,8.319496470762672,1
3616,77.3463754545933,3.5329654647161477,30.68062317037922,1483.8077150526453,8.854783448789787,0
3617,60.14196191332174,2.7541514082737404,31.80953918180494,1702.0741700380663,11.713383740650475,0
3618,67.15844902071203,6.0897674335040906,23.88818596497873,1568.1741582692562,13.592088416532368,1
3619,81.94762861876937,6.040559168804278,20.78123520603685,1185.5448440550842,7.3396209688929925,0
3620,78.94647187573872,7.376741562735588,25.90473678440597,1519.7774431710368,12.527026085666298,1
3621,56.27140548518936,3.814974354777188,37.19097792604374,1802.4469821331197,9.044592568051142,1
3622,73.51479900352201,6.039222815451383,31.671377330382604,1492.6117627065003,10.695765062404467,0
3623,50.2177475062519,4.574439907452902,32.99297545722196,951.7021141045246,6.691707938853405,0
3624,70.4693490206037,6.785712477790224,33.692830196010306,1577.6429983182145,11.048070034689712,0
3625,88.97767016745976,6.532944165017213,27.04325310100861,1460.3087120911928,5.989375206367875,1
3626,60.521072827310135,5.316814098836685,36.939827919866836,1134.1811172157566,10.627870144620331,0
3627,61.65676954508418,4.49070476500102,26.83596200388909,1164.158381989243,10.514512094058674,0
3628,77.6402978157286,6.441398267912392,37.031161796312766,1695.0214286577618,10.382015268590935,0
3629,54.571984847903536,5.9703567848848484,32.211510780676704,1353.523450880984,8.530179698734141,0
3630,63.67244970114961,3.973339396870726,21.054774228768387,1318.5007238528017,11.099053348859288,0
3631,75.96441137581752,3.0083019897808536,26.259952566997324,1492.8722878136662,10.782163018833435,0
3632,63.65714152310597,4.567200648977305,21.07530733563948,1371.1594003360124,9.580094432717761,0
3633,67.64030012789028,7.273120723022314,35.81641066397104,1520.009725555549,11.343700614350388,1
3634,77.44185710315034,6.719730738099558,29.876322895987993,1459.4559941126658,9.80879170686899,0
3635,74.21546083536562,3.3315087954941287,18.858287800251098,1260.0008839812713,11.057554317817523,0
3636,72.66818396295402,3.248363876150118,31.87873440859829,1397.760440287723,9.74824134521182,0
3637,66.60877720729961,6.912025774519229,27.314178688058398,1588.5506642618209,10.433403982219081,0
3638,73.70061115268956,3.2965461428632565,22.580970724833385,1508.3836080477251,11.149445882150523,0
3639,68.76267319900244,5.763942985463012,38.389829184843485,1483.6115035216337,9.20417485276393,1
3640,74.57805609925785,4.075893176995514,30.536429330482893,1887.4768482358768,7.532326827491609,1
3641,65.03067974882022,7.425567386782523,28.532842988433437,1646.207505077107,10.55215801109631,1
3642,68.17431025620459,3.8443628012931814,28.002876095069915,1670.4882529642684,12.37878275722586,0
3643,60.10042207447986,6.715042295308742,22.43360265421114,1466.806318441015,10.598301945914892,0
3644,69.64992389993765,5.277287981090547,23.47725550207945,1544.029038070255,10.636284629392746,0
3645,61.88999136371155,5.37829228135143,36.42458392437542,1413.7800020948614,9.91564778700672,0
3646,58.85953549838007,2.0445371279728985,27.630585651071407,1655.5099531048256,11.478237305546402,0
3647,72.58661147855388,1.6956299701914221,30.110338504684318,1477.9200191801913,9.628129167724126,0
3648,72.1273977585766,4.669151089599029,19.778347618994626,1544.4755497861113,9.092202437746277,0
3649,77.82873734948572,5.370359095124917,23.40953982102247,1532.1222604310337,12.21059650574973,0
3650,65.68874430424901,3.3122032583934153,33.04906259937376,1496.366623718909,8.938923363414636,0
3651,74.08052846836756,3.3669598842854866,31.888558800569168,2087.637613431154,11.778941892903498,1
3652,75.50797572273663,5.842208944739199,38.76687599362158,1366.6761445010554,12.211870923915418,1
3653,74.44773807831595,5.844281720685696,36.714781658156134,1364.8576939682616,11.133633864124121,0
3654,61.743463171978576,4.793388409418109,28.846445137575884,1638.8193493623514,7.501528960854735,0
3655,71.49363482271188,6.170302581779112,32.36476782356635,1380.9662001849642,10.054309818444995,0
3656,73.64140296054661,3.23869655641978,28.41698278548463,1441.7187277302214,9.596000005882765,0
3657,70.07178466907942,4.466097624369544,40.27404909319324,1282.7178093288765,9.008001489329374,1
3658,49.13522341628915,7.47181640867551,35.745073480262,1598.3115838805174,10.285503174692854,1
3659,71.6048962397348,5.102483194909726,30.848425454288755,1600.8514488968303,11.538412694995095,0
3660,92.12531039397243,5.189468771880499,31.00197392438176,1436.961588015311,9.082894679737603,1
3661,66.39960731243018,8.45891987895161,37.22425143629904,1642.9633376960146,9.65723465145265,1
3662,62.719229021446786,2.900986751226844,32.89788923556924,1128.3749972532817,9.517882132336025,0
3663,73.73348559711398,6.194645549963166,37.79314008535043,1358.6293196971312,12.327742091088624,0
3664,73.12378210466572,7.49597941971215,19.031760368705633,1466.004162757814,9.485798764378828,1
3665,81.92735165416414,4.5127131102521805,32.30614130749399,1265.5435006194093,7.5311886844765095,0
3666,57.42131844091112,6.289446180282269,27.422825676593074,1150.2573925162555,6.853130322018972,0
3667,77.31380252574992,3.526970754183643,38.78188993813996,1438.4208069923106,10.72545913313194,1
3668,75.90422061251464,3.9699014066489724,37.73199343594915,1638.8040174121484,8.478636520228196,0
3669,68.57853463059453,5.577449624071452,30.164179045506533,1756.4216782853025,11.337449010544956,0
3670,73.3868731792169,6.197850009665885,37.678154894055155,1390.5424233589254,7.337560022985738,0
3671,80.29457481598357,6.681404768609369,38.91557259996253,1646.6431675243186,8.922175666778784,1
3672,78.7231538002845,7.354442880409239,30.372033359630738,1627.3084076151335,7.338862300959704,1
3673,58.569806879262714,4.8988301621672266,42.35966886215929,1743.7216348668994,10.869221431097847,1
3674,78.20158186755485,6.790417632758881,29.84329423665139,1429.9617939291998,11.2976950812493,0
3675,69.35311394967482,4.486542734826276,28.927395248320455,1140.2999009630653,10.6772503152732,0
3676,70.72874098015515,6.353136967382402,34.32936294292172,1514.0371704845488,7.828127359192314,0
3677,70.73196991001694,5.311233196778272,28.23104634428843,1297.2412518060553,8.508472511778669,0
3678,68.4975701120174,5.668516860622886,30.42669887897447,1355.2989781875985,10.468627977223107,0
3679,81.91707497107065,5.635261811033056,37.04717212025455,1439.7561711893636,6.624517183751272,0
3680,69.16282040150789,2.592942485303282,30.096094261086353,1432.2144737301714,9.517730111224195,0
3681,58.80453871616831,3.31381721170884,21.524911035123463,1528.311853379159,13.033810706671762,1
3682,66.06470144030271,5.153812159726284,31.836596939245982,1640.6312632839235,9.64008890163925,0
3683,71.78694716810476,2.469081380538247,26.518532104738025,1426.4528833448067,7.022910721936097,0
3684,82.29214784297051,6.246816654799634,34.32635578647273,1579.1395013216008,8.78518150464773,0
3685,76.03094684948833,6.307333949432213,33.48094857913123,1502.963201986101,8.73861534864485,0
3686,61.49464721252956,5.490755829316686,37.35700174083261,1687.098879175689,14.280617559673122,1
3687,94.85189916678891,3.318298980863117,34.537661503963484,1462.2816297787367,13.331358161027792,1
3688,72.6477531097798,7.070208408302772,35.451221418290324,1484.214664845089,11.461870868203157,1
3689,82.75390737999015,8.055815959577536,26.654516199311434,1425.1199104002187,9.313848138517203,1
3690,68.48285566422771,5.220615241168961,34.019932479452514,1467.5502920083009,12.401259321959445,0
3691,75.3335924470545,5.765803067676854,39.84225644680145,1343.3023743308252,7.733080721899083,1
3692,78.39468504518405,5.302607982194066,26.556750456816165,1323.4805427712972,12.153150630488518,0
3693,82.18194711754256,5.795553783498199,38.99869145863549,1655.153077056545,11.855947074840088,1
3694,80.57368305378225,4.820661865060406,27.25324954399335,1283.3596633630798,9.697308530701438,0
3695,78.72197000072978,4.948153640234295,25.74014377475013,1436.1763820604194,12.278372626701543,0
3696,66.84913268805892,6.358576400746048,31.48100221677419,1703.0685572541993,9.1055577410723,0
3697,64.28253958043939,8.518436242844661,33.57955208064405,1429.4598409992786,7.469828803803533,1
3698,73.32607510324198,2.8998931483973918,34.55875061986133,1665.748090737115,11.955930025999843,0
3699,79.33128072341069,4.844281273395549,25.19118789613399,1381.7908558546317,9.82951414172108,0
3700,67.77279299223393,3.229309272151877,32.17270048627145,1289.7672787299612,11.203561206597335,0
3701,80.65171965714387,7.388037347864126,26.572227142582474,1181.0348290198358,13.641773183118811,1
3702,84.52616745486179,4.118393046020152,22.555388719647116,1762.5448138545323,8.555491855207407,0
3703,60.83679080926581,2.8351988093213087,25.356318422336077,1272.6257636731168,9.713240990320049,0
3704,61.630792962037205,5.95728049827286,26.24549817022091,1649.4373180250186,13.139269009155427,1
3705,68.59624941094664,7.616466672114667,32.607975801762535,1300.0105946413235,11.337463461710566,1
3706,73.07612668189196,5.995396802841144,35.761068315343344,1763.4767835879643,8.600434511590807,0
3707,64.75432986232948,5.307196815922876,22.633966850623665,1941.35654492302,8.089964592921042,1
3708,83.52202678867144,5.613711384163991,31.75980537104028,1162.6939880619327,8.943838719793309,0
3709,74.24066861518452,7.122260994238332,24.11650907114547,1283.0487131682373,8.523170590394244,1
3710,70.3944704824074,3.688701094978775,33.14542704507,1654.626372760645,10.474696238979062,0
3711,55.64090476131472,4.83222934387053,26.88634709498126,1602.608584673163,10.1568690143952,0
3712,56.84184183572493,4.3209647772357,24.743354909883607,1655.3843709520384,10.558475508550703,0
3713,72.81009250281807,3.2482020390624347,33.99832257673788,1385.2488899191248,8.318374396880435,0
3714,48.67404373845164,4.507437110874797,27.065386972774526,1897.5068322046736,9.85833218494949,1
3715,80.12637409644071,6.661581643973673,28.42018024323651,1523.6098933379549,5.888600452087567,0
3716,68.4184615562768,5.849903222589088,18.900054562218116,1256.607484631296,10.290012634722732,0
3717,102.43092969594733,5.966465750162301,34.73275680711737,1449.370299991411,12.35088128991173,1
3718,93.07916250616111,5.219713417479977,34.10454260584554,1259.2866207542334,7.150508181307639,1
3719,68.18550930752484,5.784985674092883,30.02728922140657,1818.188271710821,10.966856461294922,1
3720,68.93662997468685,3.799114486477842,22.362095293221206,1367.9337474399767,8.777971296478874,0
3721,79.95581514002029,4.535735171109156,36.04684589167381,1598.4966969489244,11.605002307386739,0
3722,87.03172609918037,5.288006355453015,26.668683068196046,1405.865371003564,10.317294902424557,1
3723,53.61970942563983,5.416273788322835,27.73323274949706,1376.9225380474973,10.809408225320881,0
3724,52.13624534645314,5.48028178238281,41.560220281797655,1117.94916374379,10.12964779751088,1
3725,63.779651944456184,4.792497076975433,26.481817779453852,1619.6349205981135,12.656663612768705,0
3726,75.82737583173865,4.433864898304505,33.7110498121325,1759.8362505258367,10.694820955390204,0
3727,74.96873590507597,9.736656924566446,32.81046131041309,1316.8064837269696,8.589152571995097,1
3728,80.69771454983851,6.360180909398598,31.950860964400427,1190.9541770002656,10.197430104642008,0
3729,58.003024716346914,5.619721213928933,31.410002712772556,1660.6632085475658,9.262237914067901,0
3730,46.83856137031123,4.650187252690409,31.881942809445995,1170.7517301787498,10.324799813039178,0
3731,78.58014195302145,4.323171759584185,31.3597029547027,1743.9065871896519,9.160460575266374,0
3732,61.71803727034765,4.8037991094095664,29.740408206119696,1319.120975409076,8.64637852890737,0
3733,49.81512135611362,5.439243265380025,37.55641562055371,1279.3414514350748,10.398544425496892,0
3734,71.45063745959382,2.179346683905378,23.436697196003607,1549.6924842262583,10.111579257233107,0
3735,77.93175688218678,2.6459156069379746,35.10729052007688,1292.3721429977124,12.127911690091695,0
3736,68.77942867878723,4.044676416591564,34.11171149343776,1358.5777837413582,9.170088241734375,0
3737,65.42151613817511,5.310709155167853,33.49199560664701,1570.7963865342012,6.038292305009385,0
3738,68.40637767854093,4.641090279272223,35.584897138200645,1014.1775325666708,9.272258403073375,0
3739,66.29417237599218,7.217181839149227,29.537003023658034,1828.4838491856644,6.7471384821668465,1
3740,56.51952888059833,2.7764048195063467,20.655129620865615,1508.7280264931476,10.831343948193153,0
3741,62.853193230095684,3.8729817955949444,29.638536701427572,1241.4067975192943,6.652204143302425,0
3742,75.21279905013814,7.280137611486651,25.044028911877227,1296.5509261426316,8.023257875171797,1
3743,73.216785413765,5.19667898701272,26.34070395070968,1698.3292756521605,9.275331083450274,0
3744,71.6805980596682,6.327263874201738,23.78790163083794,1620.2105870148207,13.08790120952229,1
3745,60.04851518146621,8.076870414904196,27.61327570778083,1777.3561314570422,7.8542197685701645,1
3746,68.18496837864333,3.959293373147266,27.016881530082756,1363.451431039153,10.024809966293173,0
3747,48.22934953557145,4.851028493311952,18.112150850364486,1559.3167674301606,11.159953153914518,0
3748,71.7847666388539,4.591359648603692,33.50110955641144,1585.3135823567354,12.968121106441394,0
3749,84.28857707813567,2.0681104932750864,41.10160929002441,1639.0535000504474,11.55558950344282,1
3750,55.25867867957894,4.534404794366046,33.03118596748144,1725.4562246864139,12.187813903264932,0
3751,64.14072326682245,6.321593281070998,28.98538021732886,1356.5472188311305,11.728614117703083,0
3752,73.2910677871013,5.810884312718361,29.72626802161892,1477.165946447904,7.581754057207721,0
3753,82.52842634427483,5.928624754082016,27.89507065993412,1377.970050883971,10.719384208634093,0
3754,65.51775383699851,4.4367365290407506,30.45020791933479,1489.4776253287248,11.697321904344445,0
3755,63.077496707341034,4.015854145991538,29.814959529633832,1639.686556412595,8.08699942065196,0
3756,50.31076857583917,6.903883507847931,25.79475784800853,1169.1928999478596,8.840480246551955,0
3757,71.03438129308107,4.254024280463495,38.41444194473915,1721.8743138918571,8.393615409745887,1
3758,90.42076040143743,5.441123058189821,22.564228821451145,1272.16357514725,11.545245971936065,1
3759,72.77358461964675,5.245002021016307,33.59165771597123,1438.5259360605537,9.861437759341737,0
3760,69.77721020816287,7.192575524385678,29.49401186341234,1748.788384993225,9.358308211329806,1
3761,73.22082310766986,6.457118536508539,39.50415907532872,1565.601943596681,7.436660166694025,1
3762,69.88907996051398,3.0571120689993188,31.704322996241107,1567.905989652732,9.865211493612415,0
3763,61.8698562773987,3.21867024983744,28.200472314083758,1263.8747909409778,8.864823290030502,0
3764,78.23279915677705,5.868364727103701,28.761464007827513,1291.1828128352317,10.486679130528325,0
3765,72.25761523111754,4.90349352893125,30.199533472598805,1688.2512793337837,7.714065602709098,0
3766,70.17613251933658,4.317242324069354,24.286046525017994,1382.171290903122,10.355812519012401,0
3767,60.2463397272175,6.523441825991706,26.165652374410442,1401.0176253400302,9.122098459002359,0
3768,83.03507931934759,5.281189073133366,21.075280154040712,1692.7902502109423,7.501406148529707,0
3769,76.6470274533311,5.078686080334166,25.38511550812953,1290.0172909260946,7.345431924243707,0
3770,64.47079162632699,6.169742961132575,30.46953240830225,1553.8470265772517,7.645959223954612,0
3771,80.01824853681937,4.437336507584654,31.500875246422606,1508.5814652335382,9.587201885118915,0
3772,65.02429161614793,7.3527784782088315,20.10335152501799,1499.4628548273515,10.241990868727001,1
3773,62.17996507488963,3.817928565150488,29.313941484778997,1396.3128736244992,10.539647264754363,0
3774,62.40296882519713,5.985393599513133,32.81704975411066,1384.0289637073342,10.615105835456895,0
3775,52.28931446911909,7.150749257989768,29.185439033118822,1284.327167241027,8.4829534780416,1
3776,74.71542380418205,2.9340567660918504,26.831056771110998,1596.5330052082613,12.11680581619035,0
3777,51.6885512166165,4.484997236221326,27.939194274758933,1366.3701616966528,9.115548947983694,0
3778,57.71556168734237,6.713311089328337,27.29618322511389,1693.7489242334502,10.900299520119464,0
3779,49.24411990921467,6.735866821596538,26.816347204459714,1455.0889916818694,9.671689133012366,0
3780,69.13930307209107,4.742756599417641,30.86911762622424,1288.3099021157925,10.751242463406083,0
3781,68.49679539728128,3.897993359484711,41.53844113867726,1452.4372235703158,9.571343867710173,1
3782,66.73303786813636,6.433903733496143,26.281500415474085,1417.828560172705,10.787269753149133,0
3783,59.57422305329423,6.775323653872407,28.409286836692864,1701.8206823456105,9.985222260239352,0
3784,58.2776624656336,3.253004977231408,29.741510303123842,1426.1999621496936,11.627681141301379,0
3785,74.64369863546574,3.1941295265504297,26.563227828208532,1444.7579237599348,8.362629913577603,0
3786,64.49448068291512,5.337885022975399,35.491179017617135,1782.309341098487,6.460217328218843,0
3787,73.16358321536144,5.9440409501433376,18.14557313346781,1601.6534642926697,8.053285161131807,0
3788,61.14751313875777,4.551396372154918,27.344704148106622,1832.5412032006993,12.137836830476068,1
3789,71.81062742771083,6.018940729973524,34.09156868159981,1751.809000812781,9.69088236022452,0
3790,83.03278037316063,3.9347950897439268,28.52952845805683,1322.5674823274292,10.184124591093125,0
3791,75.86165800392783,1.8279596013893968,25.895805205748545,1697.9901708800217,7.892726771907226,0
3792,65.8758618178352,4.3641483915011055,32.20378377219382,1805.0606584149182,10.131107450300558,1
3793,72.57198970355927,5.094848219769652,34.53171617698576,1806.562626464684,7.954374711854607,1
3794,67.59334825469787,4.5862400601553155,31.05317722607529,1697.6191967153375,8.24843744989449,0
3795,70.07880184694729,3.262095104510772,25.993898200935583,1693.5045989818352,9.19503263435224,0
3796,66.74388947851496,2.2765265361817737,32.281016595758715,1439.4677912648901,10.890194515684291,0
3797,68.3566479411461,4.228866793448153,27.98975349862605,1332.5235831300852,11.103695161285021,0
3798,72.12093353074175,6.346483657474615,33.72593440946914,1429.5565362205086,11.158089795875673,0
3799,60.06641300418049,6.884296159120524,37.41629442428295,1167.0421997134474,6.823831769911251,0
3800,59.84121173010021,6.781570076207682,16.972116221557336,1768.559063084341,9.986670999219477,0
3801,56.11457446168789,3.7761356972771702,30.555337365978165,1443.3414081164576,9.606436333234528,0
3802,53.9972889549629,3.269440514554454,21.321330315261864,1758.266145812992,6.9356351678370896,0
3803,57.82717307779521,5.744951922469843,42.20894292664885,1253.7000845556802,10.031967533444396,1
3804,71.5946250680413,5.952650017396888,27.659377331019048,1716.524984200442,9.499145565126478,0
3805,61.07212484508116,5.600254407800746,33.73186620912686,1401.023868364136,11.023051344235775,0
3806,75.13614464231097,1.978905088643355,29.82341570202552,1243.1261183381653,10.162494152479605,0
3807,70.34713748752561,3.6996731226748,25.984577096404703,1825.4236104319516,8.901358939433493,1
3808,50.31495786561946,4.955466814571032,25.389734764112866,1721.462333868155,11.851524900913954,0
3809,76.5497558422169,5.730827291945641,37.928395865503795,1542.3584840371568,5.5575329984497515,0
3810,78.1079864559171,6.15096104390373,34.77969030089155,1506.7875770269927,9.87146974314078,0
3811,60.06137325165147,5.21638028342306,39.717920436887816,1587.9020037638236,6.473498136016128,1
3812,74.20191542894992,5.496175709807354,30.277266675788496,1538.9257155834823,8.17561345758776,0
3813,61.43501762590801,5.127298187541657,31.43959810623,1341.5448091657058,11.049627406018699,0
3814,70.97670376748336,6.028429061327724,28.66404217172356,1417.5895460430156,7.451605039118395,0
3815,57.35501593045034,5.469298477236366,28.564588984424955,1892.1435664077405,7.1525643625921305,1
3816,52.06893547465423,5.098606490070931,24.79056533761316,2034.4313485256027,14.763889966831249,1
3817,66.17182810387031,4.597446801293929,30.420050954621757,1812.5337010461367,7.281421897159671,1
3818,68.76271053725164,5.121937137563721,26.053767025569016,1595.6447880325247,13.301041806175947,1
3819,66.02320306385396,5.726887068258912,32.20954461082101,1432.450193459613,9.655595670841478,0
3820,58.1596944177744,5.401213083347092,30.850051094901048,1340.3628212206067,8.95034175712205,0
3821,66.00100937868864,5.571239627517881,31.43841021837861,1353.5435179139595,11.13357278117641,0
3822,72.69294752580734,7.0140827920267785,38.37564969845113,1389.346468262648,12.673188151088999,1
3823,69.55106969877463,5.397745884119881,29.811410251172045,1930.2328082851539,7.707864115783343,1
3824,71.82501030599214,4.026502219290263,33.78363501426714,1861.2564592765198,8.979500420542939,1
3825,63.29884799545767,6.325410178991254,40.2575473204279,1649.2556779870788,11.693739469368504,1
3826,81.7171791471616,2.9507024934966237,36.53308534647524,1307.8773647174348,10.575988624854,0
3827,58.238266634452195,3.377879928891069,35.76584849227422,1678.6111853422074,12.203835661282765,0
3828,74.87560297086719,5.503770897080104,28.4665589223975,1452.276594297879,11.030223908863558,0
3829,81.81891092959961,5.774595001679868,31.148215277838982,1069.3981122711757,13.616448018298296,1
3830,74.80908092748895,3.1324231647440075,23.40861853985029,1557.420127480252,10.357177197667301,0
3831,67.9747577293517,4.425773778519875,32.494572004822075,1331.617391833189,10.443622296661923,0
3832,64.71702953337021,4.090874251670512,31.37230088806921,1338.3893141819926,10.643442744031598,0
3833,80.36087651046256,4.269985515677605,30.116925625780905,1449.9184012863984,9.715022296546884,0
3834,55.77025074738327,6.4153966644094185,35.1359739412143,1400.3354054115175,11.696174317601848,0
3835,60.29875739620356,6.059758195320879,23.96112588787802,1493.1486361791983,10.474082447726053,0
3836,66.02442234508278,4.9713167302194385,38.17431425580173,1483.5338899965589,11.576360018290288,1
3837,82.37653757511998,4.181057109327608,34.508823439701416,1124.8381814304737,11.88899970724832,0
3838,73.79767636040896,2.975525494669789,29.64683010174013,1804.0555977765666,10.856909363120655,1
3839,60.31954241489755,7.1302774081729225,29.25635206091303,1303.324655410264,11.003432648468394,1
3840,66.89692294615097,5.888170850427377,32.40305607624297,1309.5203229739054,7.979340424806932,0
3841,63.85676855903706,3.9399963438902894,37.6042561603189,1434.2893496419406,8.899292824360357,0
3842,62.90211007766465,6.079399246437337,30.508038593450053,1478.333030526141,11.686766905981463,0
3843,79.78889558556779,4.894664569138062,30.72015450989613,1791.7959633663677,12.847262363637027,0
3844,56.282568707364945,4.569335742706485,30.090592388129355,1553.8846904109803,6.119139548983279,0
3845,86.08780855734373,5.652817292434404,38.91012056350736,1613.2930968219068,8.86427370549717,1
3846,78.28229690184622,3.8877526251309127,28.15558448531488,1554.9072375166563,10.0472412048293,0
3847,80.90861670603698,4.484365220734835,29.852462006904645,1546.2923164997546,8.241451075838643,0
3848,65.37060487974742,5.182191596299319,37.317178271304975,1561.9459006174018,8.354960711636634,0
3849,68.50059280920891,4.25082321067218,30.735054168064316,1113.4531714862123,10.94983974758761,0
3850,55.66848185475288,6.003627815401286,35.68529430022761,1450.0163030320944,13.162751938342867,1
3851,64.75337592933197,7.803599755517391,25.443599715485206,1732.4522221142315,5.936352887355718,1
3852,74.93654847643151,3.868552801089286,28.97353739185743,2288.466202161337,9.659047702036608,1
3853,82.96063061781396,2.5023120555439333,37.42217019220114,1259.138213492098,10.926560683580776,0
3854,58.92843183197549,1.9973897487856078,26.618301421182274,1584.6159920648706,11.560427944400484,0
3855,66.34494063014733,4.774297787757527,29.243504801151463,1385.7906844251318,10.638254686138076,0
3856,68.48700779767478,4.005253114810726,31.283426154457395,1909.5303807793698,13.52280509987223,1
3857,56.04210797807515,5.311790751600621,25.054227410035068,1229.2434478417038,10.057813186651588,0
3858,75.913492417584,5.198896508039152,27.930949406890516,1624.9878980631759,12.623985580784195,0
3859,62.76009668257391,2.5951747300788557,30.5631834091282,1218.557780099162,8.707264659308063,0
3860,68.04609648822976,2.277674255777891,30.233408670809805,1436.2866663878335,10.1159658931777,0
3861,65.48050628088123,5.443899860519143,36.401760104185676,1493.1373338500382,7.574569848402298,0
3862,62.106614942803255,5.203143252079935,37.707285974161266,1713.9383363479214,11.801728881097988,0
3863,69.92955014519445,4.361273002450173,25.719575639995444,1284.5666347682945,9.759114274717648,0
3864,67.84390421431978,2.514284622301543,30.556342595837446,1632.6766097694772,10.715642125039796,0
3865,66.28142117721335,5.707086894147486,33.371241542123826,1503.7555446775893,9.373262737429853,0
3866,62.71538378319657,6.907849318135915,37.581737328995985,1554.558677257196,11.172857003318033,0
3867,73.19524670782955,5.416973660328384,33.592451486585645,1691.6665429370282,10.794867947711504,0
3868,86.53617268492285,3.728789164152403,31.454567007961657,1243.4886613989424,8.010697140057587,1
3869,71.39887232839128,5.066828248356727,33.332712659913156,1662.1189946297184,8.126465134833978,0
3870,79.9611821491113,2.9508288785994727,33.368844171681296,1386.219029382115,9.944462539317296,0
3871,56.097780748465375,6.586941070758189,25.36142853857816,1719.1746909953652,11.319147914813314,0
3872,71.57761439293769,5.122766501794308,30.963993962531344,1566.911526907576,13.725791106227696,1
3873,59.02631681028933,2.3477646323701524,37.29580497094346,1458.0943236965888,10.605981713331458,0
3874,55.23075072468099,4.548988459334476,28.963216156529977,1381.9948061818357,12.015062804977081,0
3875,62.60628592540964,5.694952265351346,30.64723321273722,1664.6589988710662,6.774298130471663,0
3876,81.91899334413573,4.500428568536717,28.78741775236989,1752.1903370961854,14.025911698867965,1
3877,79.50015828669646,4.586156417839739,18.430702521965625,1393.429691827963,11.211372422258385,0
3878,72.430047220544,3.163396689429092,30.102950886173396,1273.3986868437205,9.90079097768244,0
3879,54.672994401100695,5.849811480622484,31.508959653264363,1638.8422085890452,9.670607905084148,0
3880,68.03719348612063,4.0272961999712935,27.43753304559549,1210.29381159326,7.785600404282004,0
3881,73.01700008901736,1.7653319344924512,24.22681525557636,1238.8975124834055,8.357426408559657,0
3882,71.75536229578599,4.443113943994409,25.596967701091753,1287.4599448944202,13.820871264266827,1
3883,51.56206416519254,6.471724573355529,33.82093808067782,1416.90990339225,8.021991123427975,0
3884,61.09682151980128,4.419605830100079,39.862623865234525,1232.733622156911,7.98346448426731,1
3885,69.35922235851284,7.60697747768528,36.912166704527166,1112.2400181236844,8.595559027848841,1
3886,75.3629090951719,5.643451922822775,23.27826997584724,1272.9111611325754,7.603638494077455,0
3887,48.03872178900053,5.508137243420549,34.27313655275351,1628.4948893145238,10.03061314969102,0
3888,68.37876024520142,4.807402601123587,26.68418812095355,1245.6911855746466,12.177821025330477,0
3889,71.43048769878952,4.897570688353564,27.088664687456113,1431.946064409166,8.779015347455934,0
3890,78.49611988516213,4.604864547320744,27.69012201014358,1889.3396924731123,7.253351440478357,1
3891,76.92857584237437,4.54659591187621,33.53033474927715,1490.165173994582,10.583722626029308,0
3892,75.82571318808806,5.796300743100723,34.79626688224519,1568.5061979459185,9.888451324640373,0
3893,62.00059493298066,3.5962531553141517,29.50984464360106,1310.7919963496893,12.005449100163249,0
3894,50.91997862876693,3.3861592569136105,29.594646294959876,1932.6949707400283,9.090983401395459,1
3895,66.069472429386,3.3152074236869336,32.321318716178965,1391.7411021723142,9.479686440746649,0
3896,80.0163182520856,8.068481821515732,32.83997269762121,1454.3790631096967,9.700939270913462,1
3897,83.93454527524432,5.79551435250587,35.88112853379265,1763.411735593473,10.178008221106964,0
3898,77.10549102297786,5.456738302520217,23.578140122454005,1463.6531510292762,9.21487664528482,0
3899,74.29340822801734,3.413727994559853,30.10013669902015,1509.577756535043,8.890711783907982,0
3900,73.79639648385965,5.935013451012242,24.659878120544114,1443.6623358421741,6.299244630236317,0
3901,64.43881253239219,4.825142980320007,29.745288604682983,1445.0335243885545,8.869225581759766,0
3902,68.6993970644638,5.321253411697625,28.869123561596197,1574.1004021656183,11.430446536163505,0
3903,86.6906952582633,3.535069526204666,29.76625273048649,1610.588637839621,11.700491038737772,1
3904,60.574419942081235,5.240403286126365,26.00128555944734,1371.3503137574867,9.0577739528174,0
3905,86.14778790709852,4.364249692690275,22.563551033962856,1346.783908770614,12.598971996363524,1
3906,66.77971845507942,3.8515832644547183,19.527812366425486,1378.1727822284874,9.942591856599291,0
3907,83.25432109095078,6.101159503710873,29.3440992286758,1219.7491971600464,7.324307256368105,0
3908,55.93184990502462,2.6934382872049962,27.844994470835303,1181.9139482961405,6.695231887091488,0
3909,75.8590420116465,5.847164396471226,26.620311675980865,1559.4334294449816,12.436515845239452,0
3910,62.63229864052378,6.026729200329495,36.612742314158304,1687.7191606350225,9.253992549477852,0
3911,55.847328080758125,3.680534486673139,25.702809066023445,1674.2090586290435,7.571870953854842,0
3912,72.18534042410946,3.769507308301299,37.084170410694014,1023.6017453726683,5.48144765712893,0
3913,80.09471788595968,4.665461478100397,38.119218721346286,1450.986982591348,9.208567778249714,1
3914,61.550585614065035,5.423054315693331,20.245497666053097,1279.5816088814881,10.809501717992722,0
3915,55.00984039541599,4.770717512278662,30.461907294994848,1528.7474875641715,8.60461771190759,0
3916,69.08155235665045,5.650343690287819,28.001517545820047,1416.4352962381238,7.893509679732257,0
3917,69.12564671222819,7.644469478806099,15.440980276413672,1618.3823812489177,8.901248462786546,1
3918,75.48319627554498,4.2384248462754295,22.77679373465793,1496.1693819197317,12.486384038289712,0
3919,79.49594571364489,2.4272300439448693,33.874680535542375,1120.7996210164222,7.214036764649618,0
3920,69.40584818727505,6.23888537454598,40.09599626355632,1306.582825440092,8.716597939154966,1
3921,88.55503314794262,7.524971863891294,34.51339071349624,1501.1570229653307,12.42151547923518,1
3922,72.24234744535292,5.589152544576686,31.618162362564888,1518.0220858462174,10.988352578847508,0
3923,66.535734939931,3.3683769869694977,29.893338091844562,1218.8646384591996,10.358255627557913,0
3924,53.88432640897172,4.8141614551471985,38.41331457324057,1192.7080592907755,8.703107729167503,1
3925,67.37340479683833,3.3222147736825516,40.741196009788204,1511.2490675146357,10.061009629000855,1
3926,66.63613054588863,5.964283240944422,27.06578660237907,1219.2665387898946,8.9243418630934,0
3927,79.6030479628147,2.973064395952348,20.000067198448544,1166.2741146998428,8.281227737858497,0
3928,74.62483624066854,4.5498068197577,19.50906268364399,1410.9718974737316,7.8398850493965195,0
3929,58.206308783673826,3.4934932605591404,36.60940496079901,1402.3107817322698,11.568191192744997,0
3930,71.72254386411038,5.190237027702443,29.764707296128066,1324.3199045321398,9.87918773556773,0
3931,76.71531171729053,4.4504874842933635,30.916209552293594,1359.2526086550074,10.629027487605391,0
3932,85.28031359387833,5.265143154875396,21.046745035216432,1502.767144644479,10.303346371602807,1
3933,78.8750396741406,5.033525832449548,26.23405543605767,1355.9674192640362,10.88183765561672,0
3934,77.60846654311477,3.5200114584138342,28.522595930496088,1514.1394043329678,9.490562420028215,0
3935,70.60085994615163,5.940315595293533,31.039191916820354,1423.906292776533,9.036685097890851,0
3936,73.8831200542345,4.926851522235327,28.007039805431205,1533.5300310773312,8.369439341217756,0
3937,82.49504900706158,3.5172064882011496,24.813369008493286,1675.641113087329,7.172061733185773,0
3938,56.6722260252035,8.361389834308689,26.077165036987385,1667.849569078119,7.7559336587541665,1
3939,66.50560672783044,5.714645250075687,36.041616429736166,1757.6420942132168,9.269164557799558,0
3940,62.27431251243759,4.770109169901041,31.223923098017497,1667.629379379432,6.793921031129043,0
3941,73.79153118726124,7.122806790052735,33.06078403477776,1547.7115063083609,7.235428191727939,1
3942,82.30222175650788,7.762723414079911,25.50563094561335,1413.3136724719711,12.084279785270354,1
3943,64.03025713278926,4.781975866529172,15.230882572996878,1422.4478154367553,10.448358969707584,0
3944,46.09695632530562,5.521096229652143,27.38447846557752,1324.444538712838,9.096326543592959,0
3945,65.8777925497553,3.5179957729955884,25.66714722787252,1500.9058582103116,14.54314891780912,1
3946,79.13473732017407,4.779210873847982,31.745061343140396,1639.477495742387,6.703500562573943,0
3947,75.3762990294988,4.701406169360196,46.428618568409206,1354.866479423396,11.951222552923644,1
3948,74.28186247810577,5.277240550432481,33.47583008809128,1492.556428267245,9.777067834441167,0
3949,67.2000669812552,5.499140717955515,43.67980079691744,1364.527554255646,11.570094045825623,1
3950,57.209692637802135,5.83974267324209,32.84384847669725,1541.870866037523,10.217907434541614,0
3951,75.15294321624468,5.356463984449938,26.850568812136423,1390.1233232100099,6.255509875509485,0
3952,61.65718189965375,3.183886060056253,31.739580390604416,1352.0978857411894,10.190920935117656,0
3953,91.84096733380457,3.5922993413883724,38.903192997388544,1364.006661013595,10.671111709279195,1
3954,75.70507208354516,4.1803885708044906,39.147812981606194,1600.6657547691134,5.616029402951172,1
3955,64.1935169744605,4.576639112115156,27.123313159784605,1480.650118933929,13.888096587603798,1
3956,63.88614752611372,6.57616143570817,31.265918478496495,1414.3156539999927,10.622415188345544,0
3957,69.07055793386412,3.2555915197206304,22.853665601644273,1552.280900509442,11.343975480272992,0
3958,67.60498077978251,4.463877427743951,34.12334312345715,1417.09675650647,7.668941220847376,0
3959,81.16833775529955,6.429514247321075,37.76677349527947,1725.3035787371407,11.381235044291236,0
3960,71.86416169744047,4.550183788255081,30.19899727058008,1305.2267692613486,12.179008919126112,0
3961,62.683682610914715,5.690623474764236,26.66307972819936,1462.6056974365438,10.507136456275692,0
3962,88.90440685155782,4.790686935608145,31.800654756387814,1219.0469556665998,9.981256882958471,1
3963,70.49308331520223,5.385174885987084,32.08729515681583,1430.6251216219812,8.212823750203167,0
3964,77.68839675968897,4.657291184285689,30.4057191592481,1164.072900458674,9.567586164433349,0
3965,63.91773492555241,6.000598209092531,30.893575621679766,1649.2633045118253,8.975940971481439,0
3966,73.63115627744523,2.6824153888903473,29.130925747653144,1653.3007534011158,11.143991274785368,0
3967,73.11109991143195,4.455031987417183,34.97977464113203,1656.8340347448952,8.300248149765196,0
3968,51.10350707903847,5.444859015041462,33.68113722582564,1505.7744960348937,11.129301443007115,0
3969,90.15275110460641,5.80054287200929,25.084484264279254,1324.0259190579816,8.322028874540687,1
3970,82.90644460922547,7.239428934130741,24.947046984207027,1339.93187359281,9.475294891679964,1
3971,66.02804683854012,4.413462999701635,28.72812791486719,1806.0344110441042,11.232088794025634,1
3972,58.977302595441444,7.219222642791309,33.684185620525895,1787.1354207599593,8.592406560027912,1
3973,73.47561613803552,4.011464260010494,30.740287069454073,1524.5110313901544,11.301072977955204,0
3974,70.86697699414397,6.992969617316966,26.784247949386724,1396.8731931839345,11.105988315342737,0
3975,73.55668948563229,6.226200690047559,31.30759298362915,1773.7246845397021,9.458098653246113,0
3976,71.9157739619409,3.6298121305516657,28.34594740238864,1361.099367723038,12.32356640271158,0
3977,75.06240989305925,5.460558855877733,34.402432301120655,1545.7698416191815,10.155568683954229,0
3978,84.47305699391806,4.923146246701712,31.66529217533524,1770.3914610796917,12.2045530531707,0
3979,75.68103205128646,5.938376890512501,28.42360906273928,1332.7323000670744,13.586929849754357,1
3980,59.50344501090059,4.6650926173500356,31.157593860232307,1665.8447171274224,9.517397956597378,0
3981,83.62562852712452,4.539130661507403,36.57524029762101,1604.112159168774,11.289909968054793,0
3982,86.40614563488288,7.053641874144277,27.151849617268113,1492.0966915536878,8.724864149354248,1
3983,101.52056734512085,4.851918658316491,32.0132849082358,1301.3132801733768,7.934371180983604,1
3984,58.76505966760402,6.23963348628765,29.647698297670022,1355.1120479793449,9.609080685227143,0
3985,72.42882013150275,4.661972772433701,32.134918419310495,1557.8902145701318,7.274799440501074,0
3986,49.17901296811013,7.499994888841285,26.727175292021347,1215.3326410237228,8.12478444070538,1
3987,75.53149156379209,3.9824980559967598,30.551677165796878,1526.1487718036499,11.182865198642135,0
3988,64.51799701833227,4.078784703129223,35.539116412084006,1608.2101968123327,8.972701969102323,0
3989,89.23445794824953,7.286775771673854,25.314965093769462,1697.0440345618201,11.421028174243723,1
3990,62.25385029981418,4.332580413657121,23.35297448337459,1220.3285851079554,10.598823876034974,0
3991,53.10816962032739,7.401611459246589,23.542722177565178,1763.2494594322548,13.70230812403823,1
3992,65.2873625929748,6.337760869392219,24.146687348999055,1839.072698835987,11.048674571152091,1
3993,50.24512228782862,4.76802544015875,32.97661643946332,1582.0303135427189,12.228436140558628,0
3994,77.5109945450731,2.2800597919742622,22.970701570672674,1292.3902837150679,10.803769326255093,0
3995,49.349169537436794,4.971022543592246,28.510523276282346,1434.3781423279518,10.622787002156144,0
3996,70.28457581183159,5.152445080300137,33.09144651655354,1490.4805509762987,12.329466084226631,0
3997,49.22188180143803,6.750826599956559,32.08329530274297,1554.0927017461113,11.337594931730528,0
3998,66.79702195463358,7.382670764360167,28.072205100187574,1504.3963105287205,10.420127225914856,1
3999,86.43378155804534,3.9725192312843784,30.95461865877553,1556.2330285789235,10.411309331859435,1
4000,73.60647891435795,6.201772645982274,30.53572664868784,1481.8506485321755,11.076458623660832,0
4001,61.36506395035066,6.148103234020024,28.87879522225907,1553.0214189024487,8.65725296108023,0
4002,69.68796511060916,6.6101190536156675,28.9458264067271,1407.8953157677372,8.572401067722604,0
4003,70.18016872044447,5.748034868203317,41.1771371737848,1432.3626566035064,12.850811864745864,1
4004,74.72630345843406,2.086253463557345,34.0465545196565,1384.7949659046665,13.728827327719996,1
4005,56.331416367191736,4.76686635120836,42.40325458756072,1883.4519069008143,8.142235083179669,1
4006,75.92567273847331,3.2664386376246273,27.515184335397493,1792.7801572348644,8.662011135120592,0
4007,42.95608368397225,4.696091340622889,29.575167015559263,1611.0588380027232,12.28504563900829,0
4008,63.70115447636189,6.470006354200841,23.33937117361676,1765.0617994535478,11.067039986284794,0
4009,65.11726157548455,5.457726253812459,25.95216598955214,1659.6922677955765,11.352856210641844,0
4010,76.33326826071239,6.7221362995961496,39.50956574331251,1536.254231902811,11.793202589706114,1
4011,70.22630852676869,5.512630881070309,27.38982855079122,1198.8857317960633,9.51853567651185,0
4012,55.944369461437134,3.052511090496646,39.596406500722296,1447.567215974972,10.659939849980374,1
4013,60.15006874182985,1.2187294901408983,23.783188696600547,1432.9924215963297,10.504384301396184,0
4014,71.98680009547407,5.223213142519386,24.732654829633617,1273.3849653815687,8.28301679950908,0
4015,69.20932658135443,4.679110300473252,28.293843894882894,1202.767545078677,10.630181886431409,0
4016,64.20875890364253,3.534581390927177,29.68125039160411,1598.5438693134051,12.475421392299335,0
4017,65.19166210488021,2.449059125522933,34.61543646225065,1564.9008644741625,9.331733522313277,0
4018,76.96167997159289,3.8978851797909364,32.25385208593133,1266.5206039864777,10.305138497481868,0
4019,64.82307427130786,4.708262772702836,27.91842371327986,1350.8242987127621,10.413417832021713,0
4020,69.11908755970927,5.998816735559585,29.33342096740947,1732.2444546308327,9.430670899129458,0
4021,91.69936588080543,5.28294662235197,28.4046854010765,1324.4606972966878,11.353802475388715,1
4022,55.76317363116077,7.412100870759094,25.42673132337135,1534.1597807867604,8.639868737490024,1
4023,51.481572684253415,3.4465939159319086,25.56018531699189,1462.0443400864037,12.665291037391867,0
4024,77.83589664798606,6.3215883380861495,35.13941945716705,1601.2726942124125,11.25241112326449,0
4025,63.21356938705897,5.070948114693092,20.8591753603643,1328.7784694687139,8.126462798654211,0
4026,66.8176247225738,6.0420036861778765,38.08679348722527,1518.0166955080215,13.396019369772507,1
4027,62.18843621868886,4.345227705101685,28.28502887198884,1533.7445154691754,10.33620292252319,0
4028,67.40199859232487,6.6075205608358845,26.1374569680392,1546.036161245844,8.554104965529897,0
4029,85.98538112096341,5.442837137517865,33.698796453486345,1515.8147715925227,12.209109049982382,1
4030,78.0212845861812,3.980832522623376,37.42608292073559,1568.921864118822,10.98934303889605,0
4031,78.62223511886977,4.981963956630218,35.58816220801979,1938.3540664101622,6.456080591531924,1
4032,55.837729442073545,4.64066621159435,32.50926024679946,2012.2595553542212,8.948679365512293,1
4033,58.488462634471304,5.73376752595669,35.43431744860918,1372.1567718426556,10.558194674443087,0
4034,41.60921340514573,3.230334875938237,21.41751211428067,1036.3514039295003,5.6808666447146825,0
4035,61.90619178917246,4.9559724468264585,27.390847292559258,1619.0990601443948,10.170140170774788,0
4036,79.56703186385658,5.592960878973996,25.444149699875776,1537.2504919802532,10.31595874541052,0
4037,75.16946515748371,5.04953496078955,36.12319365607588,1712.2083718367162,7.6330162352483555,0
4038,67.78486737047876,7.020411866583494,28.082609905380565,1556.9771799430634,10.541289772519928,1
4039,69.77699716281947,6.161034161106579,34.227032783910275,1511.7207879051439,10.014927678250068,0
4040,63.11114457424594,4.98877880488888,32.67928471244319,1725.7813191754447,7.617411788229971,0
4041,72.04758882401784,5.32503364624651,25.688465319181596,1753.7561176827685,11.83912109372565,0
4042,77.65878279480614,5.443498327223,27.065208950118578,1222.6879882438004,11.67570758953561,0
4043,53.84113212589527,5.6049494062502365,36.46908845407363,1336.6787625720833,9.420525826295277,0
4044,72.99647687837349,2.261513006503088,26.12258675657793,1478.8814081422643,9.602837353216353,0
4045,79.32434870954667,4.547710556345979,30.624338050977396,1519.6875247849168,11.452527875190691,0
4046,65.8489971103663,2.7733413977098604,26.087293568367777,1454.8033593295502,9.598673713776387,0
4047,77.00700612120583,6.91742142118923,28.430239065420697,1586.8414355723771,6.1381835989596905,0
4048,98.14654444472552,4.9087257199956085,29.76919028015014,1699.2209578634202,10.973873114799854,1
4049,68.95657207013107,4.7099885754805655,26.085667448512545,1844.5419421441457,8.373481358522984,1
4050,73.93307050005323,6.345195998049853,25.19776523008059,1615.78260475458,9.220313891164812,0
4051,62.61942916338609,5.633487196174812,31.431366683887212,1329.533264309378,12.915741135902952,0
4052,71.81251162602051,3.3070482284311895,25.77631295604412,1470.5247549604364,9.732043051982403,0
4053,74.60271624982303,4.893641956208946,25.946712221506637,1484.9295517480887,10.003469871747747,0
4054,71.94842340270138,4.497249540160423,25.30473428149015,1602.9280479962317,11.019334550927194,0
4055,59.80304680291143,2.383200667090919,29.610459768343407,1577.6336066867884,11.010667887748065,0
4056,72.0636177132545,3.964585650144193,34.718508171999204,1910.079330222302,8.161604465244434,1
4057,84.62195938717636,4.724689516975301,37.53264318156133,1407.6973729490182,9.87940296893125,0
4058,74.48635764514528,4.827573602762236,26.370409570031107,1576.9501067533606,10.072305055851654,0
4059,79.61987189071841,2.776652864484037,40.751553966656054,1970.9422795488183,10.544053793257653,1
4060,67.62988029987372,6.727498374571214,24.97647569646602,1382.9586206192798,10.57844388183324,0
4061,77.49900239423711,4.846845411662842,35.417742616639345,1529.029739234071,15.174882457554915,1
4062,72.79267838216526,5.056329614990845,26.391517729922786,1311.023899775197,7.648280458825511,0
4063,60.49089270312768,5.600962457509755,25.645383650649947,1516.4173799254863,11.960183240395912,0
4064,73.18521004798875,3.8178856191444934,26.276219216078058,1343.9565703724718,12.366751611666118,0
4065,60.0830333655969,5.684533959699045,29.737761501754406,1709.3601806982692,10.985567947847054,0
4066,63.67119725115208,4.449388030972726,32.89986085516805,1529.463771806279,8.69936921025385,0
4067,71.89328307292374,3.6551216890292126,33.34934018952411,1312.9205480035412,13.329336060535253,1
4068,72.97244273380124,5.8601712400330985,25.280074923260557,1668.1135395583342,5.616034270519604,0
4069,58.10767534922871,7.237510788202711,25.051703562443656,1535.9332077743175,8.633466605564347,1
4070,80.53985771182876,6.087244060228747,25.416806533182264,1690.563755444691,12.343364394445622,0
4071,75.72006278300474,6.384466347710646,29.443227988072444,1270.4674744104502,9.259776793154964,0
4072,62.95271564389116,4.219054090156551,28.949221979045628,1573.7648824497323,13.192929049600371,1
4073,54.624152035508246,2.6035704062473153,25.249122689651024,1654.6683389289417,6.976390510643199,0
4074,68.55095420918569,7.235206283149761,31.34801847031622,1415.3245019528526,7.775796212103984,1
4075,65.5405628613884,8.08177233410714,41.31284404167659,1248.1994546063697,8.93672365974605,1
4076,71.13140457053022,7.314210160654524,27.476422690824243,1491.6785009259213,10.834798555073057,1
4077,66.36883338844433,4.496321091530375,27.832440893982334,1745.6230587561856,9.555959699239954,0
4078,49.9254313925499,3.2680484919067334,32.79830785162184,1725.1860661268113,9.019201494875158,0
4079,66.11653061698841,3.40147595327065,27.205918541316024,1414.3143130488847,12.840792862197048,0
4080,66.94380888931687,2.4744011485789272,33.344822408590915,1243.3829127247116,13.026889950778301,1
4081,76.3366102477406,4.838932072384932,26.4072864661048,1413.7640559300855,9.17124046858489,0
4082,63.0180032538895,7.408516937123682,39.16059803788651,1406.3044698536175,6.580464385340675,1
4083,86.78674673372566,4.7875060521916355,31.723874862961473,1589.2893566609555,5.685032341625241,1
4084,50.883594493482434,5.453484350522412,26.899885254616443,1478.9996994191756,10.478580229560713,0
4085,83.11167497802624,7.063395446456313,27.05654150265363,1349.3471576525717,11.311911244437596,1
4086,67.75681029121895,4.3938570322514,27.431001236459824,1720.8526134521335,10.125995571157091,0
4087,78.59584872343557,8.053297185079392,36.863748331244366,1528.0851734889668,9.858183785838483,1
4088,70.79801484058733,7.98814161124618,23.656244961993583,1587.0831305461882,8.390914770611834,1
4089,81.39555536025469,4.803332991979276,26.660291647702476,1155.0029131737465,11.309959587827677,0
4090,66.12638035447189,4.1336986039711805,27.19169721537287,1015.1470258605428,13.35637075779782,1
4091,59.01379574822188,6.04585706958547,29.92156016621531,1212.4908437111185,5.566244645328888,0
4092,84.20504287271064,4.478712586221713,28.644451536766027,1403.8913148786448,9.84499762242457,0
4093,68.86519354117858,3.2651671743989956,22.543860843047685,1615.2712035227617,8.059303301172799,0
4094,72.2155847362421,6.921857980284471,28.000886582022662,1031.5506259185404,7.019068011892297,0
4095,82.34751914044796,6.8246710809156195,29.50224658407516,1818.5704128743973,7.740048258431168,1
4096,59.68044757905565,5.233267405645341,26.859510824601085,1534.1132053540252,10.759345711368809,0
4097,75.95490897639257,3.1057028694077333,33.43387744523832,1772.058998589982,10.809924395182332,0
4098,64.10105243537109,3.155710623173921,34.597042143768235,1322.8059835051743,12.9205755223496,0
4099,68.67830644355628,5.160843932628729,29.608066501353036,1600.7719868344982,10.017563094290923,0
4100,70.7227896538429,4.2501934482424515,31.152707934253648,1517.0391859941576,6.483556740260843,0
4101,54.997781385530644,4.488360601787588,19.194720013253644,1663.5372626109108,9.523660915248056,0
4102,62.211629571795655,6.532944732590005,27.894486139190843,1453.2417264800565,7.227241855568432,0
4103,83.5107289241314,6.099768976133836,35.02410845878956,1594.6430418015177,7.5864082271559905,0
4104,78.86191188584796,7.06721402074642,27.882817084103614,1720.4390637542401,11.161118116812991,1
4105,69.37360422672765,3.5140651649341135,26.313691618040195,1369.764741221645,10.38836181118884,0
4106,72.43123458512893,4.4852126469699325,41.38844463015465,1548.44884649793,11.175131190870662,1
4107,67.05757494363543,6.1384725431901686,39.09538595097902,1122.4275525555304,9.285014305456544,1
4108,83.56583385827982,5.672117511519337,32.33787456241079,1640.5006038126717,11.581059126850711,0
4109,67.99647422205837,7.298570573881433,35.69455305740024,1890.9325086924978,9.173194203419778,1
4110,72.31842092134848,5.630805058856104,18.870322910209612,1251.112790450261,12.233365665484495,0
4111,81.46030144142065,7.7721636561583285,26.062242796856466,1481.7237479144114,10.689277878943084,1
4112,62.226285151540935,5.810026702584711,27.650210634134243,1676.0962601828228,9.586006259030764,0
4113,85.58789184496894,6.59325117138299,28.82009950566527,1506.28349469331,10.424186088352194,1
4114,54.69538590256623,4.514727579823314,27.55027989513019,1533.019910298645,9.964278598050164,0
4115,86.29642131112799,5.021430817825983,17.24986854241827,1421.8001116952723,13.192213030625846,1
4116,66.27324416048026,6.366416605759213,31.9301230935428,1414.369549382417,10.490875245157579,0
4117,67.57301252174719,7.419467255889582,32.71827064140303,1482.6611692829244,9.996774655210983,1
4118,51.09989828817057,6.093855423966129,38.00949395794991,1508.3342844278711,9.523018285898402,1
4119,65.45205282622307,4.875242342098071,26.058453676125183,1263.711747684538,11.686368438490021,0
4120,59.60193468973116,7.0660025442925125,25.64918421110049,1486.7956028107942,11.41582667810701,1
4121,63.923536546265275,1.7120320155801787,16.600077570177657,1813.7067877418654,9.452316739374744,1
4122,68.62689034211121,2.8666482477396897,28.53216581704557,1416.1732412822191,7.688716970754383,0
4123,79.57791614472906,6.022451335502583,34.505558905310856,1252.5490034250745,8.196063723243293,0
4124,72.07603351400626,5.0211625343796875,26.9411606890364,1469.7167864027147,9.631674920915607,0
4125,73.07676653401114,5.908270476686248,40.71722409271824,1357.0774375751407,12.697855012238167,1
4126,59.044806111544375,5.096611283647913,28.71702582105238,1232.331634935612,9.499646741506172,0
4127,61.192459103972695,5.856418541905809,30.73496142144278,1527.8336923465242,8.811752780068872,0
4128,87.98725018351311,3.7783957685102143,23.18448459709203,1357.9435925697844,6.478561373502707,1
4129,62.647989652367535,5.855729129119537,31.436101725876398,1375.057166629345,13.027082871204593,1
4130,86.56208252057296,6.491621792311377,20.103401025736524,1530.6854760770777,11.13805629196292,1
4131,67.56938801119134,6.830825905896849,33.46848977506573,1193.3650809275332,11.592019940011715,0
4132,70.02287936143505,8.020331441973049,33.62214088117706,1151.686069949775,11.92337610385875,1
4133,80.7036516022993,5.36614766525358,36.79645712168255,1634.1744389003863,9.670539542482073,0
4134,82.71892421938657,5.410866630270768,24.900156406161557,1113.8332798551835,10.169181267495071,0
4135,68.89187439720912,2.7152413037392282,30.802810591487095,1304.6644609385291,12.97720388390399,0
4136,66.11756946478461,4.202882898292362,32.81908279693252,1140.0320929223126,10.359161778638274,0
4137,69.44079551477788,4.710376888990081,32.21140819165155,1402.7727066302336,11.175050580127989,0
4138,73.37957528232118,6.5754793284145325,25.673503624325743,1585.611749530233,11.741101434401022,0
4139,78.91303686869756,4.083498313865556,18.040090552219297,1522.4675897464754,11.285862664845288,0
4140,70.04229858994151,6.194510029623249,31.734801484422405,1978.374677891457,9.743661659467012,1
4141,76.18886298023153,4.99756742455493,29.2375016084504,1717.3831235578002,9.932232314372161,0
4142,86.3835973227094,4.734247827327857,27.1666470351928,1313.7684299686798,11.555280875951885,1
4143,73.81309612264785,5.373340953699884,33.81972681857733,1260.588999034718,11.552005719869452,0
4144,73.11652856004778,4.413265441620736,29.775402309227836,2041.3375881951001,12.336465198038923,1
4145,54.810891749099326,4.3564441278610015,23.404024736161002,1712.5144011466725,11.102193966619677,0
4146,43.69269863170936,2.442821141314828,20.342738554518892,1617.8739214539144,11.19321122718411,0
4147,73.88375729230168,4.628068689008166,24.35518367433417,1514.9703624431236,9.107533266431107,0
4148,69.05175768719128,4.28004778077691,41.965061473833934,1554.7043134950034,8.837700977856198,1
4149,64.85217325085259,4.226028515976381,33.613883869663866,1203.5853449035149,11.561261348702988,0
4150,72.43530204186345,5.625309593885061,30.94306170987506,1531.4078340393535,8.85162986396725,0
4151,69.39596270803092,5.987947929185765,29.091695364070976,1514.2462794918029,9.958597993766276,0
4152,81.27780250633899,5.348291756963492,28.76303530026282,1319.172231379704,12.758046481942582,0
4153,70.86110868258977,6.4931227856742115,35.83597991679547,1392.2947092863042,12.441140584690178,0
4154,62.53076714929833,5.863342888745548,27.547021290482842,1803.035278688711,10.603577661594368,1
4155,79.90166238959289,4.557415715291537,32.88460205342146,1474.9650159410276,9.40772084033258,0
4156,67.82868925053798,4.30571557142843,28.25786024854203,1914.2342605066221,9.753242179312991,1
4157,75.26536683672308,5.469233355150269,39.700783159175316,1151.8641127025232,11.73532028211123,1
4158,65.225892938072,5.860650664852852,33.71144253789152,1395.5739627548505,9.927001445107669,0
4159,63.50173114502564,7.096766460547247,36.22778407341813,1190.5442897506161,8.883435213979471,1
4160,70.84168230185696,6.786759567410144,27.077951126558805,1258.1155092216331,12.431549512815948,0
4161,70.12828643543685,4.187790490239246,35.29068056283711,1334.3588588681405,10.363200278258562,0
4162,74.79827035366833,4.846990579809107,28.437112873026546,1563.0619253541183,8.845488358016507,0
4163,67.31354246690258,6.006526707376655,30.550174119664245,1553.3652342160774,10.957880377865262,0
4164,51.63640216229602,6.601996667088458,38.17523835309729,1364.141936074479,11.942436826385016,1
4165,65.67226116411611,6.408454203057188,24.786124716217905,1054.4400885326836,7.984653870424479,0
4166,77.93818467143815,4.90418325075298,31.016238656527,1795.5385746064305,9.59909217329413,0
4167,67.02623920756893,3.1189660213572252,32.190026292593636,1442.8470567927288,9.506633264823176,0
4168,67.53616597485453,3.501595435631613,32.60002190400405,1276.7419659397722,10.904574331566952,0
4169,79.86376505905938,5.408950271479122,27.746077534532674,1554.9861562140175,11.264016645719716,0
4170,62.880267727410775,5.513338369136518,40.43132050404041,1540.889034104635,8.89705217744103,1
4171,54.57196781757101,3.3519809398484224,23.5253405732987,1435.464707000007,7.01449764818795,0
4172,68.39368880474505,5.066854416333907,37.29442694316235,1529.706203128301,12.063597509198802,0
4173,65.15826048751263,5.946836535457675,36.07532802795819,1268.9940319183963,7.760109458845575,0
4174,60.33753680246746,3.273160013739284,39.50444394801842,1651.9825686352967,10.542368410087754,1
4175,68.24621544101309,6.657495802706622,22.0588645064609,1300.626581048626,9.736038202538635,0
4176,74.91505647246784,4.433703277160262,25.65584256055145,1378.8860689393136,10.32488781040815,0
4177,69.90711438432184,6.886419668864976,37.4597152958082,1629.760363230315,13.302467943413717,1
4178,73.06981072686237,4.19982133133615,20.614804226848456,1740.7917930020467,16.076563227243657,1
4179,88.13407698515422,3.4600617756737315,21.967705494797933,1817.1549136092676,6.733125177202783,1
4180,66.57121138442436,4.312794515237421,27.55846106644254,1711.1596476933144,11.967812310665847,0
4181,72.7834863464467,4.85727781538402,30.95996894311134,1435.1855632396437,9.687504454644708,0
4182,64.90786637400865,4.417280139842779,37.96112536824388,1191.7933861799074,12.095709027425105,0
4183,61.53640280113027,4.67599786764033,29.073670425348208,1781.0111171205788,11.914526152358327,0
4184,64.1509234658223,5.500947724514285,26.958804259677304,1774.1391977809951,12.819489614396327,0
4185,65.21241428478311,4.743230945305401,31.556949688482135,1365.6047693293008,10.569929830325394,0
4186,73.59475797547125,4.90083140907199,32.34798241647201,1684.2378075649121,8.220847030089953,0
4187,93.49075786700757,2.4361604011961058,32.20619911085136,1433.5644412138522,11.85529897741924,1
4188,62.8395656372416,5.587547024015709,29.110068960243275,1800.2553767023458,10.235995152288128,1
4189,65.83374694384537,4.866195053462498,20.224569430409254,1397.0270675192437,9.532313569731736,0
4190,69.36876986888751,7.415439470724307,25.41192005446834,1895.7302575097006,9.047552238590075,1
4191,73.95798848709747,3.5906522491190627,37.101355426337314,1657.2241095196491,12.012671138210258,0
4192,72.63550811954785,2.2875570072507285,30.935344689883,1859.5089689371973,13.206738984014754,1
4193,82.84095793948117,5.927102740895063,28.387389404464717,1407.240546070024,7.609294882600731,0
4194,45.73607929464792,5.5197905274695005,35.59084274186987,1581.0059208888385,11.243904484957861,0
4195,46.13070129804328,3.4873504692032813,24.349416838155257,1306.1441603311268,9.25522562915471,0
4196,65.0412182798985,2.705376567493863,28.873259331434962,1668.7978504238392,7.065455203615773,0
4197,80.97300187543709,7.306095096026435,30.688792025870185,1679.808306567425,10.295411641526016,1
4198,54.34351968394404,7.121165585910173,27.793112483526855,1979.4047836402374,8.333724439620878,1
4199,39.92367660306243,1.2688148619408057,30.503814114507993,1596.40795944393,6.8444935443996044,0
4200,75.71179406219208,4.312665456115249,29.061530342891174,1644.8188405012186,8.436519055550932,0
4201,72.43657223702715,7.496288082175849,23.003284761070624,1405.8339246992437,7.944452164172293,1
4202,59.097915932005705,4.2859061633332,30.90738940939528,1608.2758745270478,8.706626293873217,0
4203,60.1446039927907,4.264081648960021,23.35824104243566,1424.0217582624832,7.348231846092622,0
4204,60.30256280365326,4.575861008555948,30.82807562548361,1523.1721517684,9.209719782747571,0
4205,71.1053531747394,3.318654539347761,36.870679120750545,1534.903132309159,8.573501743832054,0
4206,63.73684723816993,2.4428363836579337,28.594884013619726,1429.539025330166,10.751227754291314,0
4207,74.9406391897552,6.578820966102123,24.142584350145068,1512.5890193083987,11.187077972796631,0
4208,41.45373337095609,2.2355946406284866,29.365060933975098,1424.9409660573158,10.520297153556884,0
4209,61.43148134872201,5.370907178163134,25.840144459607345,1424.053774993232,9.529111084252982,0
4210,58.7394603908895,6.329869239136475,32.97254501315735,1715.3329303004543,9.47514480861537,0
4211,67.43659321627507,2.8231605516482623,29.26005626238573,1535.0827283652823,8.32585002517727,0
4212,64.61952241509861,3.6135973961073926,38.548816258322866,1569.4132544400554,8.374010681180126,1
4213,77.97843779895767,6.819768782587385,35.81494797838669,1208.539046202893,11.407207736157472,0
4214,51.406632283399425,5.79933758034056,29.234597477592985,1584.691666366078,6.480594802699072,0
4215,70.45491476330751,4.074071439681669,33.578045339865454,1606.0846927950477,9.838550123374116,0
4216,75.58336423211705,6.8033735050417565,28.03381795418577,1420.3322754622495,9.352941876877598,0
4217,88.56647436561954,6.809803585181454,30.169784425825842,1917.0059352521382,11.198264202749785,1
4218,65.18234028906525,5.403579039523561,28.19282901824844,1042.154547163187,7.149976033155299,0
4219,73.24458604352517,3.6497596581895055,33.832279799248546,1656.8734271541093,10.02496141097188,0
4220,51.96137207437635,4.379826944792307,37.16494138354789,1642.5609609909725,10.685968682718213,0
4221,46.08043795686976,5.429580115933085,33.99324103595572,1608.3165863998825,6.19053756275201,0
4222,78.447743757817,4.717107756278768,34.60968300642678,1535.2425411277245,7.851344054276526,0
4223,69.94439706351929,6.408435767352277,34.615167186178645,1610.1358645250075,9.816420306374418,0
4224,81.78512689798423,2.7053388798359954,32.75627961167355,1673.6350959111787,11.02829381526861,0
4225,56.26597111030251,2.758604706400642,24.303569203948662,1354.8224832336011,10.3649986222254,0
4226,75.19902139528753,5.271306667223649,38.5048575970825,1559.839124436018,11.120908505899614,1
4227,88.68817840543853,4.262683379289643,39.02205413349213,1463.3366315953392,7.841254974718691,1
4228,74.19705608357266,4.059427077953389,28.83060198343316,1281.2463199548984,6.822499300543947,0
4229,72.7658150559105,2.347914921238404,28.14651042391909,1643.4339949226578,10.169011611513579,0
4230,70.0855608082435,5.029318767197273,33.062058264576876,1387.1279150631933,7.54129352357177,0
4231,54.291185428740874,4.9208673379988515,32.75406417591753,1200.4282650441066,8.269355347904394,0
4232,83.55572935710347,5.980218472927611,28.990269656234908,1392.1778678596702,11.864556709652748,0
4233,63.89142360194934,5.103359199681458,23.74987172206198,1340.220220381374,10.378199113533702,0
4234,75.04483256383017,4.801093882639255,31.528505953748887,1705.6958018380221,8.863710189489172,0
4235,54.36965693428746,6.765500955185505,32.75718269087773,1530.6386281116156,8.603936990718072,0
4236,58.2054033549222,3.031299044827175,33.629105740193985,1776.476549137988,11.24184311377833,0
4237,84.35087399222235,5.804583828271364,31.746463861771037,1366.6887537533908,10.423941871299967,0
4238,66.52697711042157,2.4932792528069765,28.644424258190455,1674.8339743793,7.570886715354618,0
4239,84.53275476042545,3.7424571799987882,34.970010197531394,2067.9245829615825,6.104352533798105,1
4240,69.21769340941482,3.181014301065029,30.329242487829593,1571.206493425428,13.7636036652803,1
4241,51.58102227042143,6.172913803177877,27.675384928176396,1672.3297724646304,7.555041549364884,0
4242,78.9206759973172,4.901884649606909,29.096733089771394,1638.7035328450813,11.055393006600246,0
4243,64.10107682244393,4.9797451331105345,21.270154837625093,1215.5849345148347,13.021385864676349,1
4244,76.98688813517043,3.3399005184058237,29.088790879107307,1617.16345949349,10.295195137666312,0
4245,70.25210867540082,4.5504597561006666,33.44218259937334,1561.2912641299138,8.799126647065592,0
4246,54.568817720571296,3.8548020450363323,31.698915110696152,1448.0505233203382,7.147901916608576,0
4247,71.64294765370569,5.575182522281324,37.60332086490593,1323.192725159024,7.11997892735994,0
4248,91.96223142152799,3.5133632970025794,28.685125429921477,1638.7966480654075,10.753389697352771,1
4249,74.9298645851446,6.994691547807614,32.43656581526658,1305.5192520778758,12.90195264589997,0
4250,69.42482246994537,2.4866293255638583,33.96370088152886,1926.7291209363793,9.209081806590941,1
4251,80.75343401956897,3.7902202513151577,41.71428504143704,1522.8338166976257,8.888559075701272,1
4252,72.1066846520311,7.5158007649491445,30.723827455588204,1255.3385904426993,11.394962181622374,1
4253,72.09534230262794,4.347291878056948,24.779064105679883,1397.2007443343323,8.628105492190507,0
4254,59.083748278408976,3.027682003393382,34.23964376677641,1444.3731323420366,10.548965815256842,0
4255,72.33848025789598,5.328607343806503,39.328636779842284,1982.475330784769,10.083602900171025,1
4256,80.35443416416945,4.2869116366781865,28.387256448866893,1323.0822106381006,9.181063882843889,0
4257,61.63937847899975,3.7461946165725415,34.20540769303208,1476.7565473497225,9.96892368252696,0
4258,84.24495821246947,3.356193783801924,36.1436402761446,1392.4343260269954,13.526304229299958,1
4259,69.08293975854875,9.152560408438916,35.08532771985077,1599.8516971163328,11.209065888201913,1
4260,61.12230488461459,4.622672149723796,30.62779261236789,1395.6233172589912,12.185001608511957,0
4261,79.97632076920245,2.1116489595006844,26.50763120893427,1272.188666772058,8.162611278159877,0
4262,67.13205764261731,7.240564638508301,29.593602259932073,1460.9410840407602,12.191872295215148,1
4263,77.59514887486108,5.916606357665856,32.293002269388154,1440.1212313335513,11.27804095093797,0
4264,67.08241367741462,3.8503003534703186,34.54111262045865,1381.5511244751974,7.000807806881264,0
4265,69.40173856470096,3.600321366970787,31.669725239995195,1392.2379282205766,11.0795814667422,0
4266,74.93560204334291,6.010209194237346,28.100460167297115,1736.9391595762006,8.973451726410646,0
4267,72.90897057590006,4.629622508765818,32.776898280748846,1436.051957146499,6.908392647348768,0
4268,50.044682195482615,2.111033272332348,34.3004253387141,1273.1744675043135,10.259551464655239,0
4269,58.78756259905608,7.6808599469070025,31.898050282072404,1407.5768072400288,11.07808518212522,1
4270,79.29409984790816,4.3490143066760645,25.819064427308376,1510.8671318930785,10.303216137289125,0
4271,68.67863411098453,7.24335760472364,29.09296982641405,1232.7460726897293,9.781722830308489,1
4272,64.76268697228578,6.917652436948573,34.73910388206233,1825.1955920012797,9.338829323083337,1
4273,56.41425984742526,3.4984856832757787,23.084910956277632,1673.5158955012544,14.933176018683113,1
4274,59.20263678724152,6.549784796544722,19.534109888044206,1786.034548723756,7.634861222942709,0
4275,49.78201360038052,4.022836175204478,37.540414250720104,1578.4256250975366,11.745843964714407,0
4276,68.98719281298467,2.1999491197940872,32.557076275109395,1081.2605099739799,10.030845941777967,0
4277,64.01562419418953,4.363102750966786,33.03365001260053,1807.0667433277026,8.291066987465936,1
4278,60.33412109014685,5.596456252664418,24.615915131864718,1327.2863280580214,9.903201898742841,0
4279,69.31876574832047,4.3058950280054935,33.68764031733269,1343.5626511995802,7.214134724822765,0
4280,73.63970630852738,4.539427488612348,31.376243437841822,1531.2650287910888,8.809019186386292,0
4281,90.93197932209945,6.7153490673929195,22.078362110758015,1775.6459693340298,9.906131348328788,1
4282,54.88116580436787,5.159740970435138,37.12141707136929,1710.65742679048,6.897765882801741,0
4283,81.59381043300522,3.7350525330725715,30.793416618093644,1681.2562240352042,11.012765076976116,0
4284,79.73101561015072,6.05304548550099,28.019580169603657,1437.6345894250894,8.072477918176936,0
4285,62.20907260623299,5.2965133504313675,28.11005127007391,1434.4784947815776,7.096558083972895,0
4286,72.03235954586032,1.2175927978069359,19.923890472838117,1569.1887335960132,7.839164528343259,0
4287,65.42366750662384,5.642529370657173,32.96668299815682,1473.9858317432934,14.351908323670973,1
4288,71.85688580418739,5.587743061574153,31.309286036228627,1677.8635814658705,6.04387171626232,0
4289,85.0913101340455,5.03018169437129,29.029599338334524,1666.0235328990452,10.87224617753958,1
4290,76.05606232631312,6.337550871604362,36.39242603725836,1618.2682642345412,8.496727457961427,0
4291,75.08608373233442,3.991409623510247,23.08070490502077,994.8077436461242,9.299743656964877,0
4292,65.69690680045358,5.504749683231351,27.016137618161924,1525.5976727354528,11.207861857360665,0
4293,55.15943335075665,2.6495609432489706,25.74995872619807,1478.2292238534599,11.109637429677841,0
4294,67.91531789459592,5.6106355750982475,28.606025101142237,1533.6051203519062,8.638607161676418,0
4295,82.06608154863915,7.929589543309845,30.337350126286115,1349.1350722907187,7.284351986733412,1
4296,54.72832143410352,3.507715471298688,32.15006761905678,1235.042817920155,11.244281947401278,0
4297,59.44910631823305,3.860296802018337,28.265132734474413,1592.627695995008,11.104754386018689,0
4298,71.26267736234068,3.9349768356626713,25.61322132422553,1428.7397364535875,9.430060982423623,0
4299,60.153452151527375,5.194997338702393,38.43003474885222,1614.9385987415199,10.883888767616757,1
4300,62.07476552884788,3.405445590719423,42.05820095894285,1365.8171244630457,9.108341038048929,1
4301,65.76401418271823,5.63187106803647,30.716433359410125,1783.1821280985353,8.345924869930423,0
4302,56.343825958098506,6.270259918203748,26.216098164895666,1700.2129685141526,10.00792436224215,0
4303,60.25878153783631,5.801520820180676,37.37727065521147,1559.365421709176,11.038065482183034,0
4304,77.03427916787308,2.3473768615428914,22.766214468357674,1457.3423173228105,10.618500539104868,0
4305,56.92630217769036,6.49275149773791,28.326133376475862,1670.4817755596393,11.018325360153344,0
4306,54.021278655051624,6.40605112138052,26.51941474326849,1578.5095630474812,8.478842253421748,0
4307,63.69975020466106,6.245242058519457,24.202322247747556,1547.716837586121,13.163762249516505,1
4308,77.31955502509845,5.559263372983738,28.599878835391152,1708.5730819119217,9.315238289322751,0
4309,68.0307819200311,5.330283971307699,25.679139604130174,1785.307230881328,9.762168697046818,0
4310,65.35418921884381,6.548584097189595,30.063272320743273,1249.517763102891,7.362688181564264,0
4311,70.44358797515608,7.8852702314051815,30.13588583836232,1289.9231785300387,9.612289687405433,1
4312,52.54292567140348,3.570439304952725,26.893341382390105,1343.9478549042403,11.064475473703034,0
4313,74.94705653775033,6.617188093692158,28.147433217030652,1199.5150804712896,11.525021225385329,0
4314,73.83435031403644,4.870674352988821,28.84575516048145,1487.4502948861698,13.123881474373565,1
4315,65.90691525904279,4.805490421957099,34.049230305597135,1620.0232910489012,11.040469791650922,0
4316,80.05924511796417,2.6952039644269425,29.257852994679073,1495.7163410095327,10.553826391599406,0
4317,58.725039010469615,4.572815885726907,34.12350870393048,1393.175671677421,9.107409776971362,0
4318,81.2790899325357,3.5041025630473768,32.929064917773275,1725.2915514258316,8.676519183533987,0
4319,71.54493665595251,4.304218355741082,32.85765348450371,1528.1112806413498,11.940497029336312,0
4320,66.63447410121826,3.3527204243327753,36.93922985172986,1568.5965934732637,11.902140703477817,0
4321,69.80126364631688,4.32663741903049,24.40304560127045,1730.846960979952,7.845974598302455,0
4322,68.92735234189058,4.390834464464895,27.634084468464433,1475.3516122297733,11.446191774306962,0
4323,82.20282896417717,5.1451323776582,38.816494001497844,1912.0428145249361,11.300767382791685,1
4324,59.23320872528986,2.5778752065630037,28.713417497053662,1410.4369992256468,7.772382229971612,0
4325,62.37480760853402,2.831722778382015,15.924381550470752,1899.58964090258,11.080913609578353,1
4326,80.3630289207248,5.54287140609579,28.985158284260574,1305.0529636175158,7.900907081036385,0
4327,64.04465064816141,3.8038428243948514,30.67469765081625,1603.4969805760884,5.141414064653023,0
4328,79.00533077331592,6.611794685344897,16.914434412843946,1371.4935662387525,9.6797951726159,0
4329,86.99435983008709,5.33790458302257,36.669678199439744,1723.9132233962184,10.515629410509979,1
4330,65.98204973058367,5.910143225309611,26.43143768067199,1404.3534784283142,9.769858390233773,0
4331,76.81362326575305,7.116038480631342,31.64281557593758,1558.1742381288173,15.734213634375948,1
4332,58.46307718660142,4.535433782290141,28.87009227327969,1369.891600791686,10.757702458469948,0
4333,77.54733298067809,4.138269941875587,23.558242903979792,1687.445034733323,10.2942836385974,0
4334,71.99423985986768,6.30755387839822,24.6474593268229,1368.8497478721722,10.859182606628181,0
4335,74.73038282160215,5.764270345894529,25.324585817862264,1836.6829689485337,9.117361991199804,1
4336,63.54427927964605,4.7190045352680485,35.42835954591819,1300.800578607722,11.858958124187078,0
4337,53.389165844328275,7.087186950433914,29.26230905949924,1230.8744163343706,10.722003892354204,1
4338,75.03252064749505,4.681633535240104,27.390672417241266,1690.3104156158172,10.63034340778498,0
4339,49.365968475205456,5.049160456333672,25.326955437048845,1381.6712719472957,8.751759554266123,0
4340,66.82649507757465,5.031833976251388,35.98075110763063,1498.552537310093,6.871339347101813,0
4341,79.4118186641997,3.5981091576522934,37.321006362617936,1435.5517692328558,8.997227821845419,0
4342,71.91897735873036,5.116378084229586,35.923719493533405,1237.478346569462,10.565267712519784,0
4343,89.48342644789813,7.0951402660977365,32.46218669577083,1484.6012671723324,9.110601040510108,1
4344,80.25109152581774,5.667452473064264,31.449150209353558,1752.9831789944603,10.583454334134743,0
4345,63.46101611674423,5.046595139598397,23.92031091012049,1700.6274006611131,9.53527624628739,0
4346,70.27313379851438,4.757349078251496,28.77090436644471,1546.358552525185,10.861158969253047,0
4347,69.52629297455564,5.496300542609527,26.580698983267816,1722.4536586070215,8.046351748249371,0
4348,54.17823236653873,6.124649942733777,20.872439455076453,1288.0962830611647,10.385780023770163,0
4349,60.59601083515647,5.913858246334629,35.28521709582683,1434.9091342189988,8.718091707297205,0
4350,64.3923909302014,4.502202707267031,26.520850268038622,1579.1609881460417,6.923434115738727,0
4351,49.637794971440634,5.4871723911651715,35.97970953717653,1473.9170346365777,9.66969175394325,0
4352,70.47493468251643,5.719909611722418,34.40873200380006,1450.6353339046887,13.072635147636094,1
4353,67.50928155346959,3.4892075187095326,32.783589883167096,1259.8712535357809,7.082847184308035,0
4354,53.27106098688426,5.252345811775542,33.064420358815916,1083.7317222714578,10.238784500788398,0
4355,74.04212865277331,1.758044170546457,26.92343058963146,1663.5732849899273,11.595154126528449,0
4356,77.1587274469096,5.723800564731778,39.28925075645333,1548.6443146504453,14.600061370288902,1
4357,72.27034478864888,5.990514581844023,30.215627154765247,1680.3996756420186,9.014134035106624,0
4358,66.7593182479103,6.121319188679689,31.50965842559352,1412.552811568325,8.735998790791374,0
4359,75.91442151751855,4.407429721745649,26.754618332166803,1357.4444230344811,7.666615608121467,0
4360,76.80220360476692,5.463570252536052,25.3441736961152,1501.3095933273269,12.281032669692438,0
4361,73.07403569719689,7.13593076831175,32.38648004404712,1670.8399297225633,8.26517134152185,1
4362,61.75387749565239,7.120654472436888,31.087567479693927,1453.7095570024692,9.258807136449299,1
4363,72.7660076551118,4.956240951160159,26.053238170487113,1660.3570368656972,6.30212424525749,0
4364,81.95480650825479,5.2089794460943395,22.80786640612298,1298.7383988813826,11.767943685357052,0
4365,64.0337094138827,6.666366717101649,23.650384563362266,1467.7105733660267,12.316516561556053,0
4366,90.97939339132431,2.7487969771067378,35.98066858545553,1485.9771711843937,11.69155012716873,1
4367,64.74369066014616,4.515386385984463,26.933730926749643,1745.277988784384,6.7893494372925645,0
4368,70.32407013340136,7.003355683305134,28.30545727162083,1541.5254796031816,11.214302081558612,1
4369,63.275144039936634,6.462800812527149,37.25170129379531,1849.215503658839,6.654659230551998,1
4370,72.2327083592026,5.553895666474857,24.38924719256793,1230.4630400105034,10.11608060412848,0
4371,52.57778307364725,2.7412513920040693,26.365025871414716,1525.983780882256,10.410155159967594,0
4372,64.53958201183279,4.925134650438257,26.156165857196534,1535.8796078360892,10.62036643621653,0
4373,59.07878799651433,4.1151269056251,38.0903424058302,1624.0186395173735,11.069273065274936,1
4374,71.35338347892291,5.4965583542258205,39.96691750291207,1337.3280127102219,9.983932792881456,1
4375,79.94447375508908,3.7859799728076795,33.757816127010855,1836.8892678821671,6.0751409745428955,1
4376,76.46006187114551,3.4614149075380887,33.9169236207712,1502.5927882943517,11.070242017599064,0
4377,46.28340639141108,1.9027020834745376,27.098224985736344,1282.5864974130163,10.195216282255496,0
4378,90.4206965292788,6.832707027465052,39.736642434521414,1496.7950019172763,8.194760417257534,1
4379,72.95279940620868,4.400344232835414,31.33848127179331,1437.3676954239772,6.861205157726783,0
4380,62.23500859507,5.235718675553802,34.2655513222487,2056.647028449466,13.080044371848718,1
4381,71.5712791899094,4.9966428252887285,29.472375306145228,1709.9887199050027,12.462601076581365,0
4382,71.76189822502693,3.398849100559251,28.659837063361948,1509.9322711416435,11.41191481461491,0
4383,63.331512830484364,3.1114026328277102,38.31521129798059,1477.6166629601591,8.647400177530594,1
4384,71.97916667342075,3.4920273110041467,32.698618398691536,1690.211372496293,4.966008895576965,0
4385,63.92527712379693,3.9152473417559106,37.25687730535191,1699.772432065643,11.52935835087047,0
4386,65.95638007309978,5.549909370520707,31.276640858725223,917.6900161358702,10.73337354771015,0
4387,63.13720864244915,3.806423504719083,25.758167317884546,1628.5986309466668,9.250675381855647,0
4388,55.673287102603474,7.619735947391932,27.08328533560756,1505.5933087957253,12.249612613395753,1
4389,71.45836470215384,6.540726553839726,30.51482621232305,1237.7712356426048,11.6959950679257,0
4390,75.85299436516338,6.212539324498563,26.867498919783365,1676.0428279248354,10.3521909764617,0
4391,75.14883596076372,4.820511646290274,24.462692956861545,1949.237602711653,10.070116835742228,1
4392,78.19925252635234,7.2714211035807255,36.007085158935126,1611.3591893655562,10.101935435199362,1
4393,73.24340210014869,4.6729915533183135,27.27564964588244,1720.0856884513728,11.359879745669492,0
4394,64.67274501783096,4.9531078787686305,30.6909637389566,1860.8238183928806,8.285047306914024,1
4395,78.39663864431189,5.254961809623904,31.480667949428025,1333.9475698559897,10.851966243570073,0
4396,56.42482460158065,6.052734560815016,27.059234373397157,1128.4857109666166,8.15881811106082,0
4397,60.993286174875195,5.955362118504478,37.253997331543694,1631.3732126619004,12.673110343504469,0
4398,60.357999285767555,4.287312082333095,24.414291193976936,1450.4776927117098,11.064257143150469,0
4399,80.80056059139311,4.200509420861069,31.308126317903856,1225.1653095256913,8.62354347672214,0
4400,79.42788514140075,5.9598544357281265,31.23058853188292,1484.3660127728413,10.1611916480595,0
4401,74.87305237044995,6.072854875836849,29.72872698567926,1645.509474758124,8.292427239943919,0
4402,80.71929865211797,4.409973312765691,23.51543693364009,1470.205667047128,13.008225675401592,1
4403,61.20717217588012,2.6192178954823193,34.35408775931732,1342.6344738529924,13.245751968942418,1
4404,73.4859511986098,4.689025855987633,33.71755335167298,1455.2985879406979,11.392447365125696,0
4405,68.74825571616836,5.935288698238788,26.622157357043918,1496.104706939731,13.113313135309156,1
4406,78.46882103884914,7.7081252696296705,33.53743603602681,1114.1035474747837,10.303591897745001,1
4407,68.84775767447802,3.203063056489007,31.87453843150388,1471.4450093658613,11.527025134349595,0
4408,66.15057111589918,4.36014312075414,23.596939273194458,1231.1319055710217,12.449449043819511,0
4409,75.4090851856099,4.415894657711935,25.730355427143213,1631.8051904042193,9.988512808968165,0
4410,78.76169167191233,7.033708009147252,35.6914072244479,1187.7914848826445,10.14220771463469,1
4411,63.31654805153198,4.947587749312051,31.54708092571025,1702.5384409101873,11.867313202857796,0
4412,69.38924328647624,3.6390101609416017,27.17848527094687,1418.1669861572118,11.292995931191987,0
4413,59.41559366358347,5.838042924382728,25.70762054413679,1391.4048586455976,8.489078559597894,0
4414,45.019389825070604,4.393042219938581,27.423031009422896,1558.8909194603943,5.626341257457062,0
4415,72.00459631413729,3.1634190899630683,27.777602350611478,1326.7931109553215,9.648943874805903,0
4416,76.08905356254633,3.660840039085774,25.77018483685374,1555.7491508260127,5.806171641549642,0
4417,72.62066809086726,7.601062931633929,21.29117943808349,1353.5782450623258,8.017965327788904,1
4418,50.50438282245633,5.576313832474193,35.70006643200393,1388.653097535046,8.251426085599231,0
4419,66.49150569923525,5.161640083178814,34.853168363057215,1581.0708338658271,8.862715378119747,0
4420,47.81652239948919,4.625159396281931,23.633722740965702,1272.2838532531234,11.640876288327084,0
4421,83.69701107654186,5.438223263178198,30.68155647781834,1247.1325396475286,12.07535908146052,0
4422,59.139454178819136,5.420353919003741,25.488808986426168,1549.6451014820684,11.017481439614414,0
4423,82.55403609459896,5.4382532423109895,28.692163883867323,1494.620029502123,11.26501395212361,0
4424,79.45869643684145,5.172267635416629,28.276167100631717,1533.7385489618785,11.312240912737293,0
4425,60.994096474639385,6.303197507458324,27.860828921410636,1565.527847344284,5.006340017558152,0
4426,58.672150487322554,5.034656519001096,40.01473542038143,1511.4751107613963,10.020395364014233,1
4427,73.50370216386338,3.533091746671042,27.798371576619047,1621.6185247934138,6.40708255765999,0
4428,61.55675962816929,4.081365663648698,25.958680874665376,1519.4872573957316,11.018278951343081,0
4429,71.02484642158207,2.0314719597654314,26.18709285251476,1098.5392200649394,5.813783705360606,0
4430,65.17172409193081,8.040225674063588,35.21888478200878,1150.423081067629,9.639122929298601,1
4431,52.18841585534366,6.29413188792903,21.739488341535328,1885.5898360484166,11.095539552039174,1
4432,47.695319808755414,3.7548942573061446,26.1868854178224,1500.0143734117726,7.764484103367376,0
4433,72.26684248494597,4.57723272590435,37.23411420055767,1690.0483303434194,11.92343192102644,0
4434,64.38442253669375,4.04468528869035,31.219930939988235,1430.8592188745847,11.013244339903494,0
4435,64.46910183085868,7.313820817061176,30.959610025180567,1488.396981121214,10.76164939167582,1
4436,76.95863839093785,2.8701842535936066,40.66073230071851,1409.3270691458313,11.396003175021065,1
4437,81.73442276632444,5.171714088228169,31.231739764742493,1993.1854662922728,9.281599824466689,1
4438,67.2745527863819,4.837208236152728,26.459069193202087,1550.6484844728284,10.303837727513617,0
4439,66.59401293090139,6.240257946063672,28.589614715618257,1393.0284188987605,10.020103144468399,0
4440,75.00143033113883,4.8439861584129575,24.322838454847158,1169.6920573139619,9.97490211076771,0
4441,56.43064430300424,2.3626866850168473,36.27968520007848,1894.7466885471704,8.655937846705847,1
4442,72.23153054747696,4.623323248036339,32.87280858768358,1467.3443229543393,7.5149357705545885,0
4443,75.51885971822153,3.5417566730850125,35.622070749854444,1648.8458239123195,9.32628330142105,0
4444,76.80230208417629,5.119369319834841,36.06491964274685,1671.199458061309,9.216104185611465,0
4445,50.63247297497535,7.15126555478049,27.92894609536234,1407.4338953139259,8.52653802496622,1
4446,62.38644730191059,2.3908621336515825,25.276235739955553,1634.4905550772312,11.704107563620049,0
4447,61.217367471765336,3.7996658969001444,29.74143444345977,1379.1723426496765,7.655586764288774,0
4448,70.99886954409213,4.1709605693247545,25.63619464605731,1301.9147275921168,9.656981682217516,0
4449,74.80744579767983,4.427553356880183,30.824784377045123,1732.8929385024426,12.332679423122505,0
4450,84.96710407445981,6.110188496157866,35.660484404173445,1468.36212403556,11.818258705199105,0
4451,65.05034519631927,4.739683373657919,29.159301769754165,1603.702566720531,12.432587770194566,0
4452,65.02427501690786,5.623704088580668,30.749975449538695,1582.1841987763542,8.818438845251546,0
4453,81.49672018878746,4.061340434402336,29.53077191888317,1627.5863920110578,11.568576251455415,0
4454,72.96576938530305,5.3448865181269065,34.01363786218849,1188.6926131596751,7.874059206043737,0
4455,82.67651511187974,6.166696446316572,26.66108802855855,1382.9418937367261,9.44825208836692,0
4456,72.88728003009837,3.9015506753943674,19.017768691784504,1435.104968500715,9.636488378439614,0
4457,58.42883381286729,6.172037179709772,32.3543442968769,1333.7042654197019,8.848319575603979,0
4458,56.668716452221936,5.078559153091352,34.93917210653997,1585.8013696032776,9.27637202383095,0
4459,54.48487750941071,6.568190360723379,32.23187122379268,1737.3786155191794,9.013248145005294,0
4460,76.62051834758473,4.697870149884539,26.79884752265993,1769.0369310692595,8.03521237779661,0
4461,81.88596823087008,5.571866982743148,24.324939509069655,1432.1590469580233,11.712827012011584,0
4462,88.4936214138638,4.939090652482205,32.472487658901606,1558.3931724915815,9.635099994251462,1
4463,78.4310533232324,4.8556816069391315,30.707394764673367,1589.1287008980198,10.402873087834571,0
4464,81.62838577534986,5.388395642338534,29.37103686170835,1624.2512188407059,10.32755374238571,0
4465,64.19983667346315,5.805211203837356,39.112316714968955,1324.372985385471,10.109452850220043,1
4466,58.43584183256144,3.1256526321139924,25.265999529093342,1864.1160536529933,10.185609092112857,1
4467,78.50079332417553,7.1504504132268165,38.87518510563733,1685.304036869289,9.389165559937958,1
4468,74.176807522394,2.2105054391753023,30.1589195243532,1690.5298687384882,12.836793737029726,0
4469,71.07444374340892,3.972781835391656,20.822147615645626,1740.6920113800793,11.521489523270718,0
4470,73.8737148063299,4.858596393852649,29.103986728404294,1606.8271884531969,10.03676406554204,0
4471,73.23185482458206,5.618533953628922,34.79748038299721,1294.5373153898056,9.105891128067874,0
4472,82.83816859853562,7.364258791612068,28.174724835975148,1472.2054536889787,9.762358314541839,1
4473,82.94985584816956,2.212562767662339,22.626107293808026,1169.789320987617,10.835243032743492,0
4474,75.44220352340346,4.238458807415434,29.17742734101915,1583.014501939817,12.999880185072623,0
4475,78.45802872562928,1.809749768301102,25.71413813054147,1466.1572683668905,7.253904910669911,0
4476,75.14062552424775,5.047432960865372,32.459072005439815,1491.8955232946137,11.319549517283555,0
4477,65.3883026796538,5.407525376750046,33.866999080338054,1740.8002260171302,12.253447273557269,0
4478,77.5656467491314,7.386193613256879,24.71864796125947,1408.601192288708,7.026563060189536,1
4479,56.05504931140739,5.180952141340181,26.470979724421753,1449.5753682455847,9.63769824653745,0
4480,80.53891552295883,6.566037694163569,33.78321232553469,1504.3946591926433,7.870964053833922,0
4481,58.05477060233965,5.8757556223085885,25.705778608505206,1132.0015501172734,10.861059223354069,0
4482,72.85803286794733,4.347127704492247,24.589209320860025,1446.7872688475993,9.283298135288895,0
4483,61.54846041573841,2.886558879811941,24.106544341018726,1002.8410175427633,9.73972186623975,0
4484,75.53388983074427,5.412503447437716,31.760193064790602,1382.8956876208522,9.177888385443051,0
4485,69.66074774072091,2.761846974281954,31.545788597587322,1671.0378106785654,11.440326865536537,0
4486,54.05244041836667,6.942810609004466,26.579769848104792,1589.453311650214,10.458065921196276,0
4487,74.20699631018479,4.756906846944764,30.02542698064117,1381.0359379091847,10.461853528079311,0
4488,64.22079223167289,6.792766117267124,37.635661920775654,1508.1596436447626,10.321243650162907,0
4489,78.81146720813369,4.279678348801401,25.12969921540889,1285.0020865739189,11.144981760904274,0
4490,70.01325688734407,5.403276179601487,20.241286954947753,1499.531319370096,9.476056290287353,0
4491,73.95420985388039,5.314023286002033,32.27537787860185,2086.064057098502,13.401549575081853,1
4492,60.42431044984788,4.932433822983614,29.447994180492056,1869.1602640743863,7.530410497562961,1
4493,64.10667768572638,4.351010729905112,26.449874565924492,1510.5244260034522,6.548163103660702,0
4494,65.41361363898915,5.5886840277057805,33.26040118677454,1532.0288329830748,6.382638862782853,0
4495,78.56702480242555,3.610755104775188,34.19612572334395,1304.0869370730898,5.840823761415129,0
4496,86.77377087805489,3.1858470065614117,18.958609900599537,1339.64217840979,11.346339629640504,1
4497,61.94828248257124,6.864240339990241,26.73701045334256,1572.4368644209387,11.102735398565281,0
4498,80.7684814465768,6.090751983338151,41.587581155984275,1395.021486872703,12.41555298355119,1
4499,48.30322582274298,5.09883741290336,32.917024578990954,1680.8299189703164,7.886723570588956,0
4500,58.058105989077106,7.497713573815672,33.38051819148575,1813.9371361955514,11.490922909491001,1
4501,60.41221543813225,4.598351721912733,35.864471393157395,1566.5241569562077,10.113648124298612,0
4502,56.474913105592776,6.984054829983469,30.08534412599863,1520.3474411679854,10.333172998311719,0
4503,54.1641161021242,5.263361127388733,33.9834208004581,1163.8440750178697,11.251245790699215,0
4504,74.12998912137797,3.462873874885415,33.590310219186016,1649.52204905441,8.487436497875112,0
4505,67.85932302272138,7.7720602876562745,32.695207483763795,1271.2657396921884,15.174498270808975,1
4506,73.7940539760511,6.486066269936128,28.389940146912977,1416.398174273316,12.663760608550707,0
4507,76.90472686121512,4.818468453485654,30.860294611831293,1691.915178477027,8.936588092009279,0
4508,72.65616993172533,6.090756889300923,27.058192178466108,1705.9516328618065,7.818523884553304,0
4509,76.57763176150374,4.39444484900314,30.064071522832474,1406.6984945299766,9.824191676390617,0
4510,69.3046771375773,6.243723552589313,24.157545539503666,1418.2168930160028,10.364516887164084,0
4511,58.13006611694256,1.4133821520740608,26.046880043635237,1360.1362253486657,12.131230519416622,0
4512,80.57814180820796,3.4702979994581096,28.588439790375354,1260.429250934818,7.662558176863348,0
4513,64.10887867218872,6.468889616430444,25.28147284284962,1373.0409035791517,10.570973886398333,0
4514,60.64403701237574,4.625516692671621,27.474913646274118,1177.3739962170623,6.941969951170422,0
4515,68.22082124195602,5.3113134423331125,29.18037011622242,1636.612516301653,10.872715186822237,0
4516,60.87189080703487,2.9798215068268483,32.01131172332189,1578.9047210323752,9.784991559083899,0
4517,65.82569618010568,7.771800493553155,34.74628650926455,1612.1058569741026,13.873359524571526,1
4518,73.44053921563466,6.785794465576515,27.68107814310946,1309.1191898849715,6.907994911560646,0
4519,73.48341739246126,4.6989721724370055,36.67552308634312,1260.9858872969887,12.74121676298021,0
4520,61.021699335743705,4.392956214705011,34.693055393127466,1510.702854862712,6.592337329667563,0
4521,65.12294627051256,6.54440654212954,32.52046915971971,1512.820512990045,7.345579451186992,0
4522,80.74333004770244,7.973705675253392,30.768245646483095,1470.546034497411,6.6458108830556695,1
4523,74.96400117733941,6.43064038371703,31.595604209342707,1442.1033461624302,10.500705216902109,0
4524,90.75065039348542,8.257704001094904,35.93525575333191,1842.1551555388774,7.652602378492533,1
4525,81.80128173741528,3.616473006407123,36.11789829879637,1585.2050023585957,7.3033369894389235,0
4526,81.44293068559939,3.770919754251814,36.674733641918216,1894.1356782932983,10.40553520324676,1
4527,56.12131449544198,3.2165883229199768,30.206634159385015,1753.7930050863265,10.903550771749382,0
4528,77.63860351633423,5.662640974474219,32.77483582499306,1840.6541852034688,10.079698608300651,1
4529,69.4689319830309,5.2634053247065555,36.71773253311026,1285.1074467287997,9.675561701956894,0
4530,64.4901819646175,4.772073314792022,26.881419825418035,1618.6341981996059,13.657819264874357,1
4531,71.68015340532529,6.213887942184948,28.40791573140848,1413.6469022013255,10.29167253248394,0
4532,79.45211534611484,6.848492907821996,30.08018331506739,1167.3226577280934,11.611382947844499,0
4533,75.00831591004211,2.711506386069737,34.49799368989703,1799.2006339111051,10.285844251379917,0
4534,61.2152619865794,4.104541958148327,34.57586075359311,1441.2614948588741,7.804247423490631,0
4535,77.4245891359262,6.23021539118459,28.845679444010322,1288.979673946663,11.099775363804033,0
4536,63.62412457924036,4.298391974212127,22.45695272810145,1417.0872273502614,8.688405377060416,0
4537,72.16683118964286,3.802690885462769,31.230919721479836,1340.755175445236,9.818027723921528,0
4538,66.96649932522865,6.527806141475592,25.408419313357996,1361.2604064766665,10.610805363786852,0
4539,67.81133748264374,3.06574989541403,22.550318976798888,1455.67932196347,6.117163866226714,0
4540,77.6624297504051,4.547630288313343,23.68064219633142,1846.1630386089487,6.780995752216542,1
4541,59.598062801841024,5.492966038707213,31.631905039227803,1366.7365566910748,11.818918344995126,0
4542,89.45195074276933,4.139270129134822,36.80518680466403,1831.8541328438382,8.672507106802112,1
4543,51.78913930705504,6.174733484019763,30.19447258118122,1669.7673591959042,8.767356021782279,0
4544,64.02332316745142,4.146684537203947,31.056903273229825,1579.2543127172173,10.33287679474164,0
4545,73.70211889941741,7.112929240168879,35.914474694389625,1649.624006450375,9.22865480575626,1
4546,75.8431416643531,4.811380553756341,22.277725454582228,1502.7311327674915,10.83517676328558,0
4547,68.99524279428294,6.006905205058031,32.60088210800136,1757.2100207726853,9.897756422533911,0
4548,69.42609296998458,6.119035929474224,29.942051078405893,1613.3960526534202,10.397205900360897,0
4549,74.10550085327617,4.058689995883891,32.830287294160335,1167.0668029948974,8.596283219515495,0
4550,67.6893052254232,1.9197701770161668,27.58258045798092,1559.250386377993,10.387189646561856,0
4551,83.93181257934906,5.541133631995752,25.910313547867588,1656.794628598523,12.210178173670888,0
4552,78.39349114231602,5.1084325206873045,30.702544521428027,1442.1997562797565,8.864503567771603,0
4553,78.72824351005634,5.833739041362691,38.24595661667231,1525.2511745427864,11.830636600544302,1
4554,60.33843276629583,4.660208791425743,34.304550522707316,1377.4284010651186,9.896879363354701,0
4555,69.20611575594297,4.354358451798927,27.461536149099544,1224.474868787288,11.468963311955875,0
4556,66.99534051279296,8.01270951647255,23.295139820093603,1189.924625813752,10.257542636706221,1
4557,59.94398624310534,2.7914689077338335,21.589663581511072,1192.5864025862272,9.933178159804147,0
4558,73.60164183945767,6.100925717546358,36.58049725925241,1633.8089484941065,10.699459364152732,0
4559,64.62354242220184,4.138097212724913,25.224588559320864,1001.9436583247343,12.427195124604498,0
4560,76.55403829850238,4.496332073389367,28.37243293502532,1366.7040146073039,10.47219458843015,0
4561,59.29808437105668,4.524345751139052,36.606055630387885,1346.8693429509244,10.957061661816795,0
4562,87.1904061284182,3.7948485887431143,21.93049272260504,1443.5680928025072,9.263030172846598,1
4563,61.03667341407938,5.856836315354359,37.461322547375296,1128.7136900127593,13.141772947990052,1
4564,72.19302337200436,7.085965393924936,28.73179773053749,1580.7776189481237,11.280674221859343,1
4565,77.91859310388068,5.705020491869992,24.257083423806307,1245.3677211680201,10.155416920050012,0
4566,64.29359569799887,5.155072994318143,28.763245364255432,1726.4811081418538,9.75469265549065,0
4567,78.52468643432951,3.52033925135113,26.38701609299261,1375.6468624822335,11.955816538546221,0
4568,57.70816402199584,5.775237898736677,32.20409899452858,1480.877395317616,8.787591845909482,0
4569,84.5211769918256,8.234524447593948,26.759337830561112,1500.7547713110412,6.434249967457334,1
4570,70.14149264965758,4.428958064307361,20.441788945404785,1548.8482105721143,10.144799198848911,0
4571,64.0358859203112,4.4360246309722005,28.897187327955052,1507.4028754992285,12.380009146228687,0
4572,67.00818227572566,4.158366303528504,23.217274738567305,1414.5778902534737,13.182617622369348,1
4573,78.08919269392719,4.2658786482583695,31.021599419941598,1568.6097061388086,9.78541211313224,0
4574,64.15544708149562,0.8820506694914236,24.06434833858338,1593.2294260989909,10.087175327883566,0
4575,62.50642310577223,5.607553078783569,27.55993598413957,1346.973066578076,11.03906086503191,0
4576,67.78463402416261,3.7316717354680793,30.91293902107168,1585.2735637947114,9.47130116227247,0
4577,58.23037887230032,2.5846053218122997,28.937706374828654,1738.3440604803393,11.032811896782297,0
4578,88.20543907941816,6.129784924598823,31.252151415005223,1641.1788392209105,9.829196497863464,1
4579,64.33605408785277,3.3769733224370957,33.40143582858878,1686.4750483294374,12.022736514380359,0
4580,78.31616786180403,4.491996419174363,24.210331501343468,1534.3841697814892,11.445961026195647,0
4581,72.09470083647773,7.19966358678287,29.67801229687646,1312.7699107850242,11.620455664604865,1
4582,60.15465949518032,2.88617630296323,13.352481012459354,1338.071108059271,9.589364710395824,0
4583,69.94045290787271,2.701102648103357,31.23666650841262,1563.9775935708824,13.851854641004522,1
4584,77.84002779310748,5.403959284343507,28.495929348125788,1688.5527450304621,10.967823884758944,0
4585,68.11738664913693,6.724231046015553,25.082751182610146,2057.182382798811,10.494588106973662,1
4586,81.93112945851028,2.6384874234020557,31.57859711148262,1696.3643888877207,8.478114038866057,0
4587,80.21515392781863,5.611534605255765,35.86348788592534,1265.9128485004996,9.805856359702892,0
4588,79.1891485465833,5.871499309942538,27.619911262005285,1346.5454855280036,10.228759521405271,0
4589,65.40343227727003,1.9112592744615196,25.2759275487914,1955.7034631911997,8.4246454071514,1
4590,59.20157552218513,6.1977520068608305,30.825126312193557,1457.1222136046442,9.415365708461824,0
4591,63.864123946372054,6.31490881976327,23.321966666768198,1509.5029269522577,9.66839996379398,0
4592,71.9624094066672,4.5323216401159625,26.698093147322304,1307.9166159181543,10.111841321846436,0
4593,75.45786713532355,6.8785195434470126,36.11201080825251,1813.0206811148487,6.474586019916792,1
4594,48.28428595239552,6.704683361487268,30.31089614906144,1600.066641464125,9.72945891859147,0
4595,69.91886798388249,5.154676888575807,20.60266518026917,1345.0797304229377,9.245307633840136,0
4596,71.58089225323184,4.3228319145126,21.015041763602994,1301.2349422285458,9.9582317007502,0
4597,67.22455743684448,3.5407581611255643,30.810428463233876,1561.4407891795745,12.070553132360512,0
4598,82.9127383901588,4.943654735950713,34.31195287958844,1508.8412349760904,14.104790984242412,1
4599,74.21780074250871,5.854638379556269,21.91189270686925,1666.4220434442254,11.356754399289255,0
4600,83.10191908080897,4.5137347084390385,32.24856303748254,1609.39369462544,7.531155655867328,0
4601,67.84039479649768,1.7037484921069552,36.65171753744859,1447.1039302462755,9.309186096334932,0
4602,79.37477492506925,6.903070841864856,39.43929493979319,1391.2396809077268,11.191926617662183,1
4603,86.35066394527519,5.28533483276734,31.65611379929938,1468.0115703402332,10.966580992858047,1
4604,83.11693449272661,4.430563254984749,32.53401297276237,1389.8638306686476,11.97465147090615,0
4605,59.07858406571267,6.285737582634932,19.334077861859278,1473.9608934390476,9.805298011418808,0
4606,67.46323922457618,7.286957894724134,40.498762739979945,1503.2881857238763,9.272999511268988,1
4607,66.54835294550203,0.7971326457681629,27.122548934519394,1320.4138213239885,13.504848007832077,1
4608,74.89254535076327,5.651395474883107,25.332644207874793,1626.135972419576,10.117341206739274,0
4609,76.86353555014533,2.860026183784479,28.72396932780188,1425.914457106066,7.9666512479577705,0
4610,61.61107325974264,5.748665760198412,37.558367070927154,1331.6231299429314,12.950267314065842,0
4611,70.67838513916938,5.1918908035618685,41.040230237717736,1429.6785143436264,7.007809017211111,1
4612,49.800726678438636,5.953589789660825,30.62704339737922,1548.4516313240572,3.009909555022789,0
4613,84.4194500580189,4.251128578258017,34.99042086301827,1516.6076399626606,11.538773516075148,0
4614,64.87625759323306,2.190139832271272,30.21602024342752,1584.4236229808923,11.821401942049263,0
4615,70.55863939844497,4.324447713114997,24.81102263490908,1679.669225015106,10.828025883889381,0
4616,66.90350286011939,5.610271452709675,37.383718353941454,1760.9880408016065,7.3950878320159,0
4617,81.46027575013414,6.523088493012835,26.889362598218057,1557.0972325376106,9.882260289515358,0
4618,41.62493558602621,3.2422530492912123,37.677653866859416,1286.1195225529007,9.443662852892258,0
4619,69.83389657674091,6.540590640309526,36.49270664884542,1446.17783949394,8.92542197821522,0
4620,68.94181242502302,4.028191565530218,33.07018131978604,1299.1363231233984,12.82413886161856,0
4621,65.46363612408317,5.5436748223917895,39.14487378127177,1839.3708147424563,7.906667882736622,1
4622,87.26226545635632,4.235159070701551,41.16173016592869,1897.4801765054326,10.6322089062128,1
4623,61.12670541144229,5.273255941568152,29.123783185178443,1630.0622394992686,12.38809396732515,0
4624,77.71796177235662,6.337816451855412,25.956029407917843,1671.691768527806,10.762883050638075,0
4625,73.56252788706084,3.1594788840671963,20.67865081371764,1550.1886386473318,12.482236744990747,0
4626,82.61519252535516,3.9801411548797527,41.22341127715128,1573.2111830921583,11.127429444857858,1
4627,63.32810915222495,5.27744388101313,27.801589955407753,1180.5091563341755,10.858699340984058,0
4628,62.67031100876241,8.602375491545528,35.6751842855087,1485.213526948618,10.733669737664295,1
4629,80.96069907477398,3.7052154317497576,26.293723162452583,1323.769387530748,11.2268865333003,0
4630,74.2532130833011,8.060200828995377,37.69132820456018,1556.271307507674,9.22892180517548,1
4631,54.55062653323242,8.006634955512755,26.499412040922934,1488.0780309222932,7.396252296254427,1
4632,64.60694985536729,4.854033273947613,24.041404331913284,1889.3643924692228,11.908086822926618,1
4633,73.86382653848061,4.55277121070015,28.95746784523125,1683.3255377445682,12.323484601011533,0
4634,78.3776422154659,3.961902202002962,27.341121495191814,1556.9023965043289,10.503957621812088,0
4635,63.207693468070445,4.897696204500996,32.98149892730606,1446.6120625720748,8.903248760731259,0
4636,40.85744010183059,2.889920851160663,29.743025364037383,1835.204291751986,6.8845657669407245,1
4637,75.23223185737034,4.885641474019104,33.13851197275961,1494.009070774694,10.171614199846776,0
4638,57.796793100560244,7.2453204107762845,28.54489263457353,1566.3347923270555,7.302099310564057,1
4639,49.82661201877589,4.083372406284924,26.674463144905975,1508.449920885367,7.022024994724148,0
4640,41.676740750158594,4.6389135440164235,27.08219726051963,1419.1692188585355,9.958536943968614,0
4641,78.1398086019774,2.4482892885991374,40.22469399015513,1507.301244477104,8.47246099762397,1
4642,71.28617450404967,5.561093132196565,31.125854661134678,1107.6066298643368,10.690619112329541,0
4643,67.74343619287748,5.396722527427061,20.081188952734777,1190.4587197517626,9.681408794876251,0
4644,83.89024362962762,5.095553539648656,27.398954932729595,1569.9261083339254,8.78673086755478,0
4645,76.37324683023073,4.674759424666785,30.48433016237938,1813.6399381054973,6.590169838542069,1
4646,86.16300042721917,4.560863121841318,39.226998406251894,1569.6442208288338,8.294223748339284,1
4647,56.072645278330036,5.752850350551008,35.1434935794495,1355.9262290206693,8.367727019897819,0
4648,69.65449376046037,4.956775097617065,25.391410817590426,1211.4292491865328,7.549384652970076,0
4649,53.83286625051986,5.472457807332998,42.09177876786225,1656.9054520951277,9.34191140951523,1
4650,67.70617668144533,5.322474226181822,29.844198175992613,1386.5609697969799,7.705496017650697,0
4651,67.51384146233323,6.685140930643643,36.231649055374724,1628.647083710512,9.67251450541757,0
4652,76.26613637263071,6.0154911460625815,24.224957513000486,1577.9730316131433,10.480822427337312,0
4653,70.45563881141898,5.289292764725286,18.00918452374551,1595.6600784509378,8.347660091221645,0
4654,76.23407138279916,7.27763304597827,22.957842548158197,1506.7203414707112,10.85081725883717,1
4655,77.03440133138895,5.630402793584842,13.748332619021472,1576.7288769939282,7.277284257504593,0
4656,91.54928677383143,6.957444033185628,40.560446636264544,1476.109119748733,7.775645203207419,1
4657,66.84703344713876,5.910413912579957,31.07266459443208,1372.9386931263593,9.773565404750462,0
4658,60.58977299333621,2.2371213816026856,25.376779907759843,1307.3001878967898,11.374082183777277,0
4659,72.46083615316408,6.957252144978995,32.2631201499006,1022.9982404058043,11.734799082978533,0
4660,61.97719972860457,5.202764362014004,30.946670180900828,1463.778087519098,13.224781244315118,1
4661,84.81960768436537,4.922067843648833,33.10466697806996,1803.8756365903905,9.24682225036498,1
4662,67.16781961054767,5.422022521234366,36.047657005681344,1646.0160185075194,9.74499736264339,0
4663,64.3442363212601,4.482525257064399,28.550394234874922,1545.5418236951916,7.934648941964026,0
4664,65.28684278848883,5.340543290583418,25.600803469495066,1353.19900114217,7.492467336017954,0
4665,77.18417423471641,4.112185900485361,34.138876071859585,1699.4678451518155,10.457144172655049,0
4666,68.42253016768515,6.911408388101555,34.01166388942233,1476.138137639395,8.448257001107514,0
4667,63.58333179869618,4.8296178295684244,30.503679040606723,1814.9868627578117,12.46475840003458,1
4668,86.6535191762353,4.426124235916349,40.887770943403865,1303.7825473410637,7.075228536265218,1
4669,61.4383015933825,3.612611276421089,27.810889385691738,1350.0060944054687,10.972706411649392,0
4670,70.35566074032994,5.403163683722962,25.50071014182366,1330.5460111560744,7.988521522365941,0
4671,76.5230615161023,5.280660650187638,32.09045713753301,1203.5763259131973,8.359103066455832,0
4672,53.686648895829265,5.58263692051626,26.62531071543251,1312.5910629616474,11.078224130504061,0
4673,74.80260501405925,3.4591221687423066,32.477582620724476,1520.6432519531836,8.648239127784183,0
4674,59.4489232451955,2.5982282017826406,25.8349587208028,1357.5597950298745,8.9684318649602,0
4675,78.22782780834002,5.9383869537598395,27.998788585340574,728.7249341518806,8.375683272896863,0
4676,60.37348988081024,7.226962792814762,39.45420210019583,1714.8546594840243,13.570059583226882,1
4677,76.9276903184886,3.460469566415156,27.972063216261606,1163.181254130519,8.765027377839981,0
4678,81.05833066294713,7.384161925342548,26.00574227991352,1617.8456569773275,10.103104434865527,1
4679,78.61436525632806,5.425866588104571,35.8533939435325,1506.2429179339128,9.596172799437852,0
4680,72.51316648238102,4.989405643173756,24.74479024856653,1923.4745632840686,10.442834123448522,1
4681,67.686990570703,4.403676955181333,26.53528384926466,1699.391496304524,8.770526106068129,0
4682,64.23580423665156,2.923222970862505,32.88280560254497,1399.0790809030052,9.5983655309167,0
4683,84.71034690817103,6.4815927738868995,34.69205711936646,1359.5872875289376,10.78790401798787,0
4684,63.00504779832357,3.836590457843595,36.10238195540537,1800.545536159857,8.273985723994016,1
4685,59.62933926430004,3.8302899863935993,26.263890838897577,1204.8257805797177,12.178642713256309,0
4686,76.6536893503283,6.487889464830432,32.9800433649306,1538.1759871837417,12.370961038083266,0
4687,62.03863196813505,2.17552482999241,27.6694590022791,1473.7759073500656,11.212985252317479,0
4688,60.499365025338726,2.71460328399775,26.97172183244684,1431.354786259065,10.139752767192967,0
4689,55.56395737830235,4.972798634737877,36.01606391146143,1570.702796889685,4.018797103590928,0
4690,65.17090160539482,5.439926643507278,27.25222802070207,1537.911972101735,10.848582265308925,0
4691,69.17284976103507,5.7271019719533856,31.3910229801049,1591.480148558349,9.21733918954227,0
4692,72.43091727660699,4.547302259905621,30.777897346153193,1527.7951304726569,9.50745117716492,0
4693,79.51306244299484,8.795554502962535,24.646228118307487,1583.5362810034496,6.2052453389543665,1
4694,75.26897923665794,4.658161161851249,34.830464276781605,1518.6730385863189,10.987176971748385,0
4695,68.0912778044682,4.653820771845917,32.80140446839477,1368.1146225567372,7.102837906346091,0
4696,68.0180432362028,3.8045199967791836,20.068546940647895,1500.8002520473192,10.236849091982789,0
4697,75.10157468915183,5.185860224781607,31.387105556186714,1357.122688059196,11.809314963819682,0
4698,82.7257016292857,5.922441848070162,26.135132829166896,1343.92467905383,9.061343637364896,0
4699,71.263141994832,6.80536708180019,35.48537653206314,1432.7699994564496,12.43210345045688,0
4700,65.3086914578959,2.766073603339673,22.773000816096207,1476.1153678528315,8.506019243585639,0
4701,60.07133998914455,4.631006992466449,28.21761515685228,1507.0450612695622,11.200866153462004,0
4702,55.547947355877746,5.6700554162137164,31.810122754942327,1683.275765472666,7.3904284970829455,0
4703,76.66269672043524,5.880586301891803,30.271701470709377,1400.3071834918314,12.062260869361047,0
4704,75.77978523639557,5.0098229867068085,33.81479128356986,1539.370385294964,11.75198076515858,0
4705,75.77363525106662,5.813635954298153,22.407890069953552,1523.6055427887638,10.93671584592746,0
4706,68.71340553647944,3.786554160611299,38.25957168433689,1378.274342506787,9.213431726772377,1
4707,84.0693474589175,7.3368581484775355,32.625723293941356,1514.748157241309,7.195998753143776,1
4708,65.15881505415183,6.488942154469145,36.79859106500448,1700.5442830354627,9.218719369561086,0
4709,79.55269237207206,2.9826083194022415,34.37120084616621,1537.30124337668,12.220614351496245,0
4710,69.61257105010456,3.3873454278248665,29.941949427724783,1545.3167858054617,10.25992374313823,0
4711,63.91649235320662,3.4296173748396406,23.579008945444198,1358.9343338114666,6.8939261409751005,0
4712,75.92530307317762,6.016954956344793,27.182234093756495,1893.7717702409752,7.750544721160118,1
4713,74.09636118683994,3.0729083503737993,37.94781666431289,1370.3287259354997,12.50630280170456,0
4714,73.56972759266927,4.503463498687879,36.92718890828191,1166.4433078905045,10.975825504255772,0
4715,70.812784220562,5.682056594625162,26.90200009948155,1672.0368240436153,7.531999758520144,0
4716,69.62106918283169,4.900751098180348,15.908478568989107,1477.0365920703148,6.468337007650813,0
4717,93.88371992870438,5.388331273569059,28.936551328474405,1439.391635810585,8.749915730799867,1
4718,81.84256645196173,3.4012959329768626,28.561485559354416,1390.8892439176946,6.297282584020161,0
4719,77.22826894985512,5.892281560095867,28.751136939798084,1874.3429248631676,9.688331019985998,1
4720,71.11799158203388,4.080182161286006,32.64269600915701,1570.9180557209365,14.903250743672608,1
4721,80.07157200596669,4.513070488403088,34.38106289660831,1609.9502443290169,6.806087848601656,0
4722,75.17994776391451,5.356597591858979,34.95149773549762,1532.5231247164534,9.62794867358757,0
4723,70.26204752774035,5.154617332296272,32.22854570067683,1554.0099226890393,12.623853150662502,0
4724,66.96435674734084,5.03597002852339,20.99614649038682,1779.7249221118827,11.49817571660019,0
4725,69.19082662337311,3.8740597670348667,28.294001336533523,1449.829067754461,9.702518570401724,0
4726,38.29574264121945,4.550675883201212,41.52044891774595,1208.612490895854,9.707302659663606,1
4727,72.10600839297642,5.003275386255554,31.871083674012393,1673.6109308455555,7.688180435150842,0
4728,65.1152391988964,2.937372150249373,31.839097842219324,1599.3403224484784,9.464688459988894,0
4729,85.92669998282884,4.3062005505299314,31.79742969886929,1521.5959625770085,10.48688142848026,1
4730,70.19344070811755,5.581519818549269,32.076898112529946,1594.1506483095573,12.21022708654818,0
4731,58.110365804650385,3.083845094231986,18.084439094570385,1425.8511559411652,8.759648752970488,0
4732,69.50119845871882,6.7348724773913595,28.802378415444657,1504.1385165708518,9.620329743873075,0
4733,59.538789149374956,6.904419893899764,29.810535841026553,1473.659949228018,8.101573038486634,0
4734,74.73407415712467,3.1322741360598716,36.407476996267064,1381.7023485858167,10.45065035908101,0
4735,72.90947364339485,7.036429449575209,30.23836447311148,1737.8345566210005,11.567558900617927,1
4736,79.57839631108267,4.7846276169317985,21.767443066990296,1217.54827451644,11.25929602685979,0
4737,62.09118208305435,5.627771838735582,32.15044578085876,1972.1764343625932,7.659625849115289,1
4738,70.34008096228146,4.25502342180763,25.980876758786273,1675.472441841295,10.29372641891283,0
4739,56.34978204573365,6.384567240840143,23.91607179459291,1144.4048930595297,8.645374943499624,0
4740,77.01494781924714,5.609141028273001,25.829204766417096,1455.1667341018142,12.022100031305666,0
4741,75.18871180440122,3.778770115103595,32.71252114832258,1466.2908168192885,9.677374554452925,0
4742,74.9580502102757,3.2521970000520675,36.29380619880034,1578.3773257884225,6.960973323517831,0
4743,70.01619031356941,2.809546347186166,32.414649725887934,1302.124345852056,9.560394588784533,0
4744,74.14772890788791,5.281912664649135,33.16011611808511,1506.4050686736434,10.916945138397763,0
4745,86.04339108308596,5.858707117669604,32.36522636419001,1475.7761203754706,10.488012126285598,1
4746,67.14905742957986,5.976448518169162,30.50663588430234,1352.4763274853121,8.97640797269604,0
4747,71.38645183710085,4.8230283580889335,33.484653174813786,1324.6495537057535,8.829453220257708,0
4748,59.1387370081859,3.2645053165034543,17.906122664652898,1683.7609293404714,8.024991203567367,0
4749,61.317390384016676,3.9768878029643258,30.555441756524164,1160.6834919914813,9.210500759329388,0
4750,70.97813293093307,6.7285229584428885,24.775374826888743,1595.5757872192103,8.288642066948395,0
4751,81.03933546701907,4.273057153099878,35.8145128627207,1659.5020613756249,11.94017197235463,0
4752,67.43719175748427,5.215126446022214,29.2642234739157,1456.2883323323167,8.197725218536767,0
4753,67.64083470687876,3.3865242746376687,30.15474044133915,1510.4745679449993,10.244568924724403,0
4754,65.93114755495625,5.504874568188552,22.47464062873098,1732.6989999394764,10.108607806652666,0
4755,64.65243329155678,4.313473157481384,35.08415444506426,1359.0296978551887,11.891334895769823,0
4756,72.94971455708821,6.570069070663646,33.136640601369045,1379.6695142221752,12.178736577916741,0
4757,55.027423548213555,6.16033655931022,32.78473941170252,1400.9032637801383,11.391939886562657,0
4758,82.80939576666728,4.25644108013765,25.934885739155888,1733.0651198446562,10.70585668658026,0
4759,63.34577701870539,4.810003958978505,26.13180077530935,1758.4587493769416,7.902707707811884,0
4760,77.21903485438142,4.173325639939057,31.117997272229527,1220.8219531072762,7.862259824523485,0
4761,57.30001402606124,2.870850205182485,26.527507948759744,1701.2481494623273,8.308618360470103,0
4762,76.68840130546218,3.713836355679175,32.17446481338669,1663.781661269457,11.50384199925583,0
4763,76.71944607814497,5.29732599158123,19.195436986166392,1810.7189620899655,10.146659856501271,1
4764,73.84202072005897,5.487889247344373,27.562277217967036,1577.0216064252759,11.737314481471126,0
4765,60.05571478200208,5.2228218553889585,38.983767327132455,1491.1479759442846,12.005605468640166,1
4766,72.49548189598077,4.547400419062046,32.19742913997882,1729.043337314332,8.548096199401504,0
4767,58.16943815265611,6.399599908581478,30.833968322654965,1639.780758300353,10.064148655114375,0
4768,67.47236744903815,5.095312856841406,39.92613267835678,1948.9796828297453,9.97401264263282,1
4769,80.29413100955325,6.05488074214392,18.32023190599282,1691.7415689923655,9.34442462075157,0
4770,77.96701927070742,2.3393373016962222,25.92344442605946,1530.709595284783,8.930314290950577,0
4771,70.15182942540433,-0.8836003774275136,27.994134141263054,1265.1791239247657,12.369511006822114,0
4772,60.25193424077158,5.4256820417571205,34.29175616502695,1383.8165645611764,10.103943453431002,0
4773,76.45587712174193,2.8628515194177657,34.37828181614118,1212.8090043943967,10.026289577119536,0
4774,70.19381237698025,4.681322445930416,25.66996645508687,1456.9875927878275,8.394444650262809,0
4775,46.79684401769577,4.546854438463091,34.98977161071275,1685.2135186465691,11.350424860827008,0
4776,77.82629826316519,7.381100903623306,27.983426163391464,1499.265782303897,7.9897849983239695,1
4777,69.75767166130308,5.59999482941541,36.058198128245834,1704.3450537520146,10.909811057689364,0
4778,82.02451247983072,5.248788540198009,24.83678650938971,1567.5147466878027,10.964458720110324,0
4779,59.04729481157195,6.25548673195051,29.3834420046692,1419.381542049198,9.174969901352863,0
4780,38.23296186803999,5.552746380258558,27.5491634231172,1517.5250310339927,10.63530416236636,0
4781,72.79083858345186,4.31348451051735,35.28015185782857,1594.4193382110193,10.371339118088974,0
4782,72.91563676681973,6.60721389538184,27.386093917169145,1527.8446796927233,9.9212787503797,0
4783,53.093283723935485,3.3353748081675887,29.78775735494122,1530.1368457703827,10.025887960290465,0
4784,60.21500454133394,5.4848707813003434,32.53405698831524,1346.1899784826587,10.123563646387042,0
4785,97.55217743719902,2.6786453087955335,32.7262924151306,1413.4047469515567,10.259823345344095,1
4786,66.94389385846196,5.305915786273992,34.434763037365855,1951.6921592309288,10.120484062687414,1
4787,77.30958976376216,5.289484462659394,31.055623884223333,1745.6932980847084,7.7922716195757165,0
4788,63.493401726316165,7.514682442871994,27.908755423600844,1205.231820638057,9.69557809798879,1
4789,49.09697101146843,2.652539159837331,28.251506273206246,1026.6062084987277,10.529897202393744,0
4790,68.29741753204094,4.098669236219282,30.12836157603806,1515.2384842897445,10.194577457078584,0
4791,67.34395439713894,6.234023639861215,31.247962380371916,1678.694578885198,11.907500518790277,0
4792,66.00121761331629,5.502975884595962,29.26414176075782,1396.0116325155586,11.240173178998909,0
4793,68.85359164493607,5.270457577006255,30.096017104827737,1704.3317456395876,8.259180929893729,0
4794,72.64268271645636,3.5657964455621913,22.413730697139474,1511.930913001417,9.66674578389121,0
4795,68.49883048746193,4.113772477862856,33.33677642227339,1467.387744054605,9.377326693105624,0
4796,57.35993832052636,6.867561512334885,30.905561444447148,1651.2230352350364,9.991303026745632,0
4797,74.86184791561939,4.922736209369108,35.00935206770544,1393.624841419546,9.9940372003226,0
4798,50.50628244677577,5.56303954421671,30.000802537035426,1442.6587356392693,11.223043338479698,0
4799,49.496425427158,4.827217506835281,21.308012107391068,1634.0334524260925,10.354656726282288,0
4800,77.39180494701569,3.225371727125352,28.207769053466624,1493.720812586795,12.4610900104171,0
4801,75.07020272135357,6.400715639112494,29.000350384407916,1881.7552546755471,10.48200627532472,1
4802,69.42604634925964,5.754848576798745,33.714516527167994,1638.7650825712037,8.338818959325447,0
4803,56.04551495244928,8.458455256050783,19.648632277433023,1625.7627656665522,9.06543875966356,1
4804,62.920890593259244,3.4766279305241823,30.205897584744676,1490.0990707869864,11.207578141463516,0
4805,67.37253252313496,6.233859381800721,32.56837607896653,1674.9509353419212,6.77166347098863,0
4806,54.041060314258864,3.032684050944498,26.692560573592402,1435.4784454396708,7.30823917047991,0
4807,62.60971341976767,5.236019851509616,30.37314004908424,1556.475550239903,10.02139441425046,0
4808,76.5233033817668,6.464759883594747,26.864817454250776,1316.741390599088,11.901844237042331,0
4809,84.27305364289217,1.8917973258552694,26.352135333898048,1707.8882784461184,12.614070863909756,0
4810,65.8056524734145,4.692601288637588,27.957900749343416,1558.1209394523585,9.565788505956457,0
4811,77.56488354316099,4.155185398936069,26.446540037664946,1896.5026127395754,12.121657373971768,1
4812,50.859399294125325,3.9470640525573173,33.41809155968166,1978.4596767339517,10.144535819537795,1
4813,76.59451241113612,5.577818978389031,26.325240615823112,1652.6638902866296,6.937170035513539,0
4814,61.96051585272519,6.6810285596338925,25.485449964760363,1513.6850622415807,9.983846927043261,0
4815,73.0734561670797,4.800081927156267,38.83964333419767,1310.7870975748863,8.762183750756897,1
4816,67.52247581760291,5.308229641340031,34.803700059120175,1680.9499606517647,11.836461760955482,0
4817,83.20414009783835,5.171463129588871,20.692433196704,1542.0569127790457,9.948649479291026,0
4818,61.25564351660082,5.002705259534621,26.176158550737334,1607.6069678308925,7.44417378688706,0
4819,76.27606297561832,3.3659860434318407,31.212314858613553,1845.9574774912487,7.000570378182882,1
4820,67.20492536703466,6.6626669025843395,31.618775336157466,1335.1153422673306,9.958040085171097,0
4821,68.41694521990337,5.442793052238254,22.547535671315533,1315.1391663037327,5.159565057080589,0
4822,68.1614610684079,5.592322235003866,35.79282746411161,1452.714812325864,8.963669420344198,0
4823,61.54326895505887,3.7902355564616266,34.12612209590813,1664.2402299503647,10.462060651485684,0
4824,69.85901034093328,4.311169403016139,32.409508160201696,1610.9734480428976,7.885966991889283,0
4825,69.37351777878179,4.735798703433833,36.7836424535606,1320.8622976608456,11.987974313810659,0
4826,72.41240248406729,2.6988129598267228,32.26144996285459,1651.3105801404965,12.382013099501384,0
4827,70.84505145692863,2.467948512203483,32.242904396259235,1259.7574362213475,7.966598094496097,0
4828,77.97994549612237,4.098878104042148,37.78839635911121,1332.4516651302285,9.403911651607027,0
4829,79.23508616047368,5.783781149663585,35.50609790363855,1476.9085365621622,11.989386302642943,0
4830,59.49376678172199,4.020293915105089,25.792462705442343,1389.313750804956,9.997384931489822,0
4831,78.68772500590771,3.47179220361393,33.16597589335958,1677.971897730187,7.211042843801961,0
4832,58.13663572890145,3.7779715201434945,26.67866067520709,1557.275696600219,9.713357862871295,0
4833,75.87855888137734,4.316986365282031,32.52077275475139,1853.112235525452,8.294143355408321,1
4834,76.1973878470287,4.469211555769844,32.38306753509907,1450.562926929117,12.21639579285177,0
4835,50.88683108337496,8.248282178309836,23.082663437720072,1475.5595697918513,11.211864188649178,1
4836,70.9297924652941,6.581930942730978,29.390771943444825,1742.0765218123527,9.372486109468744,0
4837,65.31503886639685,6.5371611684225925,31.32628511790201,1481.8158393752408,10.284296025060081,0
4838,62.41234742064625,6.7528705464100724,27.818549045029215,1798.8010495415092,7.383756846055027,0
4839,83.50852330699006,3.501768695998926,31.5735497119538,1608.1656420768984,8.492445082884776,0
4840,63.46320859362581,3.166453077519141,34.02948888500534,1029.4427060229282,13.106558375384985,1
4841,61.9362307088195,3.3396945626989147,29.84703467884622,1735.5140828298927,10.107029305159335,0
4842,70.75694940005093,7.001759200006757,31.122997383541296,1682.5453626239619,11.86017160958273,1
4843,76.85589746298416,4.179212316676264,36.91712039277988,1690.266521222109,10.464026176816057,0
4844,68.58351413989872,3.1229657266410698,32.36598291612613,1117.8043242909484,12.62856368605905,0
4845,81.66370545669253,4.353505699670281,31.00412144837237,1367.4020077457906,6.00232493480156,0
4846,75.30975661964091,4.642091702428059,25.209603101793196,1382.2590332886462,9.623564831961987,0
4847,48.2178868026857,5.402619910541843,33.35513005694425,1331.7757264879215,13.289563292432778,1
4848,64.70533036492992,5.376426531068065,31.650749746959693,1848.3845063787876,11.912346871121288,1
4849,64.38157900648301,3.7577291541897377,36.41869716850704,1497.6464324352733,12.650744517580382,0
4850,74.79360953429422,6.028484588770566,30.234392716516556,1492.6878114741658,9.986470812687019,0
4851,43.75182943625888,4.041209699374763,20.91866749933002,1610.4016620631558,8.925787169173233,0
4852,95.49009708717722,4.765585494942435,21.49939565585869,1613.8603335778764,7.945671080624143,1
4853,75.3102609489421,6.030161105755033,33.678403818798664,833.021457874834,7.806143816676979,0
4854,71.4887680391769,4.037267894083488,27.149032011509235,1370.7284925701274,11.614121124417037,0
4855,81.81567716419147,4.145972864628294,32.183838755552486,1217.4422844417447,11.026422100841703,0
4856,93.43654052812624,5.887502074539697,30.57116322251178,1580.0612186309638,9.866853101339279,1
4857,78.70746644588404,3.713400235092471,29.165801661530395,1442.2215171331904,11.01638130970336,0
4858,79.4881309647162,4.422811964593894,29.518193572058884,1503.0775129002536,10.284903518104121,0
4859,71.30690024464383,5.833613267064338,25.673052474773865,1084.2960502218955,11.924435402798967,0
4860,68.58474246633051,8.081138662153963,29.921111555501646,1438.0295550619003,11.90537350981634,1
4861,65.242045559951,5.90810675714412,27.077532836028006,1723.0260503665631,7.868251799030315,0
4862,61.73888008285458,5.7089596444850175,28.138717399371476,1781.8898966204335,10.54729197493958,0
4863,63.12985900300502,5.796202375509094,28.381754776454194,1643.77268390814,6.662266499611835,0
4864,56.494440356570166,3.390214588899426,28.866533650506405,1232.9069413103762,10.266041476181192,0
4865,69.24128549314976,5.173395108019862,34.61086728253543,1751.8803605984247,11.20860855940317,0
4866,53.153324227736135,4.9553502674953975,29.351045853976533,1644.8004510000032,7.372561310413678,0
4867,71.90916524143711,5.482376810559134,35.11851168295049,1476.5621931870924,9.167074529078336,0
4868,69.63669391957659,5.1747620787138064,37.68927475663241,1094.9927370980513,10.019052754439604,0
4869,71.46935298386688,5.569549516125669,34.27472325528075,1690.7189901325034,10.46782983274678,0
4870,64.77868429980008,4.532799207651197,32.672342675342556,1381.5667340033242,9.44279259355033,0
4871,100.76860370180503,5.087913376057689,31.634161047417603,1569.2331642109561,7.655423695190656,1
4872,83.60115900180313,3.158257150914512,34.326793545250354,1513.6787721273324,9.891985596161483,0
4873,57.55457499915277,4.520139082995629,30.4468036929812,1807.6789968876556,6.695512866118044,1
4874,72.32868087426898,7.086250322264965,34.922849229785996,1474.9266028004984,9.53471712663571,1
4875,63.91993857062676,5.4782125094423835,33.07052902644842,1496.9772819828104,9.117252772606141,0
4876,59.85520273292586,4.968618443925385,28.20079769609806,1815.7230780957261,9.731468653121158,1
4877,56.599279288760656,7.84418491438152,34.47925440051403,1368.3555512499622,8.881356045048634,1
4878,74.32216690759253,2.958747532548381,30.457400029887843,1662.8645702815554,6.9846383236876,0
4879,63.18619764930426,3.33581666683067,29.46933996193842,1460.276855424307,9.267313358820976,0
4880,79.67826024025204,7.569067116914409,27.619004198005065,1299.491607599014,11.861640250074638,1
4881,79.9378221453044,5.068941404073401,30.830094239372862,1500.2321973441744,12.52292160797761,0
4882,83.7391438521145,4.636125445565309,34.982313077064916,1638.3410227215975,14.878668557438534,1
4883,61.47613233925897,3.201193512356535,34.44470002796518,1770.7419679953023,13.383300816795328,1
4884,74.7536561069201,5.671544399592518,31.766968987294785,1794.9387970691364,7.606124146663792,0
4885,76.32454216642302,5.816689804291194,32.99821820362518,1441.0471851548934,9.183124797454681,0
4886,65.25821824896035,3.3582584587476556,36.35848395761279,1302.5501535935573,9.954428730324446,0
4887,62.28228042607125,4.789586621674357,29.250168544145694,1436.2522200845042,9.8288803315326,0
4888,86.09520665775973,4.496726251950401,24.42289998234897,1263.693849333969,10.139066659792451,1
4889,72.27495875732053,5.383965719628157,36.505649260892866,1456.522760116699,14.815182843095117,1
4890,76.35967750711738,3.321124636669034,27.35110873984641,1431.6669432760484,7.835896908415205,0
4891,61.77923988172073,6.877921181769736,26.548309383280476,1645.4980408313531,8.572937727571402,0
4892,57.80715533477806,6.373735672396407,21.019011223327244,1058.8129640171244,13.287651860178187,1
4893,64.30550225507889,4.455236661900775,32.85641526582148,1353.2784107826722,8.768037313830295,0
4894,68.75978612610002,4.675371932542443,21.892736877238892,1354.896339111617,10.787161300671432,0
4895,59.35779993182651,4.7953667745835755,26.248705961541315,1737.4254504816051,12.069314739736416,0
4896,69.90155191349616,3.832537170490245,32.941183972575296,1277.2311245197966,10.972998033464059,0
4897,53.114948119315,4.334855872647447,33.60960626204186,1545.3314719297987,10.383531266204985,0
4898,58.79952577530128,4.5945944484880865,26.741479258908832,1474.3743171160438,11.877221539387968,0
4899,76.70911248276875,7.419302556060693,29.32923336503797,1708.6085053672764,8.213862886990059,1
4900,76.03790520277894,6.4199274624956555,25.637027367969235,1619.1663729021095,9.007273741007998,0
4901,66.08123234613133,6.401982061004936,27.258016060944087,1524.248746364076,11.071275176930328,0
4902,59.82235690923047,5.554888419506586,31.331076300764536,1389.0666250823863,5.861121481571498,0
4903,59.72596448473989,3.324009486603148,27.491766606017713,1129.5314993780248,12.833167646689386,0
4904,66.26731754058686,4.937763343133931,28.778924799121654,1549.417131137481,10.606784750395562,0
4905,76.44518491645292,6.45573268942007,22.676466591912167,1606.0979597059745,10.3060635055623,0
4906,79.28245691344324,3.112603055949068,35.664780824030686,1185.0264775050694,6.738974244717886,0
4907,65.03468264518031,5.954829810309897,32.550332965855326,1253.2611671342902,7.426781749200524,0
4908,58.46507574015216,8.48391383789415,33.96452685918601,1550.4659946743352,9.202832671398276,1
4909,72.67843637866333,6.592724968984598,36.45212662308431,1567.828337241574,11.614859700591198,0
4910,61.764650293741504,7.1210437033429805,25.873935622271418,1301.870537981588,5.8467679756028295,1
4911,64.81747361138798,5.3275081256632415,28.20802758485988,1385.1870572863925,11.576729601554712,0
4912,83.25276090437038,6.4518979231474844,20.525828162088946,1132.7022322859148,9.279937351783266,0
4913,78.27115428565767,3.923220178468947,45.70211455051118,1775.4527807626469,9.553153054516697,1
4914,71.57974312251451,6.19379571851184,29.25207342341312,1240.0251185263096,10.507185883381613,0
4915,57.280809988872775,5.981582201091145,35.19363949957456,1608.4518782497103,10.538634475692824,0
4916,72.11396567470659,5.434866761056495,23.809194278322707,1493.007860769324,8.575142820126805,0
4917,80.62657290787527,6.974011129577748,34.981942128215046,1757.9187239249518,11.249820176937686,0
4918,66.24366334234465,4.191822743228917,39.28795438324833,1341.5491814450488,5.361203720207123,1
4919,83.51114089986714,4.719413725289506,29.698596254860092,1512.2505420680775,9.09916222686469,0
4920,82.92745289518207,5.143193062037445,24.945592517051992,1160.3146181525299,10.307363526353807,0
4921,86.63732832143474,3.4555835433658992,29.30601799527232,1112.2946326120493,9.31010136957105,1
4922,73.05243126531353,5.340397915700372,18.86619237521387,1619.2667167730947,6.346179392068036,0
4923,75.87391699806012,2.4216043805692298,29.81056649489079,1142.9948321860595,11.516054757520942,0
4924,84.1418728833109,6.5704318016423136,34.104835696564976,1454.3564931130938,7.503224375745896,0
4925,74.47393937068975,5.069956049848948,29.82121177813243,1702.2590895945839,9.864971984943422,0
4926,64.98765892209788,4.2186606441443555,28.579302226555164,1649.3369712189358,10.306069194135246,0
4927,65.51457163472139,3.7484395815573177,32.637840580560166,1367.0829024102813,10.039654307530734,0
4928,72.38554953773739,4.648131455571218,33.02012423474776,1182.2993727183655,12.33802185172763,0
4929,57.09438578053781,6.032389566158621,21.700472187474087,1601.8989723311058,9.893474880012626,0
4930,68.56741084635807,5.821608468106341,30.44411481139394,1768.4513565720363,10.85491080939388,0
4931,80.96547118230254,3.9416930790823086,42.17992562114622,1367.5523842668754,9.888191933697518,1
4932,48.08746148834719,3.7309404910585484,23.32491877175988,1339.3374283185767,11.225912168332549,0
4933,85.34482101794515,5.985348059479471,29.572905835834668,1395.0196074262003,12.786990594095046,1
4934,81.22374218703159,3.916478893077456,39.70873061025851,1614.3217421614231,10.275083658944387,1
4935,65.40235384169523,5.089864661119256,35.52087578271838,1745.7035212829826,11.563700715166,0
4936,75.43390827871809,5.185631963786416,27.433016596119693,1252.0786377238956,12.910657869764394,0
4937,70.03147726906326,5.4680931975901075,31.03067689811302,1200.3436381350693,12.714368493948543,0
4938,82.29990368438683,6.287405645272807,29.98944160007588,1967.9992643864896,9.229421192777579,1
4939,79.82683142769942,3.105555594699016,26.259640978391662,1464.5354424219922,12.072864711490334,0
4940,55.99929276816991,2.1332610121092683,29.62873946253459,1550.5785591380618,10.497542320094386,0
4941,75.87262413464177,4.148829078157473,28.600169335967355,1361.6138318764722,12.234459995467827,0
4942,67.94372146356753,7.702292611748279,30.56374469038375,1597.9924618905432,11.1372691671259,1
4943,70.828325705181,8.033261150131068,26.258084096544835,1692.0121749403045,10.551336152072377,1
4944,62.71828099030184,7.7467657033488315,23.616908998776694,1559.959234314586,10.867944160692709,1
4945,87.48137069120835,4.7105279483589655,29.793596133038147,1848.171615402887,10.510475912077862,1
4946,80.40061819902576,2.3268273770227568,38.5755910908939,1434.6510820117817,10.588666090273021,1
4947,62.60228836027033,1.4854413475222388,30.411014631313982,1447.4235053929247,9.682335278836183,0
4948,56.653893930897674,4.078942757675883,28.342031105342272,1546.2812702554832,9.496551318784965,0
4949,66.14327369022152,4.70288955477596,33.77042902519249,1592.9923291012194,13.526349858745338,1
4950,74.34502646091306,6.950938101583938,29.20840193702311,1545.589452412522,10.955055822222368,0
4951,72.40205843946222,6.301708189313668,39.34016462479555,1243.1169946089817,8.8533901555372,1
4952,82.53132824768244,5.341107618487431,29.98043745352461,1562.5030332391123,9.445165137140712,0
4953,77.89919722180852,3.6652328435882877,33.502485315790814,1425.1652830393125,12.112516906895902,0
4954,79.69569025752907,3.5588306626326647,26.226978088033636,1383.8045971850709,8.527626579822762,0
4955,73.26855400610437,5.381191530607153,32.51544626668331,1506.4964109506486,7.0359446363779785,0
4956,56.1070126978901,6.04557646825959,31.37546738471877,1307.695462534157,7.1831017187959105,0
4957,68.04301468853099,5.5878218933683765,29.71746937670396,1272.9217352253538,6.542048799590424,0
4958,80.60089739908665,3.448103060590018,27.491211194151397,976.9062079992301,7.402370283471084,0
4959,69.48477071475354,5.976001443188129,26.80984917173813,1849.4474657019782,7.638268120398379,1
4960,75.03090368623747,5.638866450652117,31.411763319898263,1611.1462638206006,12.770474759216278,0
4961,66.81251684753867,3.3940003907147327,33.14469554848237,1476.647175738739,9.907641574681463,0
4962,59.70188151458155,3.8235185445496165,29.36418601852934,1366.5553526226704,9.273472921726565,0
4963,68.76655935953889,6.03274396184235,31.43633964560396,924.7935435907166,7.113173873962852,0
4964,73.09047443032654,4.648238697281164,29.81042660933615,1354.2942247557032,9.71374720505732,0
4965,63.44312280538556,7.383720952454686,30.49263012452694,1643.1732674328152,6.525343874871615,1
4966,67.64288755143332,5.751693914096864,28.997775086613874,1688.4348607187737,9.26116565742727,0
4967,60.605367580140175,4.270053217716097,30.08986289684154,1628.4583987206604,14.12898877968735,1
4968,81.19244917564096,4.984691599413601,43.49020228408713,1531.6783911504938,11.32760715741273,1
4969,67.05544242411966,5.095075088956578,31.558171494037126,1760.7748291862758,9.580403679290939,0
4970,84.52755545126183,3.907414530137435,33.22648479215521,1434.292555582292,11.396247210812714,0
4971,85.28747850540908,3.63111770273356,32.190118026640484,1717.0377832268723,8.956913643744864,1
4972,69.18954035278256,6.052084840714249,28.685915883514703,1423.0835112559573,8.398644514241624,0
4973,59.915512674526504,6.267909945563144,36.46994606645834,1323.7717382244475,13.408259259065684,1
4974,49.14102122266662,5.905672204329438,28.544181147868294,1298.8574039154958,7.715450692159453,0
4975,55.279629269732084,7.272977141485702,35.27527274471276,1287.1007157654094,9.291757528645299,1
4976,56.2616517510134,4.187340145982597,28.328965009667755,1631.813605760497,10.612066564727021,0
4977,83.78469627461504,7.511406149106696,25.200137404279793,1351.4508857805843,8.127531588485104,1
4978,71.15824587226946,3.6486183221687707,31.826981041180964,1293.3942309930112,11.30120990726282,0
4979,73.89604524091988,3.4809716549472607,24.476658219489465,1642.747043932272,9.386810950715494,0
4980,47.795789910648736,2.360061676776125,32.67820112508305,1565.5940780944466,11.327820655133714,0
4981,58.020335707827385,4.331307029259774,24.029206719543417,1692.5183965691604,11.171968359501037,0
4982,78.87079776446286,4.24441649475582,28.404959847635734,1602.5199022545596,9.513975738748341,0
4983,72.86774112382587,5.788905920381976,22.841351517376292,1349.3776839605378,13.42131734518197,1
4984,68.52794721314403,5.365836412430676,44.12083504701364,1515.2204832937175,8.669328393133117,1
4985,75.64842358600123,3.2105399434712947,21.73020220191843,1525.0265981539355,12.697740941097475,0
4986,86.35797806135815,4.410910642361274,30.049068701982023,1316.1682683051995,12.349866485256081,1
4987,67.7895753646295,4.442806968368472,35.71652137165007,1279.0750051812015,13.54176441532088,1
4988,70.69369802658069,2.336026629557161,35.18192954293512,1363.8556781764592,10.348112078686041,0
4989,71.92596918731306,3.5285799094799457,34.25671061086569,1907.316471334416,8.42282857614402,1
4990,93.92109635273992,3.843779554078866,28.41385805889262,1417.4511811556902,14.153593170659093,1
4991,49.006437355809744,7.15043752973142,36.75544473168501,1746.5733582773428,9.330597064047272,1
4992,76.83223014788808,5.2871760739360285,34.566955454010916,1406.2678981040403,8.37291485458893,0
4993,68.85197751240936,5.993253130921249,31.061498088302383,1677.7677639079984,9.620426508190375,0
4994,75.6677172618418,2.752046754276182,31.20290378863296,1680.4983311115693,8.036618567685846,0
4995,63.42627446005275,6.791321724520987,28.480386761923135,1690.518101590409,11.052297650246691,0
4996,69.5103496914155,6.951653094536139,25.451739870834807,1577.5654684017918,8.788663236482975,0
4997,77.11410579465495,2.002482549283061,36.185754877393585,1775.4733157562302,9.425031660190255,0
4998,101.1291020104384,3.9420249141262276,36.56103996800766,1575.6707938705456,11.935557723329925,1
4999,78.08036189402071,5.743648359523266,25.579454294850393,1842.705945868056,11.247386420352383,1
5000,61.51934401969491,5.9665826803072735,29.23107417426904,1176.0160393623132,10.031169145139318,0
